city,date_case_closed,hotspot_level
21,29-04-2020 05:00,2
21,08-01-2020 21:00,2
5,30-03-2020 03:00,1
4,24-03-2020 16:00,1
5,01-02-2020 13:00,1
28,29-02-2020 16:00,2
13,30-03-2020 07:00,0
2,05-03-2020 18:00,1
8,22-01-2020 22:00,1
17,03-03-2020 12:00,0
10,12-03-2020 16:00,0
8,18-03-2020 13:00,1
14,02-07-2020 05:00,0
17,15-01-2020 02:00,0
5,17-03-2020 03:00,1
13,12-01-2020 19:00,0
14,14-03-2020 17:00,0
18,13-04-2020 05:00,0
13,14-04-2020 12:00,0
7,20-01-2020 00:00,1
12,20-07-2020 01:00,0
25,31-03-2020 18:00,2
24,09-02-2020 21:00,2
4,15-03-2020 20:00,1
25,20-03-2020 06:00,2
14,15-03-2020 14:00,0
28,02-05-2020 20:00,2
8,17-01-2020 09:00,1
18,23-03-2020 18:00,0
4,20-01-2020 05:00,1
5,26-01-2020 00:00,1
9,29-03-2020 21:00,1
5,04-03-2020 03:00,1
17,21-03-2020 12:00,0
13,20-01-2020 19:00,0
17,11-03-2020 17:00,0
14,18-01-2020 06:00,0
18,12-02-2020 02:00,0
8,23-01-2020 23:00,1
8,22-01-2020 20:00,1
1,14-01-2020 23:00,1
17,19-02-2020 16:00,0
2,09-02-2020 12:00,1
28,16-02-2020 04:00,2
2,08-11-2021 09:00,1
21,03-02-2020 13:00,2
14,13-03-2020 04:00,0
5,30-03-2020 20:00,1
17,27-02-2020 19:00,0
1,22-01-2020 14:00,1
5,06-04-2020 19:00,1
7,01-04-2020 04:00,1
7,20-05-2020 14:00,1
1,23-01-2020 23:00,1
10,06-02-2020 16:00,0
17,27-03-2020 23:00,0
26,04-02-2020 06:00,2
16,26-01-2020 16:00,0
20,03-04-2020 08:00,2
3,27-03-2020 08:00,1
21,02-04-2020 05:00,2
5,08-02-2020 18:00,1
13,22-03-2020 19:00,0
16,19-02-2020 03:00,0
7,23-12-2020 00:00,1
1,10-03-2020 14:00,1
5,27-01-2020 16:00,1
5,04-03-2020 22:00,1
11,17-01-2020 07:00,0
8,29-10-2021 03:00,1
24,15-06-2020 00:00,2
4,21-03-2020 14:00,1
21,23-01-2020 01:00,2
1,09-05-2021 09:00,1
17,03-03-2020 19:00,0
2,12-03-2020 15:00,1
5,13-02-2020 09:00,1
8,23-03-2020 04:00,1
4,12-02-2020 05:00,1
5,20-01-2020 02:00,1
14,14-02-2020 04:00,0
1,24-01-2020 10:00,1
8,22-01-2020 17:00,1
23,05-02-2020 23:00,2
17,15-03-2020 04:00,0
14,14-03-2020 16:00,0
8,03-03-2020 04:00,1
2,10-02-2020 08:00,1
13,14-01-2020 03:00,0
13,21-01-2020 23:00,0
2,13-03-2020 05:00,1
5,01-09-2021 16:00,1
15,22-01-2020 08:00,0
4,01-05-2020 21:00,1
2,01-04-2020 19:00,1
17,16-03-2020 16:00,0
10,25-02-2020 05:00,0
17,14-01-2020 21:00,0
15,07-04-2020 02:00,0
2,12-02-2020 08:00,1
21,06-04-2020 01:00,2
11,21-08-2020 22:00,0
18,27-06-2020 00:00,0
18,24-03-2020 11:00,0
1,28-02-2020 03:00,1
25,26-03-2020 23:00,2
18,23-01-2020 22:00,0
25,31-03-2020 05:00,2
8,06-02-2020 03:00,1
13,20-01-2020 17:00,0
8,10-02-2020 13:00,1
17,02-04-2020 22:00,0
7,06-02-2020 22:00,1
12,18-12-2020 22:00,0
28,21-02-2020 17:00,2
12,24-01-2020 10:00,0
23,28-02-2020 00:00,2
8,06-02-2020 20:00,1
4,30-01-2020 09:00,1
15,07-04-2020 05:00,0
15,14-03-2020 12:00,0
17,25-03-2020 04:00,0
21,01-02-2020 00:00,2
2,29-03-2020 15:00,1
4,25-01-2020 08:00,1
4,07-02-2020 17:00,1
2,07-03-2020 15:00,1
13,25-01-2020 17:00,0
13,26-01-2020 06:00,0
18,05-04-2020 07:00,0
21,21-01-2020 22:00,2
12,15-01-2020 01:00,0
2,10-07-2021 12:00,1
1,30-01-2020 17:00,1
12,24-04-2020 04:00,0
5,01-07-2020 20:00,1
17,23-01-2020 13:00,0
2,31-01-2020 07:00,1
24,23-02-2020 16:00,2
5,25-03-2020 00:00,1
5,10-02-2020 16:00,1
17,12-03-2020 07:00,0
6,31-08-2020 22:00,1
1,07-02-2020 20:00,1
21,13-07-2020 08:00,2
21,30-03-2020 23:00,2
5,13-02-2020 06:00,1
2,09-02-2020 10:00,1
17,25-02-2020 19:00,0
5,07-03-2020 09:00,1
27,20-03-2020 12:00,2
14,04-03-2020 20:00,0
13,12-04-2020 03:00,0
15,04-02-2020 17:00,0
2,29-03-2020 04:00,1
16,25-02-2020 08:00,0
14,31-03-2020 11:00,0
9,15-04-2020 23:00,1
7,11-04-2020 00:00,1
24,12-02-2020 04:00,2
17,01-04-2020 10:00,0
22,24-01-2020 16:00,2
21,09-04-2020 20:00,2
5,10-03-2020 12:00,1
10,27-02-2020 15:00,0
23,25-03-2020 01:00,2
26,14-04-2020 17:00,2
4,13-04-2020 09:00,1
13,08-03-2020 01:00,0
17,28-03-2020 14:00,0
2,19-02-2020 02:00,1
20,31-03-2020 09:00,2
25,15-04-2020 09:00,2
5,16-07-2020 02:00,1
15,21-03-2020 17:00,0
8,08-04-2020 11:00,1
2,23-03-2020 00:00,1
5,17-03-2020 18:00,1
10,04-02-2020 22:00,0
10,12-02-2020 09:00,0
5,02-06-2020 17:00,1
5,29-01-2020 17:00,1
16,05-04-2020 03:00,0
24,06-02-2020 00:00,2
21,18-03-2020 17:00,2
3,26-02-2020 12:00,1
17,06-02-2020 09:00,0
8,14-03-2020 07:00,1
21,24-03-2020 23:00,2
17,02-02-2020 00:00,0
24,30-01-2020 09:00,2
28,14-03-2020 19:00,2
21,10-03-2020 22:00,2
9,11-03-2020 18:00,1
4,27-03-2020 12:00,1
5,31-03-2020 05:00,1
20,31-01-2020 05:00,2
15,13-02-2020 10:00,0
18,29-02-2020 07:00,0
8,12-06-2020 03:00,1
16,20-03-2020 16:00,0
1,19-05-2021 03:00,1
7,10-04-2020 23:00,1
4,11-04-2020 10:00,1
4,30-01-2020 12:00,1
17,30-03-2020 06:00,0
10,07-02-2020 22:00,0
13,10-03-2020 22:00,0
2,13-06-2020 16:00,1
4,06-04-2020 02:00,1
21,17-02-2020 01:00,2
13,03-10-2020 06:00,0
16,15-02-2020 20:00,0
19,29-02-2020 07:00,2
10,31-03-2020 13:00,0
5,07-04-2020 06:00,1
17,23-04-2020 21:00,0
15,09-02-2020 21:00,0
5,07-03-2020 13:00,1
8,05-09-2020 04:00,1
27,21-03-2020 04:00,2
1,20-03-2020 16:00,1
28,11-02-2020 18:00,2
22,07-01-2022 08:00,2
5,01-03-2020 17:00,1
21,09-03-2020 17:00,2
13,15-02-2021 06:00,0
17,19-02-2020 07:00,0
10,01-02-2020 03:00,0
17,22-03-2020 13:00,0
17,25-02-2020 04:00,0
7,06-09-2021 09:00,1
17,12-05-2020 23:00,0
15,20-03-2020 15:00,0
15,23-05-2020 18:00,0
10,03-04-2020 23:00,0
13,26-04-2021 18:00,0
9,06-02-2020 05:00,1
28,27-03-2020 02:00,2
26,21-02-2020 05:00,2
5,16-02-2020 10:00,1
21,13-03-2020 02:00,2
10,03-02-2020 19:00,0
13,06-02-2020 10:00,0
2,11-03-2020 16:00,1
21,26-02-2020 08:00,2
4,14-02-2020 12:00,1
2,02-04-2020 12:00,1
10,08-02-2020 20:00,0
18,11-12-2020 17:00,0
17,09-07-2020 01:00,0
4,09-03-2020 12:00,1
5,05-04-2020 15:00,1
17,08-03-2020 13:00,0
21,28-03-2020 14:00,2
9,01-04-2020 12:00,1
17,10-03-2020 10:00,0
21,15-02-2020 14:00,2
5,28-02-2020 03:00,1
5,02-03-2020 15:00,1
17,20-03-2020 18:00,0
3,19-04-2020 23:00,1
1,11-12-2020 14:00,1
0,11-04-2020 09:00,1
4,24-02-2020 23:00,1
13,15-03-2020 08:00,0
4,21-03-2020 12:00,1
8,22-03-2020 18:00,1
8,05-04-2020 00:00,1
9,14-03-2020 11:00,1
7,28-03-2020 10:00,1
8,28-11-2021 07:00,1
4,10-02-2020 06:00,1
12,09-03-2020 11:00,0
13,09-10-2021 11:00,0
13,16-02-2020 03:00,0
13,07-03-2020 05:00,0
7,13-02-2020 02:00,1
5,19-06-2020 09:00,1
5,27-04-2020 01:00,1
8,26-01-2022 14:00,1
11,18-02-2021 05:00,0
5,17-02-2020 19:00,1
25,06-10-2021 14:00,2
5,08-03-2020 13:00,1
17,24-03-2020 07:00,0
12,02-04-2020 05:00,0
1,25-03-2020 08:00,1
25,05-05-2020 01:00,2
15,25-04-2020 19:00,0
28,20-06-2020 19:00,2
13,09-03-2020 13:00,0
25,13-03-2020 21:00,2
15,12-03-2020 14:00,0
17,25-02-2020 02:00,0
2,09-04-2020 23:00,1
2,29-02-2020 16:00,1
4,28-04-2020 05:00,1
2,15-03-2020 16:00,1
16,31-03-2020 13:00,0
20,17-04-2020 05:00,2
2,27-04-2020 08:00,1
24,27-03-2020 05:00,2
2,14-03-2020 18:00,1
24,03-06-2020 00:00,2
5,24-03-2020 11:00,1
2,04-02-2020 02:00,1
2,18-02-2020 07:00,1
1,21-03-2020 22:00,1
2,20-03-2020 11:00,1
5,07-04-2020 16:00,1
0,04-07-2020 14:00,1
15,17-02-2020 20:00,0
8,29-03-2020 01:00,1
17,13-04-2020 09:00,0
13,02-03-2020 11:00,0
12,28-04-2020 09:00,0
7,03-04-2020 22:00,1
25,04-03-2020 17:00,2
4,22-02-2020 03:00,1
4,02-03-2020 03:00,1
18,17-03-2020 15:00,0
17,27-02-2020 13:00,0
15,19-02-2020 19:00,0
17,12-02-2020 15:00,0
28,23-03-2020 09:00,2
5,22-04-2020 02:00,1
17,13-06-2020 03:00,0
18,20-02-2020 20:00,0
24,05-03-2020 15:00,2
14,25-02-2020 05:00,0
9,10-04-2020 19:00,1
17,25-02-2020 11:00,0
17,01-05-2020 04:00,0
2,19-03-2020 07:00,1
4,07-03-2020 20:00,1
13,11-03-2020 09:00,0
12,13-02-2020 03:00,0
8,11-03-2020 00:00,1
13,14-03-2020 17:00,0
2,27-02-2020 05:00,1
19,25-02-2020 15:00,2
17,16-03-2020 08:00,0
4,27-04-2020 18:00,1
21,12-03-2020 11:00,2
13,06-03-2020 02:00,0
24,07-03-2020 20:00,2
28,02-04-2020 17:00,2
15,29-04-2020 15:00,0
11,21-03-2020 10:00,0
21,08-02-2020 02:00,2
17,29-03-2020 22:00,0
2,16-02-2020 14:00,1
24,28-03-2020 23:00,2
5,20-02-2020 16:00,1
13,29-03-2020 00:00,0
17,05-05-2020 01:00,0
12,01-04-2020 04:00,0
19,15-02-2020 07:00,2
14,02-05-2020 10:00,0
9,28-12-2020 08:00,1
25,19-03-2020 17:00,2
21,28-09-2021 10:00,2
17,25-03-2020 05:00,0
23,18-04-2020 18:00,2
4,09-04-2020 18:00,1
2,08-03-2020 00:00,1
4,24-04-2020 16:00,1
4,02-05-2020 03:00,1
5,23-04-2020 12:00,1
2,30-03-2020 00:00,1
27,06-05-2020 15:00,2
5,01-03-2020 22:00,1
8,18-02-2020 11:00,1
2,01-03-2020 06:00,1
2,15-03-2020 05:00,1
22,22-02-2020 02:00,2
8,12-02-2020 11:00,1
24,13-02-2020 12:00,2
14,19-02-2020 22:00,0
2,21-04-2020 07:00,1
1,03-03-2020 01:00,1
17,03-07-2020 19:00,0
5,01-03-2020 11:00,1
10,01-04-2020 21:00,0
13,06-03-2020 07:00,0
13,17-02-2020 23:00,0
23,01-04-2020 18:00,2
7,14-04-2020 14:00,1
12,21-02-2020 03:00,0
21,19-04-2020 01:00,2
15,21-07-2020 19:00,0
17,17-05-2020 08:00,0
24,21-04-2020 00:00,2
13,24-04-2020 02:00,0
26,01-05-2020 07:00,2
4,24-02-2020 10:00,1
7,05-03-2020 18:00,1
22,02-05-2020 18:00,2
20,29-03-2020 22:00,2
8,08-04-2020 20:00,1
8,18-04-2020 04:00,1
6,02-03-2020 16:00,1
5,03-04-2020 11:00,1
14,29-09-2020 22:00,0
8,14-05-2020 15:00,1
17,06-04-2020 13:00,0
8,30-06-2020 00:00,1
8,10-03-2020 07:00,1
12,31-03-2020 21:00,0
13,08-04-2020 15:00,0
5,29-04-2021 18:00,1
14,18-03-2020 12:00,0
17,23-02-2020 20:00,0
17,28-04-2020 12:00,0
13,03-05-2020 21:00,0
5,27-02-2020 18:00,1
14,14-03-2020 12:00,0
4,15-04-2020 04:00,1
10,01-03-2020 16:00,0
17,27-03-2020 01:00,0
3,07-05-2020 17:00,1
18,08-04-2020 23:00,0
10,29-02-2020 10:00,0
17,02-04-2020 17:00,0
12,24-03-2020 06:00,0
21,18-02-2020 09:00,2
18,28-04-2020 14:00,0
8,07-07-2020 09:00,1
10,09-05-2020 09:00,0
17,15-12-2020 18:00,0
24,09-04-2020 13:00,2
5,14-03-2020 22:00,1
4,19-04-2020 16:00,1
14,21-02-2020 23:00,0
14,06-05-2020 15:00,0
2,03-04-2020 03:00,1
1,07-04-2020 00:00,1
24,02-05-2020 08:00,2
3,23-04-2020 03:00,1
17,21-04-2020 09:00,0
1,06-03-2020 19:00,1
13,04-03-2020 08:00,0
21,10-04-2020 08:00,2
7,22-02-2020 20:00,1
5,12-03-2020 10:00,1
4,05-03-2020 05:00,1
7,12-05-2020 04:00,1
8,09-01-2021 03:00,1
7,13-04-2020 05:00,1
20,20-03-2020 17:00,2
15,07-04-2020 23:00,0
15,07-05-2020 04:00,0
4,06-05-2020 05:00,1
1,23-03-2020 10:00,1
12,03-03-2020 04:00,0
13,23-03-2020 00:00,0
4,20-03-2020 10:00,1
13,02-03-2020 13:00,0
2,10-04-2020 05:00,1
8,26-02-2020 01:00,1
1,20-02-2020 01:00,1
1,27-04-2020 22:00,1
5,25-02-2020 13:00,1
5,19-03-2020 17:00,1
27,18-08-2020 04:00,2
12,10-04-2020 02:00,0
27,09-03-2020 10:00,2
22,22-04-2020 21:00,2
25,20-03-2020 21:00,2
12,17-04-2020 12:00,0
17,05-04-2020 16:00,0
8,03-03-2020 03:00,1
5,20-04-2020 15:00,1
2,16-03-2020 10:00,1
13,17-05-2020 10:00,0
21,08-04-2020 11:00,2
16,14-04-2021 20:00,0
17,23-03-2020 04:00,0
5,08-04-2020 11:00,1
2,21-03-2020 10:00,1
2,05-04-2020 14:00,1
13,04-03-2020 16:00,0
12,13-04-2020 04:00,0
17,26-02-2020 13:00,0
8,01-03-2020 06:00,1
10,11-05-2020 05:00,0
24,01-03-2020 07:00,2
17,02-05-2020 00:00,0
21,04-03-2020 03:00,2
10,05-03-2020 00:00,0
17,10-04-2020 13:00,0
2,13-03-2020 20:00,1
11,28-04-2020 10:00,0
10,05-08-2020 06:00,0
2,11-03-2020 23:00,1
13,02-04-2020 04:00,0
5,14-03-2020 12:00,1
17,15-04-2020 06:00,0
12,11-04-2020 15:00,0
14,17-03-2020 07:00,0
10,27-03-2020 06:00,0
24,28-07-2020 22:00,2
1,29-04-2020 19:00,1
12,19-03-2020 14:00,0
8,07-03-2020 19:00,1
5,18-05-2020 15:00,1
2,01-08-2021 05:00,1
8,14-03-2020 07:00,1
17,24-06-2020 11:00,0
2,06-04-2020 00:00,1
16,02-06-2020 11:00,0
1,07-04-2020 01:00,1
13,22-04-2020 11:00,0
17,17-04-2020 08:00,0
12,15-04-2020 15:00,0
3,12-07-2021 02:00,1
12,08-04-2020 17:00,0
4,14-05-2020 18:00,1
16,04-04-2020 01:00,0
21,24-05-2020 22:00,2
7,23-03-2020 06:00,1
17,01-03-2020 10:00,0
17,15-05-2020 12:00,0
21,09-07-2020 19:00,2
2,08-04-2020 19:00,1
17,01-04-2020 03:00,0
8,15-05-2020 14:00,1
21,23-05-2020 11:00,2
21,11-03-2020 20:00,2
8,15-03-2020 01:00,1
5,28-03-2020 14:00,1
12,15-05-2020 15:00,0
0,27-03-2020 22:00,1
2,23-04-2020 08:00,1
5,14-03-2020 05:00,1
5,03-03-2020 07:00,1
0,11-04-2020 22:00,1
5,19-05-2020 15:00,1
8,07-11-2020 17:00,1
18,05-08-2020 23:00,0
12,23-04-2020 12:00,0
4,31-03-2020 07:00,1
28,26-03-2020 23:00,2
6,24-03-2020 19:00,1
9,14-04-2020 17:00,1
3,03-03-2020 10:00,1
1,22-03-2020 22:00,1
17,19-03-2020 22:00,0
17,15-04-2020 04:00,0
5,02-03-2020 17:00,1
21,08-03-2020 16:00,2
17,07-05-2020 12:00,0
26,05-05-2020 23:00,2
17,20-05-2020 09:00,0
8,23-05-2020 23:00,1
17,18-09-2020 17:00,0
2,15-05-2020 09:00,1
2,01-04-2020 06:00,1
21,29-03-2020 21:00,2
2,16-04-2020 19:00,1
5,23-05-2020 00:00,1
5,02-04-2020 19:00,1
9,08-03-2020 05:00,1
21,27-02-2020 16:00,2
9,06-07-2021 02:00,1
5,28-03-2020 23:00,1
4,15-04-2020 00:00,1
5,12-04-2020 09:00,1
4,15-03-2020 23:00,1
14,18-03-2020 07:00,0
1,03-04-2020 11:00,1
18,18-09-2021 00:00,0
1,27-02-2020 23:00,1
13,14-08-2020 11:00,0
1,07-03-2020 06:00,1
7,16-05-2020 11:00,1
5,27-03-2020 21:00,1
0,21-05-2020 07:00,1
12,15-04-2020 21:00,0
17,16-04-2020 12:00,0
14,21-03-2020 22:00,0
8,14-04-2020 01:00,1
17,01-04-2020 03:00,0
17,27-04-2020 11:00,0
17,07-05-2020 23:00,0
2,13-04-2020 05:00,1
17,24-04-2020 16:00,0
17,14-04-2020 18:00,0
24,30-04-2020 04:00,2
13,11-03-2020 07:00,0
14,23-03-2020 19:00,0
11,18-04-2020 00:00,0
13,24-05-2020 20:00,0
8,20-05-2020 03:00,1
18,06-05-2020 04:00,0
1,30-04-2020 13:00,1
2,26-05-2020 22:00,1
1,05-04-2021 02:00,1
1,27-03-2020 04:00,1
2,16-03-2020 20:00,1
8,30-06-2020 04:00,1
21,20-04-2020 00:00,2
25,03-03-2020 11:00,2
4,08-05-2020 19:00,1
21,11-04-2020 00:00,2
12,04-08-2020 21:00,0
1,18-05-2020 10:00,1
17,20-04-2020 22:00,0
22,08-03-2020 17:00,2
8,24-03-2020 07:00,1
2,23-05-2020 18:00,1
8,12-04-2020 23:00,1
4,14-05-2020 09:00,1
12,07-05-2020 00:00,0
13,31-05-2020 01:00,0
5,02-08-2021 01:00,1
25,16-03-2020 22:00,2
17,27-03-2020 15:00,0
2,03-04-2020 01:00,1
2,21-03-2020 13:00,1
2,12-03-2020 04:00,1
20,25-03-2020 05:00,2
8,11-04-2020 01:00,1
0,29-03-2020 21:00,1
8,18-01-2022 03:00,1
10,21-03-2020 16:00,0
3,15-03-2020 11:00,1
24,24-03-2020 03:00,2
17,08-05-2020 05:00,0
8,03-07-2020 11:00,1
26,26-04-2020 00:00,2
5,24-03-2020 21:00,1
10,10-05-2020 22:00,0
17,24-03-2020 12:00,0
24,19-07-2020 20:00,2
28,31-07-2021 13:00,2
5,22-05-2020 05:00,1
8,28-03-2020 05:00,1
5,26-03-2020 19:00,1
5,03-04-2020 10:00,1
2,11-03-2020 09:00,1
0,08-05-2020 21:00,1
8,24-10-2020 20:00,1
5,11-03-2020 06:00,1
8,25-04-2020 16:00,1
2,09-05-2020 14:00,1
4,28-04-2020 10:00,1
24,15-05-2020 12:00,2
1,25-03-2020 11:00,1
7,30-03-2020 14:00,1
20,24-03-2020 23:00,2
21,03-04-2020 19:00,2
5,17-05-2020 01:00,1
8,05-04-2020 16:00,1
5,05-06-2020 02:00,1
27,11-07-2020 08:00,2
5,15-03-2020 22:00,1
15,16-10-2021 05:00,0
17,25-05-2020 16:00,0
5,20-03-2020 19:00,1
5,14-04-2020 14:00,1
17,14-07-2020 07:00,0
17,10-03-2020 03:00,0
4,07-03-2020 04:00,1
13,13-06-2020 16:00,0
9,29-03-2020 14:00,1
21,07-07-2020 22:00,2
5,15-04-2020 19:00,1
13,18-03-2020 14:00,0
7,12-04-2020 21:00,1
28,08-04-2020 19:00,2
0,11-03-2020 02:00,1
8,04-05-2020 06:00,1
14,22-05-2020 00:00,0
5,23-03-2020 13:00,1
2,06-05-2020 04:00,1
23,09-03-2020 22:00,2
5,16-03-2020 00:00,1
13,03-05-2020 17:00,0
28,18-05-2020 19:00,2
4,17-04-2020 21:00,1
4,02-06-2020 21:00,1
11,18-04-2020 13:00,0
21,16-03-2020 02:00,2
14,11-03-2020 06:00,0
17,08-04-2020 08:00,0
5,16-03-2020 00:00,1
17,15-04-2020 16:00,0
8,02-09-2021 01:00,1
5,18-03-2020 02:00,1
2,10-05-2020 20:00,1
5,26-05-2020 08:00,1
14,26-03-2020 20:00,0
13,31-03-2020 01:00,0
5,31-03-2020 20:00,1
17,24-04-2020 07:00,0
17,05-04-2020 03:00,0
26,26-04-2020 00:00,2
28,05-04-2020 07:00,2
5,10-05-2020 06:00,1
4,24-04-2020 16:00,1
26,11-04-2020 10:00,2
8,13-05-2020 11:00,1
8,05-04-2020 11:00,1
17,07-04-2020 16:00,0
2,12-04-2020 02:00,1
16,26-04-2020 23:00,0
17,23-05-2020 08:00,0
1,18-03-2020 09:00,1
9,17-05-2020 06:00,1
2,30-06-2020 10:00,1
2,19-04-2020 06:00,1
13,06-06-2020 19:00,0
8,01-04-2020 05:00,1
8,03-05-2020 05:00,1
5,11-05-2020 17:00,1
0,02-04-2020 04:00,1
17,29-04-2020 15:00,0
5,09-05-2020 23:00,1
2,11-08-2020 16:00,1
5,17-05-2020 03:00,1
17,17-05-2020 06:00,0
4,10-06-2020 20:00,1
5,10-04-2020 05:00,1
25,10-04-2020 10:00,2
2,30-05-2020 23:00,1
19,20-03-2020 20:00,2
10,21-03-2020 05:00,0
19,21-04-2020 20:00,2
1,03-05-2020 09:00,1
5,06-05-2020 17:00,1
5,27-03-2020 15:00,1
21,24-07-2020 16:00,2
19,06-05-2020 12:00,2
10,27-10-2020 17:00,0
14,30-05-2020 15:00,0
8,26-05-2020 02:00,1
2,29-04-2020 20:00,1
28,13-04-2020 11:00,2
26,20-04-2020 22:00,2
2,29-12-2020 20:00,1
5,13-09-2021 09:00,1
10,24-04-2020 06:00,0
5,28-04-2020 10:00,1
1,21-04-2020 21:00,1
17,06-06-2020 16:00,0
2,28-11-2020 22:00,1
14,07-06-2020 01:00,0
8,22-03-2020 16:00,1
8,19-04-2020 19:00,1
1,11-04-2020 00:00,1
5,11-05-2020 04:00,1
13,02-05-2020 15:00,0
17,18-05-2020 07:00,0
23,10-05-2020 04:00,2
17,02-04-2020 22:00,0
17,16-05-2020 23:00,0
17,21-06-2020 13:00,0
5,20-08-2020 17:00,1
5,24-04-2020 23:00,1
5,19-05-2020 13:00,1
5,26-04-2020 12:00,1
4,20-03-2020 03:00,1
1,09-06-2020 13:00,1
17,29-07-2021 05:00,0
5,02-06-2020 19:00,1
17,25-04-2020 09:00,0
21,19-04-2020 00:00,2
14,14-04-2020 21:00,0
17,06-05-2020 10:00,0
21,07-04-2020 17:00,2
13,03-06-2020 09:00,0
2,24-03-2020 18:00,1
4,25-05-2020 07:00,1
8,13-06-2020 15:00,1
28,02-06-2020 01:00,2
5,29-04-2020 14:00,1
21,21-05-2021 17:00,2
7,09-04-2020 23:00,1
4,20-03-2020 03:00,1
8,11-04-2020 03:00,1
0,08-04-2020 12:00,1
5,22-04-2020 18:00,1
3,01-06-2020 05:00,1
5,14-06-2020 05:00,1
12,19-04-2020 00:00,0
17,13-05-2020 18:00,0
23,14-05-2020 11:00,2
8,07-04-2020 14:00,1
5,30-03-2020 21:00,1
17,23-04-2020 11:00,0
5,27-03-2020 00:00,1
5,27-05-2020 02:00,1
1,08-04-2020 00:00,1
2,28-05-2020 12:00,1
10,30-03-2020 07:00,0
14,29-05-2020 07:00,0
8,03-06-2020 17:00,1
20,17-06-2020 10:00,2
21,27-03-2020 07:00,2
1,17-04-2020 15:00,1
5,10-06-2020 05:00,1
0,20-07-2020 05:00,1
2,25-04-2020 18:00,1
5,31-05-2020 11:00,1
5,30-05-2020 06:00,1
17,21-05-2020 22:00,0
15,16-04-2020 15:00,0
17,29-03-2020 14:00,0
5,31-05-2020 16:00,1
0,04-05-2020 21:00,1
21,06-05-2020 07:00,2
11,20-07-2021 06:00,0
8,31-05-2020 09:00,1
10,12-04-2020 08:00,0
13,17-04-2020 10:00,0
5,30-04-2020 20:00,1
17,04-04-2020 00:00,0
0,24-04-2020 23:00,1
21,16-06-2020 20:00,2
24,04-06-2020 11:00,2
17,20-05-2020 13:00,0
4,09-04-2020 19:00,1
17,23-05-2020 04:00,0
22,09-06-2020 19:00,2
5,12-04-2020 17:00,1
1,04-04-2020 19:00,1
13,25-05-2020 02:00,0
21,16-04-2020 19:00,2
14,29-05-2020 02:00,0
0,08-04-2020 00:00,1
13,20-04-2020 07:00,0
8,27-04-2020 21:00,1
26,30-04-2020 07:00,2
12,07-06-2020 18:00,0
4,03-06-2020 22:00,1
17,29-04-2020 22:00,0
5,20-04-2020 00:00,1
18,28-04-2020 11:00,0
8,03-06-2020 02:00,1
24,09-06-2020 22:00,2
12,25-04-2020 00:00,0
13,13-04-2020 03:00,0
16,01-05-2020 12:00,0
2,14-11-2020 00:00,1
12,26-05-2020 12:00,0
10,26-04-2020 12:00,0
2,11-04-2020 16:00,1
21,25-03-2021 05:00,2
5,16-04-2020 03:00,1
5,24-04-2020 02:00,1
8,09-05-2020 10:00,1
10,14-05-2020 09:00,0
10,11-04-2020 19:00,0
24,06-04-2020 13:00,2
2,06-06-2020 00:00,1
17,30-03-2020 16:00,0
14,15-04-2020 14:00,0
5,05-06-2020 06:00,1
22,03-06-2020 04:00,2
2,17-06-2020 01:00,1
17,08-04-2020 12:00,0
4,05-09-2020 21:00,1
17,24-04-2020 12:00,0
5,30-10-2020 04:00,1
1,23-04-2020 23:00,1
18,08-06-2020 23:00,0
13,23-05-2020 19:00,0
5,13-04-2020 06:00,1
2,15-05-2020 19:00,1
21,28-03-2020 17:00,2
17,21-05-2020 19:00,0
17,13-06-2020 02:00,0
4,11-05-2020 15:00,1
1,04-05-2020 19:00,1
17,08-05-2020 01:00,0
5,22-06-2020 18:00,1
17,16-11-2021 23:00,0
21,30-04-2020 06:00,2
8,03-06-2020 21:00,1
25,01-05-2020 14:00,2
5,05-06-2020 15:00,1
12,14-05-2020 02:00,0
5,16-05-2020 02:00,1
12,07-04-2020 16:00,0
2,15-04-2020 23:00,1
5,25-04-2020 16:00,1
13,20-10-2021 22:00,0
25,20-05-2020 13:00,2
10,09-06-2020 16:00,0
21,19-06-2020 00:00,2
13,27-05-2020 11:00,0
27,17-05-2020 05:00,2
12,28-04-2020 20:00,0
1,01-06-2020 06:00,1
13,12-04-2020 16:00,0
4,18-04-2020 07:00,1
14,18-04-2020 03:00,0
8,10-06-2020 19:00,1
1,06-04-2020 03:00,1
17,18-04-2020 07:00,0
14,13-09-2020 20:00,0
15,16-04-2020 10:00,0
5,06-06-2020 00:00,1
23,20-05-2020 02:00,2
17,28-04-2020 20:00,0
24,04-04-2020 15:00,2
24,30-04-2020 06:00,2
17,06-04-2020 18:00,0
19,21-10-2021 00:00,2
2,11-05-2020 14:00,1
20,21-06-2020 00:00,2
13,13-12-2020 08:00,0
20,04-05-2020 05:00,2
5,29-09-2021 20:00,1
8,23-06-2020 11:00,1
2,12-04-2020 05:00,1
3,28-04-2020 05:00,1
17,18-06-2020 07:00,0
5,27-06-2020 01:00,1
17,05-04-2020 17:00,0
1,09-10-2021 01:00,1
4,22-05-2020 02:00,1
5,17-04-2020 18:00,1
3,09-05-2020 00:00,1
5,13-04-2020 13:00,1
3,15-05-2020 19:00,1
13,16-04-2020 13:00,0
5,05-05-2020 18:00,1
4,15-04-2020 00:00,1
17,28-04-2020 20:00,0
0,23-04-2020 03:00,1
4,17-05-2020 02:00,1
12,27-04-2020 15:00,0
1,24-04-2020 02:00,1
4,15-06-2020 22:00,1
0,11-06-2020 22:00,1
7,17-09-2021 07:00,1
17,07-06-2020 14:00,0
5,26-05-2020 09:00,1
13,29-05-2020 06:00,0
0,07-06-2020 10:00,1
27,01-05-2020 22:00,2
2,07-05-2020 15:00,1
21,23-06-2020 14:00,2
11,15-04-2020 15:00,0
5,04-06-2020 11:00,1
14,27-06-2020 06:00,0
5,08-04-2020 19:00,1
1,07-06-2020 19:00,1
5,26-05-2021 00:00,1
5,20-04-2020 03:00,1
11,08-04-2020 11:00,0
2,19-04-2020 09:00,1
5,06-03-2022 17:00,1
2,18-05-2020 18:00,1
1,31-05-2020 16:00,1
2,01-05-2020 18:00,1
1,24-10-2021 15:00,1
8,29-05-2020 19:00,1
21,26-04-2020 06:00,2
17,01-05-2020 11:00,0
8,31-05-2020 22:00,1
5,15-06-2020 20:00,1
2,09-05-2020 20:00,1
9,26-01-2021 16:00,1
5,29-05-2020 11:00,1
2,01-06-2020 22:00,1
5,05-05-2021 09:00,1
28,30-07-2020 23:00,2
4,10-06-2020 13:00,1
13,07-06-2020 18:00,0
5,18-06-2020 22:00,1
17,20-04-2020 03:00,0
4,14-02-2021 04:00,1
3,11-04-2020 23:00,1
5,03-05-2020 06:00,1
17,25-07-2020 15:00,0
21,27-06-2020 14:00,2
10,13-06-2021 13:00,0
2,30-04-2020 16:00,1
2,26-06-2020 22:00,1
21,01-06-2020 15:00,2
13,06-06-2020 05:00,0
10,28-05-2020 22:00,0
5,28-04-2020 18:00,1
17,19-04-2020 21:00,0
26,12-09-2020 21:00,2
4,29-06-2020 13:00,1
5,02-07-2020 14:00,1
10,15-04-2020 19:00,0
22,02-06-2020 01:00,2
17,25-06-2020 10:00,0
4,22-05-2021 09:00,1
2,17-04-2020 10:00,1
10,08-05-2020 14:00,0
5,28-08-2020 13:00,1
14,11-06-2020 21:00,0
15,20-01-2021 11:00,0
1,12-05-2020 15:00,1
2,08-06-2020 14:00,1
10,06-05-2020 22:00,0
17,13-06-2020 18:00,0
5,09-06-2020 22:00,1
10,03-09-2021 22:00,0
14,24-05-2020 01:00,0
17,24-08-2021 10:00,0
13,18-06-2020 15:00,0
5,10-05-2020 03:00,1
17,03-06-2020 07:00,0
5,15-08-2021 02:00,1
26,03-11-2020 23:00,2
7,05-06-2020 02:00,1
4,12-04-2020 20:00,1
4,26-04-2020 16:00,1
13,10-05-2020 18:00,0
1,04-06-2020 16:00,1
2,12-05-2020 06:00,1
5,29-08-2020 15:00,1
5,30-04-2020 12:00,1
13,28-04-2020 17:00,0
2,04-05-2020 06:00,1
25,23-06-2020 04:00,2
21,01-05-2020 05:00,2
4,20-05-2021 07:00,1
13,08-05-2020 17:00,0
2,27-05-2020 00:00,1
2,04-06-2020 22:00,1
17,07-05-2020 23:00,0
17,24-04-2020 16:00,0
5,25-05-2020 19:00,1
2,24-05-2020 01:00,1
2,04-07-2020 00:00,1
5,24-05-2020 18:00,1
17,28-06-2020 14:00,0
13,05-07-2020 20:00,0
5,21-04-2020 11:00,1
12,28-05-2020 11:00,0
10,04-06-2020 18:00,0
13,30-04-2020 17:00,0
5,06-06-2020 00:00,1
5,29-05-2021 22:00,1
4,06-11-2021 09:00,1
17,27-06-2020 19:00,0
5,22-06-2020 13:00,1
25,11-09-2021 05:00,2
17,09-07-2021 08:00,0
15,31-05-2020 10:00,0
8,13-01-2022 13:00,1
8,03-12-2020 00:00,1
2,04-06-2020 20:00,1
5,22-05-2020 05:00,1
24,04-07-2020 10:00,2
2,22-04-2020 22:00,1
4,01-05-2020 19:00,1
10,17-05-2020 01:00,0
5,03-12-2020 06:00,1
8,04-05-2020 10:00,1
25,09-06-2020 15:00,2
25,23-06-2020 18:00,2
17,22-04-2020 09:00,0
24,08-11-2021 22:00,2
20,12-06-2020 02:00,2
21,25-04-2020 18:00,2
21,07-07-2021 16:00,2
8,23-04-2020 10:00,1
10,11-05-2020 00:00,0
26,28-05-2020 22:00,2
5,03-07-2020 02:00,1
11,18-04-2020 15:00,0
2,22-04-2020 13:00,1
4,02-05-2020 21:00,1
2,28-04-2020 09:00,1
3,22-04-2020 23:00,1
1,09-09-2020 22:00,1
1,24-05-2020 10:00,1
2,22-06-2020 11:00,1
17,05-05-2020 12:00,0
21,08-05-2021 04:00,2
5,24-04-2020 08:00,1
17,09-07-2020 12:00,0
21,01-06-2020 13:00,2
8,04-05-2020 16:00,1
17,13-07-2020 06:00,0
2,04-05-2020 00:00,1
6,23-04-2020 06:00,1
17,25-06-2020 11:00,0
8,15-06-2020 09:00,1
14,30-05-2020 16:00,0
21,17-05-2021 07:00,2
18,23-06-2020 16:00,0
5,23-04-2020 00:00,1
3,07-07-2020 04:00,1
8,01-05-2020 02:00,1
15,28-04-2020 03:00,0
1,22-04-2020 17:00,1
5,14-06-2020 05:00,1
5,19-09-2020 13:00,1
11,07-06-2020 04:00,0
5,09-07-2020 07:00,1
21,18-06-2020 14:00,2
17,13-07-2020 05:00,0
12,06-05-2020 07:00,0
17,01-06-2020 14:00,0
24,19-05-2020 11:00,2
24,29-04-2020 07:00,2
5,10-06-2020 21:00,1
4,07-06-2020 02:00,1
4,02-06-2020 04:00,1
13,07-06-2020 20:00,0
2,30-05-2020 23:00,1
4,28-06-2020 18:00,1
21,02-07-2020 14:00,2
8,06-07-2020 17:00,1
24,06-05-2020 20:00,2
17,29-05-2020 03:00,0
17,12-05-2020 06:00,0
21,18-06-2020 09:00,2
5,18-06-2020 20:00,1
23,24-05-2020 00:00,2
2,12-07-2020 08:00,1
16,18-06-2020 05:00,0
5,29-04-2020 07:00,1
22,23-05-2020 11:00,2
8,19-05-2020 23:00,1
5,01-07-2020 17:00,1
5,02-06-2020 04:00,1
2,24-06-2020 23:00,1
5,14-06-2020 22:00,1
4,29-05-2020 20:00,1
22,15-07-2020 11:00,2
17,21-06-2020 22:00,0
13,16-06-2020 00:00,0
8,06-07-2020 06:00,1
14,04-05-2020 05:00,0
22,03-05-2020 01:00,2
17,18-05-2020 17:00,0
17,06-06-2020 18:00,0
24,28-05-2020 09:00,2
13,27-05-2020 03:00,0
1,02-05-2020 18:00,1
22,03-07-2020 23:00,2
16,12-07-2020 23:00,0
7,23-06-2020 17:00,1
10,30-04-2020 02:00,0
0,23-06-2020 10:00,1
17,09-07-2020 06:00,0
5,18-05-2020 15:00,1
21,20-06-2020 15:00,2
9,28-05-2020 10:00,1
18,05-07-2021 06:00,0
19,13-11-2021 23:00,2
5,09-06-2020 01:00,1
4,06-06-2020 08:00,1
5,13-06-2020 14:00,1
10,02-09-2020 16:00,0
17,26-05-2020 18:00,0
18,29-04-2020 19:00,0
17,21-06-2020 01:00,0
21,26-05-2020 10:00,2
13,01-09-2020 18:00,0
17,24-05-2020 21:00,0
13,18-05-2020 00:00,0
8,14-09-2020 15:00,1
5,30-04-2020 14:00,1
24,18-05-2020 00:00,2
12,27-05-2020 09:00,0
10,27-05-2020 05:00,0
3,04-05-2020 21:00,1
17,18-05-2020 16:00,0
10,06-07-2020 17:00,0
21,30-05-2020 12:00,2
5,10-07-2020 01:00,1
5,23-06-2020 21:00,1
3,06-07-2020 18:00,1
21,11-06-2020 01:00,2
13,02-06-2020 20:00,0
4,02-06-2020 17:00,1
5,29-05-2020 19:00,1
28,19-06-2020 22:00,2
20,04-05-2020 05:00,2
5,16-07-2020 23:00,1
15,03-06-2020 03:00,0
4,06-06-2020 11:00,1
1,10-05-2020 02:00,1
14,18-05-2020 05:00,0
16,08-05-2020 09:00,0
1,06-07-2020 06:00,1
9,22-06-2020 22:00,1
25,24-07-2020 12:00,2
2,02-07-2020 09:00,1
18,01-06-2020 23:00,0
9,29-06-2020 20:00,1
2,27-05-2020 22:00,1
22,12-06-2020 15:00,2
0,10-12-2021 05:00,1
4,15-07-2020 03:00,1
17,16-07-2020 08:00,0
4,25-06-2020 21:00,1
4,16-11-2021 18:00,1
18,25-04-2020 10:00,0
17,23-06-2020 18:00,0
8,06-05-2020 21:00,1
17,26-05-2020 15:00,0
14,03-05-2020 14:00,0
5,20-05-2020 18:00,1
23,05-05-2020 08:00,2
9,03-06-2020 04:00,1
5,09-11-2021 06:00,1
12,06-06-2020 16:00,0
13,23-08-2021 07:00,0
13,24-05-2020 14:00,0
23,18-07-2020 04:00,2
20,13-07-2020 11:00,2
5,09-05-2020 09:00,1
5,19-06-2020 19:00,1
2,13-06-2020 03:00,1
18,22-07-2020 15:00,0
14,10-06-2020 22:00,0
24,01-07-2020 11:00,2
25,14-06-2020 04:00,2
15,03-05-2020 19:00,0
13,15-07-2020 19:00,0
17,15-01-2021 02:00,0
5,01-07-2020 00:00,1
21,11-07-2020 19:00,2
4,22-06-2020 00:00,1
4,02-06-2020 09:00,1
21,10-05-2020 07:00,2
5,19-05-2020 05:00,1
17,16-05-2020 05:00,0
17,07-05-2020 22:00,0
14,22-06-2020 12:00,0
21,23-06-2020 15:00,2
13,04-07-2020 15:00,0
17,20-09-2021 02:00,0
21,07-05-2020 09:00,2
13,17-06-2020 20:00,0
12,30-11-2021 04:00,0
17,13-06-2020 04:00,0
1,25-05-2020 06:00,1
25,27-07-2020 16:00,2
25,09-05-2020 00:00,2
8,03-06-2020 05:00,1
16,06-07-2020 03:00,0
5,26-05-2020 20:00,1
2,22-05-2020 12:00,1
22,06-07-2020 12:00,2
20,07-07-2020 09:00,2
13,29-03-2021 02:00,0
4,13-07-2020 07:00,1
5,10-05-2020 08:00,1
17,18-11-2020 03:00,0
4,25-06-2020 15:00,1
10,15-10-2020 04:00,0
17,29-01-2021 12:00,0
14,25-05-2020 23:00,0
17,04-06-2020 11:00,0
0,23-07-2020 22:00,1
17,01-06-2020 05:00,0
1,13-06-2020 23:00,1
18,20-06-2020 07:00,0
5,27-07-2020 11:00,1
21,03-06-2020 17:00,2
7,26-05-2020 04:00,1
27,10-07-2020 15:00,2
2,04-07-2020 03:00,1
6,20-07-2020 21:00,1
17,01-07-2020 14:00,0
17,26-11-2021 13:00,0
17,05-07-2020 09:00,0
12,28-07-2020 09:00,0
2,22-07-2020 12:00,1
8,05-07-2020 04:00,1
8,11-07-2020 13:00,1
17,20-07-2020 13:00,0
4,29-05-2020 18:00,1
10,24-06-2020 18:00,0
4,17-06-2020 16:00,1
2,26-06-2020 15:00,1
14,06-07-2020 22:00,0
10,27-06-2020 11:00,0
9,10-05-2020 13:00,1
8,14-05-2020 01:00,1
8,21-05-2020 03:00,1
5,28-06-2020 02:00,1
5,05-03-2022 22:00,1
2,11-07-2020 00:00,1
13,07-07-2020 01:00,0
28,14-06-2020 21:00,2
21,08-06-2020 20:00,2
25,10-05-2020 10:00,2
3,02-06-2020 02:00,1
3,04-07-2020 20:00,1
18,03-10-2020 15:00,0
5,04-06-2020 08:00,1
14,06-01-2021 06:00,0
13,24-06-2020 20:00,0
1,19-07-2020 09:00,1
24,22-07-2020 23:00,2
5,08-07-2020 15:00,1
5,19-07-2020 11:00,1
28,30-07-2020 09:00,2
17,31-05-2020 08:00,0
5,31-07-2020 21:00,1
4,20-07-2020 03:00,1
28,09-04-2021 04:00,2
8,08-07-2020 17:00,1
28,22-06-2020 17:00,2
14,17-05-2020 00:00,0
1,02-08-2020 21:00,1
0,20-07-2020 11:00,1
10,11-08-2020 13:00,0
18,05-07-2020 23:00,0
16,03-06-2020 07:00,0
6,09-07-2020 20:00,1
2,30-06-2020 18:00,1
4,08-11-2020 17:00,1
13,01-05-2022 07:00,0
24,21-01-2021 14:00,2
5,16-06-2020 03:00,1
14,05-06-2020 03:00,0
1,17-05-2020 20:00,1
5,13-06-2020 22:00,1
0,21-07-2020 08:00,1
20,06-06-2020 09:00,2
25,23-05-2020 18:00,2
28,26-03-2022 09:00,2
5,13-07-2020 20:00,1
5,05-08-2020 13:00,1
5,15-12-2020 19:00,1
24,16-05-2020 05:00,2
3,22-06-2020 22:00,1
13,05-07-2020 02:00,0
5,24-05-2020 22:00,1
2,29-05-2020 23:00,1
21,02-06-2020 21:00,2
15,21-06-2020 11:00,0
17,24-06-2020 05:00,0
20,02-08-2020 03:00,2
28,02-07-2020 10:00,2
27,08-08-2020 04:00,2
24,18-05-2020 04:00,2
5,25-05-2020 10:00,1
21,09-06-2020 23:00,2
3,06-06-2020 03:00,1
13,20-05-2020 00:00,0
5,26-05-2020 05:00,1
13,06-10-2020 02:00,0
10,29-05-2020 08:00,0
8,25-05-2020 08:00,1
24,27-05-2020 09:00,2
17,18-05-2020 23:00,0
28,16-05-2020 22:00,2
9,04-06-2020 05:00,1
5,27-05-2020 13:00,1
17,09-06-2020 04:00,0
4,23-05-2020 08:00,1
5,27-07-2020 18:00,1
4,29-05-2020 16:00,1
23,14-06-2020 09:00,2
5,26-06-2020 07:00,1
21,24-05-2020 00:00,2
2,10-05-2021 17:00,1
26,07-06-2020 06:00,2
5,11-07-2020 07:00,1
14,28-06-2020 15:00,0
2,06-08-2020 12:00,1
6,21-05-2020 03:00,1
21,10-06-2020 14:00,2
18,13-07-2020 05:00,0
13,22-03-2022 01:00,0
17,25-05-2020 12:00,0
2,27-05-2020 19:00,1
2,07-06-2020 12:00,1
17,08-07-2020 22:00,0
14,11-09-2020 21:00,0
5,13-06-2020 08:00,1
12,26-07-2020 05:00,0
14,26-06-2020 15:00,0
3,26-07-2020 23:00,1
2,01-07-2020 18:00,1
8,04-10-2020 08:00,1
2,28-07-2020 15:00,1
2,20-03-2021 08:00,1
22,24-09-2020 02:00,2
2,06-08-2020 21:00,1
14,28-07-2020 16:00,0
8,23-07-2020 06:00,1
17,10-08-2020 15:00,0
21,08-06-2020 07:00,2
12,07-06-2020 05:00,0
17,17-07-2020 00:00,0
1,12-07-2020 04:00,1
1,26-05-2020 21:00,1
7,28-07-2020 04:00,1
5,12-08-2020 12:00,1
20,01-11-2020 19:00,2
2,16-07-2020 18:00,1
8,17-06-2020 15:00,1
17,02-08-2020 16:00,0
10,15-07-2020 02:00,0
7,10-07-2020 02:00,1
28,13-07-2020 23:00,2
12,02-08-2020 23:00,0
17,29-07-2020 07:00,0
1,14-06-2020 18:00,1
14,26-05-2020 20:00,0
14,26-05-2020 23:00,0
18,09-06-2020 10:00,0
20,05-08-2020 23:00,2
12,11-06-2020 14:00,0
21,15-11-2021 09:00,2
15,22-05-2020 04:00,0
2,22-07-2020 06:00,1
1,17-06-2020 12:00,1
21,21-07-2020 05:00,2
21,11-12-2020 21:00,2
2,28-05-2020 21:00,1
5,24-07-2020 23:00,1
8,28-08-2020 17:00,1
17,23-06-2020 05:00,0
5,25-12-2020 23:00,1
22,06-08-2020 05:00,2
17,13-08-2020 12:00,0
19,30-05-2020 22:00,2
20,26-05-2020 00:00,2
23,30-07-2020 14:00,2
27,13-07-2020 02:00,2
17,15-12-2021 12:00,0
14,05-07-2020 00:00,0
3,09-08-2020 18:00,1
10,26-05-2020 07:00,0
1,08-07-2020 20:00,1
21,26-07-2020 10:00,2
7,27-05-2020 05:00,1
2,13-09-2020 17:00,1
5,21-06-2020 22:00,1
2,25-05-2020 23:00,1
1,03-06-2021 04:00,1
5,16-07-2020 22:00,1
25,14-08-2020 00:00,2
24,29-05-2020 19:00,2
4,11-09-2021 15:00,1
5,08-03-2022 16:00,1
5,20-06-2020 02:00,1
5,06-06-2020 01:00,1
2,03-06-2020 08:00,1
5,30-06-2020 19:00,1
2,12-10-2020 21:00,1
5,11-07-2020 22:00,1
5,30-06-2020 04:00,1
7,01-07-2020 03:00,1
10,31-07-2021 06:00,0
14,26-07-2020 02:00,0
5,05-06-2020 09:00,1
0,02-07-2020 04:00,1
5,23-07-2020 02:00,1
2,23-06-2020 00:00,1
0,08-08-2020 05:00,1
5,23-07-2020 13:00,1
17,28-07-2020 06:00,0
23,05-08-2020 16:00,2
5,14-07-2020 03:00,1
21,11-07-2020 04:00,2
8,06-07-2020 17:00,1
2,10-06-2020 19:00,1
8,12-05-2021 23:00,1
5,29-05-2020 18:00,1
14,26-05-2020 06:00,0
5,21-07-2020 06:00,1
8,18-07-2020 05:00,1
17,26-03-2022 07:00,0
13,11-08-2020 10:00,0
5,29-06-2020 10:00,1
19,24-06-2020 03:00,2
14,28-07-2020 07:00,0
4,28-07-2020 13:00,1
13,01-08-2020 06:00,0
17,14-11-2020 15:00,0
24,05-07-2020 14:00,2
12,24-06-2020 07:00,0
2,11-06-2020 06:00,1
9,05-08-2020 14:00,1
8,15-07-2020 15:00,1
8,07-08-2020 14:00,1
14,13-06-2020 09:00,0
2,12-07-2020 18:00,1
8,01-08-2020 15:00,1
2,08-06-2020 18:00,1
13,11-08-2020 10:00,0
5,09-06-2020 18:00,1
10,09-06-2020 20:00,0
13,02-08-2020 13:00,0
13,16-06-2020 17:00,0
2,12-07-2020 02:00,1
1,08-07-2020 19:00,1
14,03-06-2020 04:00,0
0,10-06-2020 22:00,1
28,01-07-2020 16:00,2
7,30-05-2020 12:00,1
13,08-07-2020 22:00,0
18,04-06-2020 16:00,0
4,10-06-2020 20:00,1
8,14-07-2020 05:00,1
5,12-08-2020 05:00,1
9,23-09-2020 07:00,1
1,19-06-2020 03:00,1
8,23-06-2020 04:00,1
2,28-07-2020 22:00,1
14,16-07-2020 18:00,0
2,03-08-2021 09:00,1
9,10-07-2020 00:00,1
17,25-07-2020 07:00,0
4,28-06-2020 07:00,1
5,12-08-2020 04:00,1
5,24-06-2020 04:00,1
14,20-07-2020 15:00,0
4,08-07-2020 09:00,1
28,29-07-2020 15:00,2
17,07-07-2020 23:00,0
17,10-08-2020 23:00,0
2,15-05-2022 01:00,1
26,27-07-2020 07:00,2
2,07-06-2020 18:00,1
5,20-06-2020 08:00,1
18,20-06-2020 23:00,0
13,16-08-2020 22:00,0
21,31-05-2020 10:00,2
20,01-02-2021 01:00,2
21,12-04-2022 23:00,2
2,04-06-2020 20:00,1
6,12-08-2020 00:00,1
8,10-07-2020 12:00,1
12,11-08-2020 14:00,0
14,28-07-2020 10:00,0
12,01-05-2021 08:00,0
11,31-05-2020 14:00,0
14,23-07-2020 22:00,0
16,11-06-2020 13:00,0
24,25-08-2020 04:00,2
2,20-08-2020 22:00,1
21,23-06-2020 00:00,2
8,27-12-2021 22:00,1
21,03-08-2020 20:00,2
4,19-08-2020 23:00,1
12,05-07-2020 03:00,0
7,25-06-2020 03:00,1
9,28-07-2020 12:00,1
5,09-08-2020 05:00,1
24,01-06-2020 18:00,2
16,23-07-2020 18:00,0
12,08-06-2020 11:00,0
5,01-06-2020 21:00,1
17,17-07-2020 04:00,0
21,03-03-2022 03:00,2
3,15-07-2020 20:00,1
17,14-06-2020 04:00,0
0,12-06-2020 08:00,1
10,19-07-2020 22:00,0
13,04-07-2020 09:00,0
17,04-06-2020 05:00,0
13,02-02-2022 06:00,0
2,07-07-2020 02:00,1
2,17-06-2020 06:00,1
20,30-10-2020 16:00,2
4,06-08-2020 03:00,1
19,23-07-2020 11:00,2
25,24-06-2020 16:00,2
22,09-07-2020 03:00,2
10,06-08-2020 19:00,0
28,15-09-2020 09:00,2
5,20-06-2020 11:00,1
8,27-07-2020 10:00,1
5,07-06-2020 15:00,1
27,06-05-2022 11:00,2
1,02-06-2020 12:00,1
17,08-08-2020 12:00,0
1,21-08-2020 10:00,1
13,16-06-2020 10:00,0
5,13-06-2021 09:00,1
5,21-08-2020 21:00,1
24,23-06-2020 01:00,2
23,04-06-2020 04:00,2
17,07-08-2020 16:00,0
5,29-06-2020 05:00,1
18,18-07-2020 00:00,0
1,24-06-2020 19:00,1
2,26-06-2020 18:00,1
28,11-08-2020 00:00,2
1,08-11-2020 01:00,1
5,29-07-2020 05:00,1
17,02-08-2020 06:00,0
17,27-10-2020 07:00,0
13,20-07-2020 06:00,0
8,25-06-2020 21:00,1
10,24-08-2020 12:00,0
13,16-06-2020 17:00,0
28,25-08-2020 19:00,2
12,08-06-2020 14:00,0
1,07-08-2020 18:00,1
24,15-08-2020 20:00,2
1,28-07-2020 02:00,1
4,27-09-2020 23:00,1
5,09-08-2020 13:00,1
4,08-07-2020 01:00,1
10,20-06-2020 23:00,0
5,14-09-2020 09:00,1
2,24-08-2020 13:00,1
1,07-06-2020 17:00,1
5,12-08-2020 14:00,1
4,07-08-2020 05:00,1
25,04-08-2021 23:00,2
18,15-06-2020 07:00,0
22,19-08-2020 23:00,2
7,07-07-2020 14:00,1
13,07-11-2021 22:00,0
12,29-06-2020 12:00,0
28,08-08-2020 13:00,2
5,16-06-2020 01:00,1
13,28-07-2020 08:00,0
8,23-08-2020 00:00,1
9,24-08-2020 06:00,1
17,08-08-2020 23:00,0
10,01-07-2020 10:00,0
2,30-07-2020 06:00,1
21,15-11-2020 10:00,2
4,26-09-2020 11:00,1
3,10-07-2020 12:00,1
17,30-07-2020 04:00,0
1,07-06-2020 09:00,1
5,26-07-2020 22:00,1
20,03-08-2020 10:00,2
10,14-08-2020 02:00,0
21,16-06-2021 02:00,2
21,20-06-2020 11:00,2
7,08-08-2020 18:00,1
5,24-08-2020 20:00,1
24,26-08-2020 15:00,2
28,09-06-2020 16:00,2
17,10-09-2021 01:00,0
0,24-08-2020 09:00,1
2,28-07-2020 01:00,1
17,03-08-2020 20:00,0
8,13-07-2020 19:00,1
25,31-08-2020 03:00,2
25,04-07-2020 07:00,2
8,02-07-2020 21:00,1
1,21-02-2021 12:00,1
5,21-06-2020 05:00,1
5,01-07-2020 16:00,1
2,20-07-2020 02:00,1
2,26-07-2020 03:00,1
7,13-07-2020 19:00,1
13,24-06-2020 23:00,0
22,19-04-2022 09:00,2
8,29-06-2020 04:00,1
23,24-06-2021 16:00,2
28,27-07-2020 04:00,2
8,25-06-2020 11:00,1
13,11-06-2020 18:00,0
21,04-09-2020 06:00,2
1,01-07-2020 05:00,1
14,29-06-2020 08:00,0
1,28-08-2020 02:00,1
21,16-08-2020 13:00,2
19,21-06-2020 11:00,2
12,16-08-2020 14:00,0
8,03-08-2020 05:00,1
11,21-08-2020 16:00,0
10,06-07-2020 21:00,0
8,04-10-2021 19:00,1
13,14-07-2020 18:00,0
24,28-08-2020 04:00,2
28,29-07-2020 04:00,2
2,04-09-2020 18:00,1
19,26-08-2020 06:00,2
23,24-10-2021 22:00,2
5,14-10-2020 00:00,1
3,03-07-2020 17:00,1
8,16-06-2020 20:00,1
13,03-09-2020 02:00,0
18,25-07-2020 01:00,0
0,20-08-2020 12:00,1
5,14-08-2020 23:00,1
21,18-06-2020 04:00,2
2,30-09-2020 20:00,1
1,30-06-2020 17:00,1
9,26-09-2020 14:00,1
1,14-07-2021 15:00,1
2,25-09-2020 19:00,1
8,25-08-2020 21:00,1
4,09-09-2020 01:00,1
12,31-07-2020 11:00,0
0,25-05-2022 17:00,1
2,21-07-2020 08:00,1
3,03-05-2021 08:00,1
21,29-06-2020 00:00,2
17,30-07-2020 16:00,0
0,05-08-2020 13:00,1
18,11-07-2020 19:00,0
4,25-03-2022 17:00,1
11,05-09-2020 16:00,0
14,03-08-2020 17:00,0
17,22-08-2020 20:00,0
17,16-08-2020 17:00,0
1,13-07-2020 08:00,1
5,02-08-2020 13:00,1
24,17-03-2021 03:00,2
21,22-07-2020 13:00,2
2,18-03-2021 18:00,1
27,23-06-2020 12:00,2
20,18-08-2020 21:00,2
10,21-07-2020 23:00,0
1,31-08-2020 11:00,1
2,19-01-2021 03:00,1
13,25-08-2020 14:00,0
20,24-06-2020 05:00,2
14,09-08-2020 07:00,0
2,08-09-2021 10:00,1
4,08-07-2020 02:00,1
5,26-07-2020 02:00,1
12,15-11-2021 14:00,0
5,04-09-2020 10:00,1
0,25-07-2020 14:00,1
17,19-08-2020 04:00,0
0,27-07-2020 13:00,1
17,12-07-2020 04:00,0
9,17-08-2020 02:00,1
28,01-07-2020 20:00,2
18,30-08-2020 13:00,0
21,03-09-2020 23:00,2
21,28-11-2020 17:00,2
5,27-05-2021 12:00,1
17,11-07-2021 15:00,0
8,16-09-2020 08:00,1
4,26-07-2020 08:00,1
17,19-08-2020 15:00,0
10,19-07-2020 04:00,0
17,29-07-2020 02:00,0
10,16-11-2020 13:00,0
13,02-12-2020 01:00,0
17,08-08-2020 19:00,0
5,24-03-2022 16:00,1
8,08-09-2020 04:00,1
25,27-07-2020 21:00,2
5,26-08-2020 11:00,1
12,04-12-2021 00:00,0
5,11-07-2020 16:00,1
1,29-06-2020 15:00,1
18,16-07-2020 14:00,0
1,05-08-2020 21:00,1
14,09-07-2020 18:00,0
12,17-08-2020 05:00,0
24,28-06-2020 13:00,2
28,04-09-2020 02:00,2
13,28-06-2020 18:00,0
13,01-11-2020 19:00,0
15,21-07-2020 11:00,0
17,01-08-2020 11:00,0
20,20-07-2020 14:00,2
28,25-06-2020 00:00,2
2,04-07-2020 01:00,1
21,15-08-2020 06:00,2
4,21-08-2020 05:00,1
18,07-07-2020 13:00,0
17,26-09-2020 17:00,0
4,28-07-2020 01:00,1
13,04-08-2020 06:00,0
2,28-06-2020 08:00,1
17,09-09-2020 13:00,0
5,07-07-2020 10:00,1
4,21-07-2020 15:00,1
28,02-11-2020 00:00,2
4,29-06-2020 14:00,1
2,21-08-2020 23:00,1
23,27-06-2020 23:00,2
5,16-08-2020 17:00,1
5,09-08-2020 06:00,1
17,30-06-2020 15:00,0
13,12-07-2020 20:00,0
21,29-06-2020 05:00,2
13,17-07-2020 03:00,0
2,23-11-2020 06:00,1
22,19-04-2021 23:00,2
2,13-04-2022 02:00,1
5,25-07-2021 04:00,1
4,22-10-2020 22:00,1
24,16-07-2020 23:00,2
9,11-07-2020 10:00,1
5,11-07-2020 11:00,1
21,30-06-2020 15:00,2
13,19-08-2020 13:00,0
10,29-06-2020 07:00,0
8,21-07-2020 05:00,1
8,18-08-2020 22:00,1
8,09-09-2020 16:00,1
5,07-08-2020 12:00,1
1,14-09-2020 19:00,1
17,18-08-2020 18:00,0
17,20-09-2020 08:00,0
1,09-07-2020 07:00,1
9,29-07-2020 22:00,1
5,05-11-2021 01:00,1
10,03-07-2020 18:00,0
13,04-09-2020 02:00,0
17,24-08-2020 22:00,0
18,21-02-2022 15:00,0
5,27-08-2020 07:00,1
1,23-11-2021 21:00,1
8,10-07-2020 13:00,1
28,21-09-2020 10:00,2
13,21-08-2020 10:00,0
24,25-07-2020 03:00,2
2,02-09-2020 22:00,1
21,17-08-2020 10:00,2
10,04-09-2020 10:00,0
1,09-08-2020 09:00,1
14,17-08-2020 07:00,0
14,12-08-2020 19:00,0
21,16-09-2020 17:00,2
4,17-07-2020 00:00,1
14,16-07-2020 21:00,0
25,22-09-2020 09:00,2
5,25-07-2020 15:00,1
9,16-07-2020 00:00,1
5,06-09-2020 05:00,1
7,18-07-2020 11:00,1
10,13-05-2022 05:00,0
8,02-08-2020 00:00,1
9,04-09-2020 10:00,1
13,16-08-2020 20:00,0
8,16-09-2020 17:00,1
17,05-09-2020 07:00,0
2,25-07-2020 09:00,1
4,18-09-2020 06:00,1
17,31-08-2020 11:00,0
1,13-08-2020 08:00,1
17,14-07-2020 10:00,0
11,01-09-2020 11:00,0
2,04-07-2020 09:00,1
3,02-09-2020 07:00,1
2,03-07-2020 22:00,1
9,04-09-2020 16:00,1
10,11-09-2020 09:00,0
15,25-07-2020 06:00,0
14,21-09-2020 01:00,0
15,20-12-2020 11:00,0
6,11-07-2020 06:00,1
15,23-07-2020 20:00,0
2,26-11-2021 08:00,1
20,12-09-2020 05:00,2
4,22-07-2020 17:00,1
1,24-08-2020 16:00,1
8,20-07-2020 19:00,1
5,28-07-2020 09:00,1
4,27-08-2020 21:00,1
26,01-10-2020 23:00,2
18,22-09-2020 18:00,0
25,08-09-2020 22:00,2
12,14-09-2020 20:00,0
21,29-08-2020 04:00,2
12,19-07-2020 00:00,0
12,05-07-2020 08:00,0
28,28-10-2020 04:00,2
17,25-07-2020 23:00,0
10,15-08-2020 04:00,0
8,12-06-2022 07:00,1
10,29-07-2020 01:00,0
4,11-07-2020 07:00,1
5,01-09-2020 20:00,1
2,11-08-2020 09:00,1
12,11-09-2020 16:00,0
14,26-08-2020 21:00,0
8,13-07-2020 21:00,1
13,27-08-2020 17:00,0
5,22-09-2020 16:00,1
12,14-08-2020 06:00,0
9,28-07-2020 15:00,1
17,09-07-2020 21:00,0
17,16-07-2020 11:00,0
5,07-07-2020 07:00,1
14,26-06-2022 08:00,0
8,08-08-2020 23:00,1
17,24-07-2020 13:00,0
13,03-09-2020 22:00,0
5,22-11-2020 03:00,1
14,27-01-2021 12:00,0
16,07-08-2020 20:00,0
2,14-11-2020 22:00,1
4,28-07-2020 02:00,1
1,23-09-2020 21:00,1
8,22-09-2020 20:00,1
24,25-08-2020 16:00,2
26,26-09-2020 05:00,2
9,09-07-2020 08:00,1
15,17-08-2020 22:00,0
13,08-07-2020 02:00,0
14,16-08-2020 21:00,0
2,24-06-2021 20:00,1
11,21-08-2020 20:00,0
10,11-07-2020 05:00,0
12,02-08-2020 13:00,0
13,26-08-2020 11:00,0
4,27-07-2020 11:00,1
25,13-09-2020 04:00,2
8,03-07-2020 06:00,1
19,25-09-2020 01:00,2
21,26-07-2020 23:00,2
18,01-08-2020 08:00,0
5,19-09-2020 02:00,1
1,04-09-2020 23:00,1
4,27-08-2020 14:00,1
4,12-07-2020 15:00,1
21,31-08-2020 04:00,2
21,17-09-2020 10:00,2
2,04-08-2020 12:00,1
28,11-07-2020 20:00,2
2,22-07-2020 23:00,1
5,20-08-2020 12:00,1
12,14-09-2020 13:00,0
25,24-09-2020 09:00,2
5,03-12-2020 19:00,1
19,14-01-2022 19:00,2
5,29-09-2020 04:00,1
15,25-09-2020 12:00,0
13,12-08-2020 18:00,0
20,12-08-2020 16:00,2
28,16-09-2020 04:00,2
17,06-05-2022 06:00,0
3,16-08-2020 08:00,1
17,15-08-2020 03:00,0
14,04-08-2020 16:00,0
5,20-09-2020 01:00,1
5,03-09-2020 01:00,1
17,23-09-2020 13:00,0
12,05-11-2020 13:00,0
28,29-09-2020 17:00,2
8,12-09-2020 19:00,1
13,04-09-2020 16:00,0
24,09-09-2020 05:00,2
12,16-08-2020 14:00,0
1,12-08-2020 05:00,1
10,27-07-2020 04:00,0
4,23-02-2021 17:00,1
21,21-07-2020 23:00,2
17,26-07-2020 14:00,0
17,14-07-2020 13:00,0
16,15-09-2020 20:00,0
18,24-07-2020 06:00,0
4,11-08-2020 09:00,1
28,17-07-2020 20:00,2
5,25-08-2020 05:00,1
28,14-08-2020 10:00,2
24,02-05-2021 03:00,2
1,06-09-2021 04:00,1
8,02-09-2020 04:00,1
22,25-07-2020 17:00,2
5,21-08-2020 06:00,1
24,08-12-2020 02:00,2
9,16-09-2020 09:00,1
1,26-09-2020 05:00,1
15,01-08-2020 22:00,0
8,23-09-2020 17:00,1
8,20-09-2020 22:00,1
23,04-09-2020 00:00,2
7,25-07-2020 08:00,1
17,21-08-2020 00:00,0
14,17-11-2020 12:00,0
21,08-08-2021 23:00,2
8,03-10-2020 06:00,1
5,18-01-2022 03:00,1
13,25-08-2020 11:00,0
25,09-09-2020 00:00,2
17,26-06-2022 14:00,0
21,21-09-2020 05:00,2
17,01-10-2020 20:00,0
5,24-07-2020 19:00,1
18,02-04-2022 06:00,0
2,25-07-2020 07:00,1
12,12-08-2020 02:00,0
16,02-09-2020 01:00,0
4,03-10-2020 04:00,1
25,06-10-2020 01:00,2
17,16-08-2020 22:00,0
5,01-10-2020 15:00,1
2,02-10-2020 23:00,1
14,25-09-2020 23:00,0
8,06-08-2020 14:00,1
8,25-07-2020 20:00,1
15,03-08-2020 14:00,0
0,28-10-2020 07:00,1
15,05-09-2020 14:00,0
8,24-08-2020 03:00,1
13,01-01-2021 07:00,0
5,14-09-2020 08:00,1
5,26-10-2020 21:00,1
10,31-08-2020 01:00,0
18,21-05-2022 11:00,0
25,21-09-2020 18:00,2
0,01-12-2020 16:00,1
26,19-08-2020 08:00,2
26,05-10-2020 02:00,2
5,06-08-2020 10:00,1
13,19-09-2020 14:00,0
5,27-08-2020 18:00,1
2,27-07-2020 06:00,1
24,31-08-2020 05:00,2
1,27-07-2020 05:00,1
14,12-08-2020 05:00,0
24,21-08-2020 01:00,2
17,28-09-2021 01:00,0
4,24-09-2020 16:00,1
20,22-07-2020 02:00,2
4,29-08-2020 06:00,1
21,22-06-2021 21:00,2
10,30-07-2020 06:00,0
14,26-07-2020 01:00,0
8,21-08-2020 10:00,1
4,07-09-2020 09:00,1
17,05-08-2020 13:00,0
8,24-08-2020 21:00,1
12,09-08-2020 00:00,0
18,09-08-2020 16:00,0
0,20-07-2020 15:00,1
23,09-09-2020 02:00,2
2,02-10-2020 07:00,1
4,25-07-2020 22:00,1
17,14-08-2020 02:00,0
18,01-08-2020 02:00,0
0,03-08-2020 21:00,1
5,03-09-2020 03:00,1
20,07-08-2020 18:00,2
13,03-08-2020 02:00,0
21,11-09-2020 23:00,2
7,25-09-2020 23:00,1
9,13-09-2020 05:00,1
23,05-10-2021 02:00,2
7,10-11-2020 23:00,1
3,06-09-2020 19:00,1
4,15-08-2020 07:00,1
5,09-10-2021 08:00,1
24,31-08-2020 01:00,2
16,06-10-2020 20:00,0
5,23-07-2020 09:00,1
4,16-09-2020 23:00,1
2,17-11-2021 08:00,1
24,09-09-2020 16:00,2
2,23-09-2020 22:00,1
13,31-07-2020 09:00,0
17,02-08-2020 10:00,0
14,30-08-2020 01:00,0
23,30-09-2020 14:00,2
1,25-09-2020 04:00,1
7,09-10-2020 23:00,1
16,13-08-2020 09:00,0
21,04-09-2020 18:00,2
19,15-08-2020 23:00,2
5,13-08-2020 17:00,1
17,30-08-2020 04:00,0
2,24-07-2020 16:00,1
27,22-05-2021 21:00,2
25,22-07-2020 12:00,2
2,12-08-2020 05:00,1
18,04-10-2020 09:00,0
17,26-07-2020 13:00,0
21,20-09-2020 20:00,2
17,22-08-2020 16:00,0
15,19-09-2020 09:00,0
2,01-09-2020 04:00,1
26,12-12-2020 02:00,2
8,22-08-2020 05:00,1
8,02-08-2020 14:00,1
9,17-09-2020 20:00,1
20,28-07-2020 04:00,2
2,11-08-2020 15:00,1
9,08-08-2020 04:00,1
3,01-10-2020 14:00,1
4,21-08-2020 04:00,1
2,13-08-2021 00:00,1
4,09-08-2020 01:00,1
17,20-01-2021 22:00,0
2,15-10-2020 05:00,1
1,18-08-2020 05:00,1
2,01-07-2021 10:00,1
5,01-08-2020 14:00,1
8,02-10-2020 13:00,1
5,04-01-2021 00:00,1
26,07-08-2020 20:00,2
1,01-09-2020 15:00,1
1,25-11-2020 03:00,1
5,04-09-2020 15:00,1
16,05-09-2020 01:00,0
1,31-07-2020 04:00,1
16,07-08-2020 13:00,0
24,12-09-2020 08:00,2
2,10-08-2020 02:00,1
26,12-10-2020 23:00,2
17,11-10-2020 01:00,0
6,26-08-2020 23:00,1
2,14-08-2020 01:00,1
4,08-08-2020 02:00,1
14,04-10-2020 06:00,0
14,21-09-2020 15:00,0
0,17-10-2020 16:00,1
21,12-09-2020 16:00,2
17,17-05-2022 03:00,0
21,15-11-2021 13:00,2
8,01-10-2020 06:00,1
5,26-09-2020 10:00,1
8,30-06-2021 09:00,1
2,22-08-2020 18:00,1
17,30-09-2020 10:00,0
8,04-03-2021 17:00,1
2,23-05-2021 18:00,1
9,03-08-2020 19:00,1
13,22-09-2020 16:00,0
12,05-08-2020 04:00,0
24,12-08-2020 01:00,2
5,07-09-2020 00:00,1
5,13-10-2020 21:00,1
5,06-08-2020 02:00,1
17,18-10-2020 20:00,0
5,24-02-2021 11:00,1
10,30-08-2020 16:00,0
13,05-09-2020 12:00,0
25,19-09-2020 09:00,2
1,03-08-2020 07:00,1
5,11-10-2020 03:00,1
13,19-10-2020 14:00,0
4,18-10-2020 08:00,1
5,04-06-2021 16:00,1
1,01-09-2020 18:00,1
8,08-01-2021 16:00,1
5,18-10-2020 09:00,1
2,17-08-2020 02:00,1
21,06-06-2022 20:00,2
22,07-10-2020 17:00,2
2,07-08-2020 20:00,1
1,30-08-2020 04:00,1
10,23-09-2020 13:00,0
2,23-09-2020 17:00,1
5,06-10-2020 04:00,1
4,14-12-2020 23:00,1
8,02-10-2020 07:00,1
12,21-08-2020 17:00,0
2,24-08-2020 05:00,1
13,15-02-2021 02:00,0
24,15-08-2020 19:00,2
13,22-01-2021 21:00,0
5,19-01-2021 07:00,1
9,14-08-2020 10:00,1
14,25-08-2020 09:00,0
18,07-08-2020 22:00,0
18,29-09-2020 20:00,0
9,14-08-2020 09:00,1
17,16-08-2020 23:00,0
25,30-08-2020 13:00,2
14,29-08-2020 22:00,0
11,05-06-2022 01:00,0
20,12-01-2021 19:00,2
2,04-10-2020 05:00,1
7,21-08-2020 21:00,1
2,02-10-2020 09:00,1
10,07-08-2020 01:00,0
4,21-12-2021 00:00,1
4,20-09-2020 13:00,1
2,03-09-2020 01:00,1
22,20-09-2020 09:00,2
7,05-08-2020 13:00,1
2,08-10-2020 22:00,1
17,10-10-2020 17:00,0
10,12-08-2020 08:00,0
10,03-11-2020 03:00,0
20,23-08-2020 03:00,2
25,13-08-2020 09:00,2
17,22-09-2020 07:00,0
4,07-08-2020 00:00,1
17,09-09-2020 04:00,0
13,11-10-2021 09:00,0
21,17-09-2020 02:00,2
21,21-08-2020 03:00,2
4,28-08-2020 06:00,1
2,02-08-2020 16:00,1
2,04-09-2020 23:00,1
25,13-09-2020 06:00,2
1,26-09-2020 03:00,1
17,29-09-2020 05:00,0
17,24-08-2020 08:00,0
21,22-08-2020 19:00,2
5,19-03-2021 13:00,1
21,05-08-2020 03:00,2
11,31-08-2020 20:00,0
14,12-10-2020 05:00,0
4,29-12-2021 11:00,1
2,01-12-2021 11:00,1
25,07-10-2020 22:00,2
9,02-09-2020 15:00,1
2,12-09-2020 11:00,1
10,25-07-2022 18:00,0
1,18-09-2020 17:00,1
18,14-10-2020 19:00,0
21,17-11-2020 21:00,2
1,24-10-2020 14:00,1
3,29-10-2020 02:00,1
1,29-09-2020 12:00,1
3,26-01-2021 19:00,1
8,26-12-2020 14:00,1
20,25-08-2021 14:00,2
9,07-09-2020 23:00,1
9,29-11-2021 01:00,1
26,25-06-2021 02:00,2
8,18-08-2020 17:00,1
24,02-09-2020 19:00,2
3,26-08-2020 06:00,1
25,20-08-2020 15:00,2
5,23-09-2020 05:00,1
0,22-01-2021 07:00,1
12,25-08-2020 17:00,0
9,28-08-2020 22:00,1
5,10-09-2020 12:00,1
5,21-10-2020 00:00,1
13,23-09-2020 00:00,0
2,17-09-2020 08:00,1
21,13-09-2020 02:00,2
5,21-10-2020 14:00,1
17,21-09-2020 12:00,0
25,29-09-2020 06:00,2
12,28-09-2020 01:00,0
8,03-10-2020 10:00,1
17,08-09-2020 00:00,0
11,13-09-2020 02:00,0
10,02-10-2020 19:00,0
10,20-10-2020 16:00,0
10,17-06-2022 21:00,0
21,22-09-2020 19:00,2
4,21-04-2021 18:00,1
21,08-10-2020 07:00,2
14,01-10-2020 01:00,0
2,15-10-2020 16:00,1
21,26-08-2020 20:00,2
5,13-10-2020 09:00,1
27,07-09-2020 17:00,2
13,19-09-2020 13:00,0
0,08-09-2020 16:00,1
8,10-09-2020 00:00,1
4,30-10-2020 04:00,1
13,27-02-2022 22:00,0
13,06-09-2020 21:00,0
17,26-03-2021 07:00,0
1,11-10-2020 19:00,1
13,24-08-2020 06:00,0
26,29-08-2020 05:00,2
11,21-08-2020 22:00,0
17,11-10-2020 07:00,0
17,06-11-2020 06:00,0
28,27-10-2020 09:00,2
13,30-09-2020 10:00,0
8,05-01-2021 16:00,1
14,28-08-2020 19:00,0
6,15-09-2020 14:00,1
0,29-12-2020 21:00,1
26,29-10-2020 19:00,2
15,30-09-2020 05:00,0
2,07-01-2022 20:00,1
8,07-10-2020 22:00,1
4,09-09-2020 16:00,1
5,28-08-2020 12:00,1
26,08-10-2020 23:00,2
24,03-09-2020 15:00,2
17,19-07-2022 12:00,0
1,03-11-2020 20:00,1
4,20-09-2020 09:00,1
17,20-08-2020 12:00,0
4,09-10-2020 07:00,1
21,23-10-2020 18:00,2
3,10-08-2020 05:00,1
27,10-10-2020 01:00,2
20,23-12-2020 17:00,2
3,29-06-2021 09:00,1
18,25-10-2020 21:00,0
17,26-07-2021 12:00,0
14,03-09-2020 00:00,0
21,07-11-2020 22:00,2
16,08-09-2020 00:00,0
5,17-10-2020 13:00,1
0,25-07-2022 08:00,1
12,09-11-2020 12:00,0
8,28-08-2020 05:00,1
9,13-09-2020 10:00,1
17,13-10-2020 06:00,0
5,30-10-2020 10:00,1
18,06-10-2020 00:00,0
0,01-10-2020 20:00,1
5,11-10-2020 07:00,1
4,23-08-2020 09:00,1
1,28-05-2022 15:00,1
14,29-09-2020 00:00,0
13,23-09-2020 12:00,0
6,20-12-2021 15:00,1
8,09-09-2020 12:00,1
2,20-02-2022 21:00,1
8,15-09-2020 00:00,1
24,05-10-2020 05:00,2
4,14-09-2020 03:00,1
5,10-09-2020 03:00,1
7,25-08-2020 21:00,1
4,04-11-2020 07:00,1
17,07-11-2020 17:00,0
21,13-09-2020 00:00,2
5,26-09-2020 22:00,1
10,18-10-2020 14:00,0
25,13-09-2020 02:00,2
9,30-09-2020 00:00,1
5,03-10-2020 00:00,1
17,16-09-2020 04:00,0
4,05-10-2020 11:00,1
21,25-10-2020 03:00,2
2,01-11-2020 09:00,1
12,06-11-2020 15:00,0
24,21-09-2020 11:00,2
8,07-01-2021 12:00,1
14,13-09-2020 12:00,0
3,03-10-2020 12:00,1
13,09-11-2020 23:00,0
8,01-10-2020 01:00,1
4,18-08-2020 10:00,1
26,19-08-2020 02:00,2
9,31-10-2020 01:00,1
8,22-08-2020 05:00,1
4,06-10-2020 21:00,1
21,08-11-2020 07:00,2
3,08-12-2020 20:00,1
4,04-10-2020 19:00,1
24,29-08-2020 21:00,2
1,27-09-2020 01:00,1
6,25-12-2020 23:00,1
28,08-11-2020 22:00,2
15,04-09-2020 06:00,0
13,18-09-2020 21:00,0
13,17-08-2020 17:00,0
17,14-01-2022 05:00,0
20,10-09-2020 07:00,2
5,18-08-2020 11:00,1
13,21-08-2020 05:00,0
4,20-08-2020 06:00,1
5,06-12-2021 01:00,1
3,24-09-2020 19:00,1
8,31-08-2020 20:00,1
5,09-09-2020 12:00,1
5,16-10-2020 04:00,1
17,27-09-2020 12:00,0
17,18-11-2020 09:00,0
8,06-02-2021 17:00,1
17,19-10-2020 18:00,0
15,29-08-2020 21:00,0
17,04-10-2020 09:00,0
21,10-09-2020 10:00,2
21,27-09-2020 08:00,2
6,27-10-2020 01:00,1
1,27-09-2020 05:00,1
5,07-09-2020 22:00,1
9,07-11-2020 12:00,1
8,18-09-2020 03:00,1
24,06-09-2020 15:00,2
2,06-10-2020 03:00,1
17,11-11-2020 13:00,0
17,23-10-2020 09:00,0
17,03-09-2020 10:00,0
4,07-11-2020 21:00,1
1,03-10-2020 20:00,1
0,26-09-2020 17:00,1
5,27-09-2020 06:00,1
10,29-10-2020 11:00,0
5,20-09-2020 05:00,1
5,04-10-2020 04:00,1
13,29-08-2020 02:00,0
22,01-11-2020 07:00,2
5,25-10-2020 19:00,1
13,27-08-2020 00:00,0
13,07-10-2020 05:00,0
10,07-09-2020 01:00,0
13,08-11-2020 02:00,0
21,16-10-2020 05:00,2
0,31-08-2020 20:00,1
5,24-10-2020 07:00,1
5,01-09-2020 15:00,1
1,06-09-2020 13:00,1
8,30-09-2020 03:00,1
8,23-09-2020 00:00,1
18,16-09-2020 22:00,0
2,07-11-2020 00:00,1
28,01-09-2020 23:00,2
8,27-09-2020 18:00,1
2,05-12-2020 05:00,1
1,30-08-2020 14:00,1
8,31-08-2020 09:00,1
13,16-10-2020 16:00,0
17,11-12-2021 00:00,0
15,21-09-2020 00:00,0
25,04-02-2021 00:00,2
5,03-02-2021 21:00,1
2,16-11-2020 08:00,1
10,27-09-2020 14:00,0
13,24-10-2020 05:00,0
4,31-08-2020 09:00,1
2,27-08-2020 19:00,1
10,02-10-2020 11:00,0
13,21-09-2020 22:00,0
23,20-10-2020 17:00,2
27,17-10-2020 15:00,2
17,01-11-2020 17:00,0
24,09-11-2020 14:00,2
17,19-10-2020 04:00,0
5,02-01-2021 19:00,1
2,25-09-2020 08:00,1
5,24-01-2021 22:00,1
1,12-11-2020 23:00,1
19,02-10-2020 11:00,2
17,15-01-2021 05:00,0
11,29-09-2020 21:00,0
10,20-11-2020 01:00,0
2,06-11-2020 12:00,1
7,22-09-2020 02:00,1
1,23-10-2020 09:00,1
12,28-10-2020 18:00,0
2,02-09-2020 04:00,1
5,05-11-2020 16:00,1
21,16-11-2020 06:00,2
6,23-09-2020 11:00,1
3,12-10-2020 06:00,1
17,03-09-2020 02:00,0
4,26-05-2022 02:00,1
2,22-09-2020 13:00,1
5,17-08-2022 11:00,1
17,27-09-2020 08:00,0
17,15-11-2020 13:00,0
0,20-09-2020 09:00,1
10,24-10-2020 15:00,0
21,14-07-2022 09:00,2
21,17-11-2020 17:00,2
20,21-11-2020 14:00,2
21,11-09-2020 14:00,2
8,24-10-2020 10:00,1
4,28-10-2020 11:00,1
5,27-12-2020 09:00,1
8,07-04-2021 07:00,1
4,13-10-2020 23:00,1
5,25-03-2022 17:00,1
14,26-09-2020 12:00,0
9,17-02-2021 01:00,1
2,03-11-2020 03:00,1
5,10-11-2020 22:00,1
17,21-10-2020 18:00,0
1,12-10-2020 02:00,1
8,22-11-2020 18:00,1
4,06-11-2020 06:00,1
13,20-11-2020 11:00,0
5,12-10-2020 05:00,1
2,08-09-2020 15:00,1
2,27-04-2021 03:00,1
2,12-11-2020 21:00,1
8,13-10-2020 22:00,1
2,11-11-2020 01:00,1
15,03-10-2020 19:00,0
17,22-09-2020 11:00,0
17,24-10-2020 14:00,0
5,06-11-2020 03:00,1
21,03-09-2020 16:00,2
7,13-11-2020 20:00,1
1,02-10-2020 00:00,1
4,14-09-2020 14:00,1
8,17-02-2022 04:00,1
17,02-10-2020 12:00,0
24,06-10-2020 02:00,2
26,23-11-2020 00:00,2
26,23-10-2020 16:00,2
21,05-09-2020 06:00,2
12,19-09-2020 14:00,0
8,02-10-2020 01:00,1
3,18-10-2020 02:00,1
1,03-12-2020 05:00,1
21,01-12-2020 11:00,2
10,23-11-2020 21:00,0
2,19-09-2020 05:00,1
2,02-11-2020 13:00,1
26,12-10-2020 02:00,2
1,17-10-2020 07:00,1
5,11-10-2020 02:00,1
5,09-10-2020 08:00,1
5,15-09-2020 04:00,1
8,24-11-2020 16:00,1
4,27-12-2020 22:00,1
10,14-01-2021 12:00,0
6,16-10-2020 16:00,1
10,29-05-2021 01:00,0
17,09-10-2020 15:00,0
5,12-10-2020 20:00,1
17,10-11-2020 16:00,0
21,02-09-2020 10:00,2
19,22-10-2020 00:00,2
2,05-10-2020 06:00,1
11,25-11-2020 01:00,0
16,22-10-2020 01:00,0
14,09-04-2022 21:00,0
0,04-10-2020 09:00,1
4,01-02-2022 05:00,1
9,05-09-2020 13:00,1
25,15-09-2020 04:00,2
17,25-11-2020 01:00,0
17,11-11-2020 02:00,0
5,02-09-2020 17:00,1
8,24-10-2020 08:00,1
18,01-09-2020 08:00,0
6,02-10-2020 10:00,1
8,14-11-2020 09:00,1
17,24-10-2021 11:00,0
2,14-11-2020 13:00,1
21,05-10-2020 17:00,2
24,18-09-2020 03:00,2
17,22-09-2020 17:00,0
2,20-09-2020 20:00,1
23,27-08-2022 21:00,2
2,18-11-2020 07:00,1
25,07-10-2020 22:00,2
4,25-09-2020 14:00,1
14,09-11-2020 19:00,0
5,18-09-2020 19:00,1
0,09-11-2020 09:00,1
4,20-10-2020 10:00,1
17,03-11-2020 20:00,0
2,22-10-2020 11:00,1
2,27-10-2020 02:00,1
1,12-01-2021 18:00,1
5,29-05-2021 03:00,1
8,13-01-2021 03:00,1
1,01-12-2020 23:00,1
4,11-09-2020 11:00,1
5,19-11-2020 14:00,1
21,26-01-2021 03:00,2
28,27-10-2020 14:00,2
14,28-11-2020 13:00,0
17,15-10-2020 02:00,0
2,19-11-2020 08:00,1
17,02-10-2020 00:00,0
8,17-11-2020 08:00,1
17,07-11-2020 03:00,0
2,20-11-2020 05:00,1
19,15-10-2020 10:00,2
21,03-10-2020 08:00,2
21,28-09-2020 22:00,2
14,18-10-2020 00:00,0
2,01-02-2021 04:00,1
28,26-10-2020 13:00,2
28,01-11-2020 15:00,2
21,05-11-2020 17:00,2
4,05-09-2021 00:00,1
8,23-09-2020 10:00,1
1,26-09-2020 07:00,1
1,02-12-2020 16:00,1
5,11-09-2020 00:00,1
2,13-11-2020 00:00,1
16,29-11-2020 10:00,0
4,29-11-2020 13:00,1
2,20-09-2020 22:00,1
2,03-10-2020 05:00,1
18,15-11-2020 07:00,0
18,28-11-2020 20:00,0
8,16-11-2020 04:00,1
2,24-11-2020 22:00,1
16,04-10-2020 15:00,0
13,03-12-2020 00:00,0
25,28-11-2020 20:00,2
21,11-02-2021 05:00,2
2,18-11-2020 17:00,1
11,12-02-2021 17:00,0
26,03-08-2022 21:00,2
13,27-01-2021 07:00,0
1,09-12-2020 13:00,1
20,02-10-2020 19:00,2
1,02-12-2020 16:00,1
17,19-11-2020 02:00,0
2,23-09-2020 19:00,1
24,05-12-2020 08:00,2
7,22-11-2020 03:00,1
16,30-09-2020 00:00,0
13,01-12-2020 03:00,0
21,26-09-2020 16:00,2
18,07-11-2020 15:00,0
5,19-10-2020 16:00,1
14,14-01-2021 20:00,0
5,10-08-2021 13:00,1
8,29-11-2020 16:00,1
1,17-10-2020 06:00,1
17,21-09-2020 13:00,0
0,11-12-2020 07:00,1
17,15-10-2020 20:00,0
10,16-09-2020 15:00,0
8,27-10-2020 10:00,1
21,13-10-2020 03:00,2
21,31-10-2020 04:00,2
5,26-08-2022 23:00,1
17,24-10-2020 11:00,0
3,17-10-2020 19:00,1
12,25-11-2020 07:00,0
0,28-09-2020 09:00,1
3,01-08-2022 13:00,1
8,16-09-2020 23:00,1
1,22-11-2020 18:00,1
2,30-10-2020 11:00,1
17,01-10-2020 02:00,0
21,17-10-2020 12:00,2
13,02-11-2020 12:00,0
15,13-09-2020 05:00,0
6,19-09-2020 08:00,1
21,12-11-2020 04:00,2
12,05-11-2020 05:00,0
8,09-12-2020 21:00,1
8,31-10-2020 22:00,1
5,29-10-2020 05:00,1
6,25-10-2020 20:00,1
22,07-12-2020 22:00,2
5,25-09-2020 04:00,1
2,21-09-2020 09:00,1
15,09-01-2021 23:00,0
17,06-11-2020 00:00,0
22,15-10-2020 13:00,2
5,28-09-2020 20:00,1
5,28-11-2020 21:00,1
26,01-12-2020 05:00,2
18,15-10-2020 14:00,0
17,15-11-2020 06:00,0
12,05-11-2020 13:00,0
4,02-10-2020 12:00,1
21,11-10-2020 13:00,2
21,30-11-2020 21:00,2
3,24-01-2021 15:00,1
13,10-12-2020 05:00,0
5,03-11-2020 04:00,1
1,10-12-2020 16:00,1
17,21-11-2020 09:00,0
4,03-11-2020 03:00,1
2,29-09-2020 07:00,1
1,05-12-2020 11:00,1
21,23-11-2020 22:00,2
5,12-11-2020 17:00,1
17,21-11-2020 16:00,0
5,20-11-2020 10:00,1
5,13-07-2021 13:00,1
17,15-11-2020 20:00,0
21,01-11-2020 20:00,2
27,18-11-2020 10:00,2
18,01-12-2020 02:00,0
21,28-09-2020 09:00,2
1,31-12-2020 23:00,1
24,11-01-2022 10:00,2
17,02-12-2020 11:00,0
4,26-09-2020 00:00,1
18,24-11-2020 03:00,0
25,30-11-2020 17:00,2
21,06-03-2021 10:00,2
2,15-10-2020 13:00,1
17,24-09-2020 12:00,0
21,01-12-2020 01:00,2
4,06-10-2020 20:00,1
5,02-01-2022 00:00,1
28,14-11-2020 20:00,2
24,15-10-2020 10:00,2
5,18-11-2020 14:00,1
8,23-11-2020 20:00,1
28,15-11-2020 18:00,2
15,02-01-2022 08:00,0
8,09-11-2020 18:00,1
16,29-10-2020 06:00,0
25,03-10-2020 04:00,2
21,20-11-2020 04:00,2
8,04-10-2020 17:00,1
24,03-10-2020 11:00,2
12,14-10-2020 12:00,0
8,05-10-2020 17:00,1
10,07-11-2020 20:00,0
13,18-11-2020 17:00,0
14,07-11-2020 09:00,0
4,14-03-2021 09:00,1
1,29-10-2020 10:00,1
5,02-12-2020 15:00,1
17,15-12-2020 03:00,0
12,07-12-2020 14:00,0
17,18-10-2020 05:00,0
1,02-11-2020 18:00,1
13,31-10-2020 09:00,0
2,28-09-2020 08:00,1
28,21-01-2021 14:00,2
2,30-11-2020 13:00,1
5,10-07-2022 11:00,1
21,06-12-2020 01:00,2
27,25-12-2020 11:00,2
5,24-11-2020 10:00,1
5,21-11-2020 09:00,1
20,25-10-2020 18:00,2
16,04-03-2021 07:00,0
13,01-12-2020 15:00,0
18,28-10-2020 13:00,0
24,06-10-2020 16:00,2
17,15-05-2022 21:00,0
2,11-10-2020 14:00,1
17,15-11-2020 14:00,0
12,09-12-2020 02:00,0
12,28-10-2020 01:00,0
5,07-10-2020 22:00,1
13,10-11-2020 06:00,0
1,19-06-2021 03:00,1
8,12-12-2020 14:00,1
7,26-11-2020 11:00,1
25,01-10-2020 19:00,2
5,02-11-2020 04:00,1
17,28-10-2020 07:00,0
17,04-11-2020 15:00,0
17,01-11-2020 12:00,0
12,15-11-2020 04:00,0
12,13-12-2020 04:00,0
14,03-12-2020 17:00,0
0,08-10-2020 08:00,1
17,15-11-2020 00:00,0
10,14-10-2020 18:00,0
2,30-10-2020 23:00,1
24,06-11-2020 15:00,2
8,08-06-2022 03:00,1
11,19-10-2020 01:00,0
24,31-10-2020 21:00,2
19,10-10-2020 02:00,2
10,30-12-2020 11:00,0
4,25-11-2020 03:00,1
13,21-10-2020 04:00,0
13,28-09-2020 22:00,0
10,29-11-2020 06:00,0
3,06-12-2020 22:00,1
10,16-11-2020 02:00,0
13,16-10-2020 18:00,0
5,06-10-2020 09:00,1
5,21-11-2020 07:00,1
15,21-12-2020 12:00,0
2,09-11-2020 16:00,1
18,18-11-2020 19:00,0
0,30-12-2020 15:00,1
10,30-10-2020 11:00,0
8,12-12-2020 00:00,1
17,27-09-2020 19:00,0
2,21-11-2020 05:00,1
15,26-10-2020 23:00,0
8,05-10-2020 16:00,1
17,04-10-2020 04:00,0
15,04-10-2020 03:00,0
8,23-11-2020 08:00,1
13,28-11-2020 16:00,0
9,25-11-2020 16:00,1
13,23-10-2020 22:00,0
8,18-10-2020 09:00,1
3,29-10-2020 14:00,1
13,01-11-2020 08:00,0
8,01-11-2020 05:00,1
15,21-12-2020 09:00,0
23,17-11-2020 00:00,2
12,26-11-2020 09:00,0
5,29-11-2020 16:00,1
6,06-10-2020 13:00,1
5,11-10-2020 03:00,1
5,15-10-2020 16:00,1
14,14-11-2020 23:00,0
1,20-12-2020 12:00,1
14,22-10-2020 04:00,0
9,21-10-2020 06:00,1
5,28-11-2020 05:00,1
8,08-12-2021 06:00,1
24,06-10-2020 03:00,2
2,26-11-2020 04:00,1
21,15-11-2020 11:00,2
12,14-11-2020 22:00,0
22,28-10-2020 09:00,2
25,18-11-2020 06:00,2
8,25-10-2020 02:00,1
4,09-11-2020 11:00,1
21,03-12-2020 16:00,2
8,20-03-2021 03:00,1
25,06-11-2020 13:00,2
18,09-10-2020 09:00,0
13,11-12-2020 09:00,0
5,19-11-2020 07:00,1
3,04-11-2020 01:00,1
20,03-12-2020 10:00,2
2,10-11-2020 12:00,1
13,02-12-2020 10:00,0
17,12-12-2020 22:00,0
17,12-11-2020 21:00,0
5,10-12-2020 22:00,1
5,25-10-2020 15:00,1
21,01-11-2020 16:00,2
8,20-12-2020 17:00,1
17,01-12-2020 11:00,0
18,30-11-2020 20:00,0
13,23-12-2020 09:00,0
14,31-10-2020 07:00,0
5,18-10-2020 08:00,1
13,06-10-2020 07:00,0
8,19-10-2020 03:00,1
8,19-12-2020 07:00,1
5,04-11-2020 11:00,1
3,24-12-2020 00:00,1
4,13-10-2020 05:00,1
17,21-10-2020 03:00,0
4,07-11-2020 01:00,1
5,01-12-2020 02:00,1
17,13-10-2020 20:00,0
25,02-03-2021 18:00,2
10,30-10-2020 07:00,0
3,20-10-2020 14:00,1
4,04-11-2020 04:00,1
13,01-12-2020 06:00,0
5,23-11-2020 08:00,1
17,26-10-2020 18:00,0
24,10-10-2020 09:00,2
21,04-12-2020 12:00,2
2,09-12-2020 08:00,1
5,14-12-2020 06:00,1
2,08-12-2020 23:00,1
9,09-11-2020 20:00,1
14,03-12-2020 15:00,0
2,29-10-2020 17:00,1
20,19-10-2020 00:00,2
2,09-11-2020 15:00,1
2,20-11-2020 17:00,1
1,04-08-2022 00:00,1
5,16-10-2020 20:00,1
27,08-10-2020 00:00,2
11,04-11-2020 21:00,0
24,17-10-2020 01:00,2
28,02-10-2021 07:00,2
13,17-10-2020 07:00,0
1,02-12-2020 06:00,1
0,15-12-2020 10:00,1
5,29-12-2020 05:00,1
8,11-11-2020 02:00,1
13,26-06-2022 08:00,0
5,17-12-2020 11:00,1
5,24-12-2020 22:00,1
4,31-12-2020 16:00,1
5,28-04-2022 07:00,1
7,16-12-2020 11:00,1
20,18-12-2020 07:00,2
17,30-10-2020 19:00,0
10,14-11-2020 06:00,0
8,28-06-2021 06:00,1
17,04-11-2020 00:00,0
13,25-10-2020 23:00,0
28,16-11-2020 05:00,2
6,19-11-2020 07:00,1
5,02-12-2020 09:00,1
1,09-10-2020 03:00,1
12,21-11-2020 16:00,0
2,19-12-2020 21:00,1
19,14-11-2020 09:00,2
2,30-11-2020 03:00,1
17,28-10-2020 12:00,0
5,15-10-2020 17:00,1
2,12-01-2021 19:00,1
5,23-11-2020 13:00,1
8,10-07-2021 09:00,1
17,06-11-2020 17:00,0
17,16-11-2020 05:00,0
10,13-12-2020 14:00,0
19,26-12-2020 18:00,2
2,21-10-2020 10:00,1
8,08-12-2020 05:00,1
2,07-12-2020 06:00,1
4,19-02-2021 10:00,1
20,19-10-2020 19:00,2
2,17-03-2021 11:00,1
21,08-12-2020 17:00,2
14,18-09-2022 09:00,0
5,20-11-2020 05:00,1
17,22-10-2020 10:00,0
13,29-10-2020 03:00,0
17,10-06-2021 06:00,0
28,13-08-2022 00:00,2
20,22-12-2020 15:00,2
7,30-12-2020 04:00,1
5,20-11-2020 18:00,1
2,28-02-2021 14:00,1
1,24-12-2020 18:00,1
13,13-11-2020 23:00,0
2,23-10-2020 10:00,1
20,30-12-2020 10:00,2
2,22-05-2021 13:00,1
5,19-10-2020 13:00,1
5,27-11-2020 23:00,1
7,26-10-2020 03:00,1
1,13-11-2020 15:00,1
17,25-11-2020 23:00,0
20,01-01-2021 18:00,2
5,04-02-2022 08:00,1
5,04-01-2021 09:00,1
15,25-12-2020 10:00,0
5,23-12-2020 11:00,1
4,28-12-2020 14:00,1
17,02-09-2022 11:00,0
18,25-12-2020 07:00,0
13,16-04-2021 03:00,0
14,03-12-2020 17:00,0
28,08-11-2020 02:00,2
8,02-11-2020 01:00,1
12,29-10-2020 01:00,0
17,26-10-2020 03:00,0
2,21-04-2022 02:00,1
1,14-12-2020 10:00,1
2,31-12-2020 11:00,1
5,24-03-2021 12:00,1
17,19-12-2020 17:00,0
19,29-12-2020 12:00,2
8,17-12-2020 15:00,1
2,23-10-2021 06:00,1
23,04-11-2020 02:00,2
2,08-11-2020 11:00,1
5,23-10-2020 23:00,1
8,08-01-2022 18:00,1
14,12-11-2020 15:00,0
8,17-05-2022 18:00,1
8,04-12-2020 13:00,1
18,08-01-2021 03:00,0
4,20-11-2020 16:00,1
2,01-01-2021 03:00,1
5,15-12-2020 11:00,1
3,23-10-2020 03:00,1
24,02-01-2021 17:00,2
14,16-11-2020 10:00,0
5,05-10-2021 12:00,1
17,25-06-2022 12:00,0
18,18-12-2020 17:00,0
7,20-10-2020 07:00,1
11,11-11-2020 10:00,0
5,01-12-2020 17:00,1
10,25-10-2020 09:00,0
24,19-10-2020 01:00,2
15,15-12-2020 15:00,0
5,17-11-2020 12:00,1
5,05-06-2021 08:00,1
11,25-12-2020 17:00,0
6,09-11-2020 08:00,1
5,09-01-2021 14:00,1
10,15-12-2020 21:00,0
28,25-11-2020 08:00,2
28,07-12-2020 14:00,2
8,13-11-2020 06:00,1
8,12-11-2020 10:00,1
17,13-12-2021 01:00,0
5,06-12-2020 21:00,1
2,13-08-2022 10:00,1
26,26-11-2020 23:00,2
5,28-11-2020 15:00,1
20,05-11-2020 03:00,2
17,10-11-2020 15:00,0
17,22-11-2020 13:00,0
13,11-12-2021 17:00,0
12,02-05-2021 03:00,0
13,20-11-2020 09:00,0
0,21-03-2021 06:00,1
8,28-10-2020 22:00,1
4,07-12-2020 04:00,1
8,26-12-2020 02:00,1
14,12-02-2021 12:00,0
5,20-11-2020 21:00,1
26,17-11-2020 06:00,2
27,08-11-2020 01:00,2
18,10-01-2021 18:00,0
17,04-12-2020 18:00,0
17,08-01-2021 07:00,0
17,05-01-2021 08:00,0
5,30-11-2020 17:00,1
0,08-11-2020 21:00,1
5,18-11-2020 14:00,1
13,10-03-2021 18:00,0
18,06-04-2021 03:00,0
17,14-12-2020 22:00,0
5,16-01-2021 14:00,1
17,17-11-2020 11:00,0
17,03-11-2020 01:00,0
17,08-11-2020 05:00,0
10,06-11-2020 23:00,0
1,23-02-2021 00:00,1
5,21-11-2020 08:00,1
28,20-11-2020 10:00,2
4,17-12-2020 22:00,1
2,16-11-2021 23:00,1
5,02-01-2021 16:00,1
10,02-09-2021 18:00,0
0,29-12-2020 16:00,1
2,01-01-2021 10:00,1
2,05-11-2020 01:00,1
4,27-12-2020 01:00,1
1,31-10-2020 20:00,1
17,01-01-2021 00:00,0
9,01-11-2020 18:00,1
21,27-10-2020 10:00,2
10,03-01-2021 07:00,0
24,06-11-2020 21:00,2
5,17-12-2020 01:00,1
21,20-12-2020 16:00,2
22,11-12-2020 08:00,2
1,30-10-2020 22:00,1
2,05-11-2020 20:00,1
1,02-02-2021 05:00,1
21,27-11-2020 17:00,2
25,20-11-2020 00:00,2
25,19-12-2020 04:00,2
17,01-11-2020 22:00,0
2,11-11-2020 14:00,1
5,21-01-2022 00:00,1
2,10-11-2020 13:00,1
2,25-10-2020 15:00,1
5,09-12-2020 16:00,1
12,31-10-2020 11:00,0
4,14-11-2020 11:00,1
8,19-01-2021 06:00,1
2,06-05-2021 01:00,1
13,22-11-2020 02:00,0
28,18-11-2020 01:00,2
1,30-12-2020 05:00,1
13,02-12-2020 12:00,0
21,16-12-2020 14:00,2
5,15-09-2022 18:00,1
11,03-02-2021 08:00,0
5,01-01-2021 22:00,1
18,16-01-2021 03:00,0
10,10-01-2021 04:00,0
18,11-01-2021 00:00,0
6,10-12-2020 01:00,1
18,05-11-2020 04:00,0
2,29-12-2020 16:00,1
17,26-11-2020 07:00,0
21,20-02-2021 02:00,2
5,18-11-2020 11:00,1
9,11-12-2020 00:00,1
2,11-12-2020 09:00,1
4,06-02-2021 16:00,1
17,15-12-2020 17:00,0
10,14-11-2020 21:00,0
17,20-11-2020 08:00,0
5,12-11-2020 06:00,1
18,13-06-2021 10:00,0
14,18-12-2020 11:00,0
6,29-12-2020 12:00,1
1,27-12-2020 13:00,1
9,03-01-2021 22:00,1
15,16-01-2021 21:00,0
16,23-11-2020 16:00,0
5,16-01-2021 17:00,1
2,30-12-2020 15:00,1
7,13-07-2022 07:00,1
1,14-11-2020 14:00,1
13,01-07-2022 08:00,0
6,28-07-2022 20:00,1
25,24-03-2021 22:00,2
10,03-11-2020 20:00,0
10,23-12-2020 09:00,0
1,08-01-2021 07:00,1
25,21-12-2020 11:00,2
3,23-12-2020 21:00,1
4,22-12-2020 16:00,1
17,23-11-2020 18:00,0
8,08-11-2020 19:00,1
2,11-03-2021 05:00,1
10,21-11-2020 13:00,0
4,10-01-2021 03:00,1
8,16-12-2020 18:00,1
27,18-12-2020 17:00,2
17,14-01-2021 09:00,0
19,30-11-2020 07:00,2
0,02-07-2022 03:00,1
18,24-12-2020 00:00,0
17,24-01-2021 05:00,0
14,03-01-2021 10:00,0
11,21-11-2020 02:00,0
20,29-08-2021 07:00,2
5,22-01-2021 15:00,1
14,05-11-2020 18:00,0
28,16-12-2021 18:00,2
13,02-01-2021 09:00,0
2,09-12-2020 18:00,1
18,02-12-2020 17:00,0
2,29-12-2020 04:00,1
13,01-02-2022 07:00,0
13,20-11-2020 23:00,0
4,08-06-2022 20:00,1
14,10-07-2022 16:00,0
21,14-11-2021 20:00,2
8,08-01-2021 06:00,1
0,04-11-2020 03:00,1
8,13-01-2021 12:00,1
5,03-01-2021 01:00,1
10,20-02-2021 16:00,0
21,12-12-2020 10:00,2
2,08-11-2020 19:00,1
5,05-12-2020 01:00,1
4,26-01-2021 11:00,1
21,21-01-2021 16:00,2
1,10-12-2020 14:00,1
13,06-02-2021 06:00,0
10,03-12-2020 22:00,0
5,22-01-2021 12:00,1
1,25-12-2020 12:00,1
10,17-12-2020 23:00,0
5,10-12-2020 23:00,1
17,16-11-2020 05:00,0
26,11-11-2020 01:00,2
8,19-11-2020 03:00,1
5,27-11-2021 02:00,1
2,11-01-2021 01:00,1
8,27-01-2021 15:00,1
5,23-12-2020 15:00,1
1,09-11-2020 06:00,1
13,18-12-2020 05:00,0
18,16-11-2020 06:00,0
14,18-01-2021 00:00,0
23,07-11-2020 10:00,2
8,19-11-2020 08:00,1
17,29-10-2021 19:00,0
12,22-12-2020 18:00,0
5,03-02-2021 19:00,1
22,12-07-2021 13:00,2
5,25-01-2021 06:00,1
21,03-12-2020 11:00,2
8,29-12-2020 08:00,1
4,05-01-2021 14:00,1
8,21-01-2021 11:00,1
26,27-01-2021 20:00,2
15,03-11-2020 13:00,0
12,18-03-2021 09:00,0
13,19-01-2021 03:00,0
1,27-01-2021 14:00,1
8,09-05-2022 10:00,1
4,18-11-2020 20:00,1
17,16-11-2020 15:00,0
8,06-01-2021 21:00,1
13,12-11-2020 04:00,0
16,23-12-2020 07:00,0
2,19-08-2022 00:00,1
4,05-12-2020 17:00,1
27,28-11-2020 23:00,2
14,30-12-2020 08:00,0
25,14-11-2020 22:00,2
5,22-06-2022 01:00,1
10,20-11-2020 01:00,0
4,09-12-2020 13:00,1
8,31-12-2020 02:00,1
21,30-12-2020 06:00,2
24,21-11-2020 23:00,2
4,30-01-2021 21:00,1
5,20-04-2021 11:00,1
28,16-03-2021 10:00,2
5,09-12-2020 04:00,1
1,12-12-2020 12:00,1
18,13-12-2020 01:00,0
21,29-12-2020 06:00,2
20,09-01-2021 22:00,2
21,20-11-2020 08:00,2
1,19-01-2021 17:00,1
21,11-12-2020 23:00,2
5,29-11-2020 02:00,1
13,03-12-2020 03:00,0
12,31-01-2021 22:00,0
18,30-01-2021 11:00,0
5,27-12-2020 07:00,1
17,12-11-2020 16:00,0
8,17-11-2020 23:00,1
8,23-01-2021 16:00,1
14,20-09-2021 00:00,0
19,13-12-2020 11:00,2
12,09-12-2020 10:00,0
13,25-11-2020 12:00,0
17,27-12-2020 00:00,0
2,19-02-2021 16:00,1
15,05-12-2020 19:00,0
2,30-09-2021 03:00,1
7,30-12-2020 23:00,1
2,02-02-2021 16:00,1
2,22-12-2020 10:00,1
8,27-12-2020 11:00,1
13,11-12-2020 06:00,0
10,25-06-2021 21:00,0
21,16-11-2020 19:00,2
27,16-09-2022 19:00,2
8,25-11-2020 08:00,1
21,07-11-2022 08:00,2
28,02-02-2021 21:00,2
1,09-03-2022 18:00,1
25,08-12-2020 09:00,2
13,10-07-2021 04:00,0
17,23-11-2020 16:00,0
28,22-12-2020 06:00,2
8,05-01-2021 02:00,1
21,19-11-2020 21:00,2
9,21-12-2021 09:00,1
8,04-02-2021 01:00,1
21,17-08-2021 19:00,2
13,29-11-2020 04:00,0
4,30-01-2021 18:00,1
8,12-12-2020 22:00,1
16,14-02-2021 14:00,0
26,28-11-2020 02:00,2
2,09-01-2021 16:00,1
2,06-01-2021 14:00,1
12,30-12-2020 02:00,0
7,18-12-2020 10:00,1
14,23-12-2020 13:00,0
14,07-01-2021 10:00,0
8,21-09-2022 18:00,1
1,24-11-2020 14:00,1
1,19-08-2021 09:00,1
1,19-11-2020 03:00,1
17,23-01-2021 15:00,0
13,22-12-2020 17:00,0
8,18-11-2020 11:00,1
21,15-11-2020 13:00,2
14,13-01-2021 18:00,0
24,21-12-2020 19:00,2
17,24-12-2020 01:00,0
8,07-01-2021 16:00,1
4,17-12-2020 06:00,1
5,03-12-2020 10:00,1
5,26-11-2020 09:00,1
17,20-01-2021 11:00,0
18,11-12-2020 03:00,0
8,16-11-2020 22:00,1
5,12-12-2020 17:00,1
5,22-11-2020 12:00,1
8,30-01-2021 11:00,1
5,29-01-2021 08:00,1
4,02-01-2021 00:00,1
8,20-11-2021 17:00,1
3,11-12-2020 22:00,1
13,01-01-2021 16:00,0
7,06-02-2021 01:00,1
17,09-05-2022 14:00,0
13,06-02-2021 02:00,0
24,29-01-2021 03:00,2
2,23-11-2020 22:00,1
24,01-12-2020 10:00,2
19,24-12-2020 16:00,2
21,18-01-2021 07:00,2
8,07-02-2021 00:00,1
8,13-04-2021 13:00,1
1,08-02-2021 16:00,1
2,29-11-2020 00:00,1
20,26-01-2021 14:00,2
2,23-01-2021 23:00,1
21,11-01-2021 10:00,2
8,08-01-2021 21:00,1
13,08-12-2020 15:00,0
10,31-12-2020 00:00,0
18,27-01-2021 12:00,0
13,17-06-2022 18:00,0
4,27-11-2020 13:00,1
13,18-12-2020 13:00,0
14,25-12-2020 09:00,0
2,12-01-2021 15:00,1
2,17-01-2021 00:00,1
13,10-01-2021 04:00,0
21,22-12-2020 06:00,2
5,17-12-2020 08:00,1
10,13-05-2021 02:00,0
5,14-12-2020 03:00,1
17,28-01-2021 03:00,0
17,25-12-2020 08:00,0
23,25-11-2020 02:00,2
15,02-12-2020 02:00,0
0,03-01-2021 13:00,1
4,19-12-2020 01:00,1
16,07-02-2021 21:00,0
16,06-01-2021 06:00,0
17,21-01-2021 11:00,0
9,15-04-2021 18:00,1
21,07-04-2021 12:00,2
17,10-01-2021 13:00,0
10,16-01-2021 22:00,0
8,24-11-2020 08:00,1
17,13-01-2021 00:00,0
25,12-02-2021 22:00,2
3,22-12-2020 00:00,1
5,11-12-2020 04:00,1
28,03-01-2021 20:00,2
8,25-03-2021 15:00,1
17,13-01-2021 09:00,0
17,26-12-2020 19:00,0
14,26-11-2020 11:00,0
5,26-01-2021 13:00,1
12,29-11-2020 13:00,0
14,27-12-2020 12:00,0
14,19-12-2020 05:00,0
27,10-02-2021 23:00,2
2,03-12-2020 19:00,1
17,19-09-2021 20:00,0
17,02-05-2021 13:00,0
5,23-12-2020 03:00,1
0,11-02-2021 07:00,1
10,09-01-2021 20:00,0
5,05-01-2021 14:00,1
5,29-12-2020 04:00,1
2,21-02-2021 14:00,1
7,30-01-2021 09:00,1
5,15-01-2021 08:00,1
8,10-03-2021 16:00,1
14,13-03-2022 16:00,0
12,05-02-2021 20:00,0
21,29-01-2021 09:00,2
5,06-12-2020 17:00,1
10,07-08-2021 05:00,0
1,30-01-2021 16:00,1
5,11-02-2021 01:00,1
2,02-01-2021 04:00,1
5,09-01-2021 19:00,1
22,20-12-2020 21:00,2
8,19-12-2020 10:00,1
5,17-12-2020 17:00,1
5,06-12-2020 19:00,1
12,20-05-2022 05:00,0
3,01-02-2021 08:00,1
10,27-11-2020 23:00,0
10,16-01-2021 21:00,0
12,01-02-2021 06:00,0
28,08-02-2021 17:00,2
21,16-01-2021 18:00,2
2,31-01-2021 20:00,1
13,31-01-2021 05:00,0
19,12-12-2020 14:00,2
8,27-01-2021 16:00,1
10,18-12-2020 18:00,0
6,06-02-2021 20:00,1
17,16-04-2021 19:00,0
5,08-12-2020 04:00,1
10,16-01-2021 22:00,0
24,25-08-2022 13:00,2
7,14-01-2021 18:00,1
21,20-01-2021 14:00,2
24,16-01-2021 14:00,2
5,10-02-2021 12:00,1
20,05-02-2021 03:00,2
17,09-02-2021 02:00,0
6,12-01-2021 13:00,1
15,15-02-2021 05:00,0
2,10-03-2021 16:00,1
4,14-01-2021 16:00,1
12,26-12-2020 09:00,0
4,25-01-2021 17:00,1
17,29-12-2020 20:00,0
24,26-12-2020 00:00,2
6,03-09-2022 04:00,1
18,13-07-2021 12:00,0
8,04-02-2021 11:00,1
5,12-12-2020 11:00,1
13,16-01-2021 11:00,0
4,05-02-2021 03:00,1
21,06-12-2020 20:00,2
14,07-01-2021 11:00,0
18,23-11-2020 17:00,0
2,21-12-2020 12:00,1
17,29-12-2020 22:00,0
7,12-02-2021 10:00,1
5,23-01-2021 12:00,1
18,18-01-2021 03:00,0
1,29-01-2021 20:00,1
13,12-12-2020 13:00,0
8,15-11-2022 09:00,1
7,01-02-2021 15:00,1
17,11-04-2021 19:00,0
17,18-01-2021 17:00,0
17,06-02-2021 13:00,0
16,10-01-2021 03:00,0
4,18-02-2021 20:00,1
17,09-02-2021 05:00,0
1,15-01-2021 08:00,1
9,14-01-2021 15:00,1
13,02-01-2021 07:00,0
13,12-02-2021 02:00,0
5,10-02-2021 02:00,1
12,15-12-2020 07:00,0
28,05-12-2020 18:00,2
17,19-02-2021 07:00,0
17,18-12-2020 14:00,0
4,09-05-2022 00:00,1
6,12-12-2020 10:00,1
4,12-12-2020 12:00,1
17,10-07-2021 16:00,0
28,08-01-2021 19:00,2
25,11-02-2021 18:00,2
28,07-02-2021 16:00,2
2,30-04-2022 00:00,1
17,25-01-2021 12:00,0
5,13-02-2021 02:00,1
17,18-12-2020 14:00,0
17,23-12-2020 11:00,0
13,08-12-2020 03:00,0
27,26-11-2020 05:00,2
24,07-12-2020 13:00,2
10,20-09-2021 17:00,0
13,16-11-2022 15:00,0
2,16-02-2021 07:00,1
8,29-09-2021 15:00,1
5,28-01-2021 23:00,1
14,06-12-2020 18:00,0
5,20-12-2020 20:00,1
5,08-02-2021 21:00,1
17,23-12-2020 01:00,0
7,13-01-2021 11:00,1
5,13-12-2020 13:00,1
17,16-12-2020 13:00,0
17,15-08-2021 01:00,0
9,18-12-2020 01:00,1
2,19-01-2021 14:00,1
8,09-02-2021 00:00,1
1,28-01-2021 12:00,1
13,13-01-2021 13:00,0
15,05-02-2021 02:00,0
20,08-01-2021 10:00,2
2,08-12-2020 03:00,1
3,04-02-2021 09:00,1
16,06-01-2021 01:00,0
20,13-02-2021 15:00,2
24,22-02-2021 15:00,2
17,11-12-2020 19:00,0
12,27-12-2020 17:00,0
15,06-02-2021 08:00,0
12,19-12-2020 01:00,0
10,19-02-2022 03:00,0
20,03-02-2021 01:00,2
1,16-12-2021 22:00,1
23,12-12-2020 06:00,2
5,24-12-2020 17:00,1
21,23-02-2021 20:00,2
24,23-12-2020 07:00,2
4,23-12-2020 03:00,1
5,27-12-2020 17:00,1
5,14-02-2021 17:00,1
17,24-01-2021 19:00,0
5,14-12-2020 13:00,1
8,23-12-2020 16:00,1
13,23-12-2020 00:00,0
5,23-02-2021 08:00,1
4,22-01-2021 23:00,1
3,25-01-2021 13:00,1
16,07-02-2022 09:00,0
5,24-01-2021 22:00,1
10,12-12-2020 11:00,0
10,12-12-2020 13:00,0
7,25-01-2021 20:00,1
2,23-02-2021 19:00,1
2,05-12-2020 20:00,1
14,24-02-2021 22:00,0
17,12-02-2021 14:00,0
17,06-12-2020 10:00,0
21,17-02-2021 11:00,2
4,26-02-2021 17:00,1
5,28-12-2020 17:00,1
17,28-11-2021 08:00,0
1,16-04-2021 02:00,1
21,05-02-2021 17:00,2
8,19-03-2021 19:00,1
20,22-02-2021 17:00,2
2,28-04-2021 04:00,1
12,20-01-2021 23:00,0
8,14-01-2021 22:00,1
13,04-02-2021 14:00,0
17,23-12-2020 23:00,0
17,09-01-2021 20:00,0
2,06-02-2021 05:00,1
15,04-01-2021 03:00,0
27,16-02-2021 15:00,2
5,19-12-2020 17:00,1
19,04-02-2021 16:00,2
17,11-01-2021 20:00,0
10,28-01-2021 08:00,0
3,11-02-2021 14:00,1
25,12-12-2020 12:00,2
18,02-02-2021 04:00,0
12,04-12-2020 18:00,0
18,02-01-2021 01:00,0
15,07-01-2021 00:00,0
20,25-03-2021 19:00,2
9,21-02-2021 10:00,1
21,18-02-2021 01:00,2
21,16-12-2020 13:00,2
21,15-12-2020 13:00,2
24,20-02-2021 11:00,2
17,14-12-2020 12:00,0
18,24-12-2020 09:00,0
5,18-02-2021 07:00,1
8,19-01-2021 22:00,1
2,13-01-2021 09:00,1
16,06-09-2022 14:00,0
2,04-02-2021 14:00,1
4,12-01-2021 11:00,1
4,08-12-2020 03:00,1
8,18-02-2021 20:00,1
25,27-09-2021 01:00,2
5,07-01-2021 05:00,1
17,30-01-2021 08:00,0
8,22-12-2020 04:00,1
18,09-02-2021 23:00,0
5,16-02-2021 16:00,1
5,21-12-2020 06:00,1
24,02-02-2021 08:00,2
27,03-04-2021 18:00,2
5,08-12-2020 10:00,1
14,03-02-2021 18:00,0
13,05-02-2021 12:00,0
2,03-02-2021 01:00,1
2,24-02-2021 10:00,1
26,06-02-2021 17:00,2
14,27-12-2020 10:00,0
13,05-02-2021 20:00,0
2,15-01-2021 11:00,1
4,27-12-2021 20:00,1
12,18-12-2020 08:00,0
18,16-12-2020 18:00,0
13,19-12-2020 06:00,0
1,06-09-2022 00:00,1
5,24-02-2021 00:00,1
17,27-12-2020 09:00,0
5,25-01-2021 19:00,1
17,18-12-2020 16:00,0
28,04-03-2021 04:00,2
21,10-05-2021 23:00,2
14,10-01-2021 14:00,0
1,06-07-2022 12:00,1
4,17-01-2021 21:00,1
8,21-02-2021 21:00,1
25,16-02-2021 03:00,2
17,14-02-2021 03:00,0
24,04-02-2021 12:00,2
22,31-12-2020 02:00,2
13,18-12-2020 07:00,0
5,18-02-2021 00:00,1
8,08-02-2021 16:00,1
13,04-02-2021 06:00,0
5,28-12-2020 19:00,1
10,12-07-2021 03:00,0
1,31-01-2021 20:00,1
2,02-01-2021 15:00,1
12,08-02-2021 15:00,0
9,24-02-2021 20:00,1
8,01-01-2021 04:00,1
17,27-12-2020 05:00,0
9,30-08-2022 13:00,1
5,01-01-2021 13:00,1
14,06-01-2021 21:00,0
2,06-05-2022 17:00,1
5,25-02-2021 22:00,1
17,04-01-2021 06:00,0
5,29-12-2020 15:00,1
5,08-10-2022 15:00,1
17,25-04-2022 07:00,0
18,31-12-2020 21:00,0
21,21-12-2020 22:00,2
15,26-01-2021 09:00,0
9,24-02-2021 11:00,1
9,05-05-2021 01:00,1
28,11-03-2021 19:00,2
13,26-02-2021 17:00,0
28,09-01-2021 07:00,2
4,29-01-2021 16:00,1
13,15-12-2020 19:00,0
16,17-01-2021 15:00,0
28,12-02-2021 03:00,2
17,04-03-2021 13:00,0
1,07-03-2021 00:00,1
5,17-02-2021 04:00,1
21,12-01-2021 15:00,2
2,18-04-2022 18:00,1
17,30-01-2021 00:00,0
2,20-01-2021 04:00,1
18,03-02-2021 14:00,0
8,01-03-2021 14:00,1
2,20-12-2020 01:00,1
2,15-08-2022 14:00,1
24,19-01-2021 07:00,2
9,04-04-2021 11:00,1
10,25-02-2021 22:00,0
14,05-02-2021 03:00,0
3,10-03-2021 03:00,1
4,09-02-2021 22:00,1
17,19-02-2022 10:00,0
2,12-03-2021 05:00,1
20,14-01-2021 13:00,2
18,13-02-2021 10:00,0
20,24-12-2020 10:00,2
1,30-12-2020 00:00,1
8,03-01-2021 02:00,1
8,10-03-2021 09:00,1
13,17-05-2022 06:00,0
13,19-12-2020 21:00,0
14,03-01-2021 19:00,0
8,13-02-2021 01:00,1
17,13-02-2021 07:00,0
18,20-02-2021 17:00,0
3,17-01-2021 07:00,1
25,11-02-2021 17:00,2
17,07-03-2021 15:00,0
8,12-02-2021 00:00,1
27,15-03-2021 00:00,2
1,26-12-2020 11:00,1
20,04-07-2022 10:00,2
5,02-03-2021 13:00,1
24,17-01-2021 16:00,2
10,05-01-2021 09:00,0
20,19-12-2020 01:00,2
14,20-02-2021 08:00,0
21,07-02-2021 12:00,2
5,30-12-2020 16:00,1
17,16-02-2021 04:00,0
11,24-12-2020 16:00,0
5,20-01-2021 03:00,1
12,16-12-2020 11:00,0
2,12-02-2021 17:00,1
24,21-01-2021 15:00,2
3,01-12-2022 23:00,1
13,14-01-2021 20:00,0
16,15-01-2021 23:00,0
21,23-12-2020 12:00,2
10,10-01-2021 12:00,0
5,27-02-2021 03:00,1
5,11-03-2021 10:00,1
5,18-11-2021 10:00,1
27,15-02-2021 06:00,2
17,28-01-2021 02:00,0
28,03-03-2021 07:00,2
21,18-02-2021 03:00,2
4,20-01-2021 02:00,1
13,06-08-2022 11:00,0
20,07-05-2022 14:00,2
20,27-12-2020 02:00,2
21,04-02-2021 00:00,2
13,03-02-2021 23:00,0
12,25-02-2021 21:00,0
15,11-03-2021 09:00,0
5,26-12-2020 20:00,1
5,20-12-2021 17:00,1
25,06-02-2021 17:00,2
2,26-07-2021 06:00,1
10,15-01-2021 23:00,0
28,14-01-2021 16:00,2
5,05-03-2021 10:00,1
3,03-03-2021 01:00,1
13,17-02-2021 08:00,0
8,17-02-2021 15:00,1
17,29-12-2020 11:00,0
14,11-07-2022 04:00,0
1,05-01-2022 02:00,1
5,27-01-2021 03:00,1
18,31-12-2020 08:00,0
21,05-03-2021 20:00,2
21,10-02-2021 09:00,2
14,17-03-2021 02:00,0
17,18-01-2021 07:00,0
7,15-03-2021 08:00,1
13,17-01-2021 12:00,0
8,04-02-2021 13:00,1
5,15-02-2021 12:00,1
0,25-01-2021 01:00,1
5,05-02-2021 22:00,1
20,31-07-2022 18:00,2
8,07-01-2021 11:00,1
7,15-02-2021 02:00,1
2,13-02-2021 05:00,1
4,29-12-2020 11:00,1
14,22-02-2021 15:00,0
21,28-12-2020 04:00,2
13,06-03-2021 10:00,0
3,14-01-2021 03:00,1
4,26-02-2021 07:00,1
27,29-07-2022 05:00,2
5,10-02-2021 17:00,1
5,13-02-2021 01:00,1
17,21-01-2022 09:00,0
5,19-02-2021 14:00,1
14,09-03-2021 20:00,0
15,07-01-2022 19:00,0
20,01-02-2021 05:00,2
5,14-02-2021 16:00,1
8,23-02-2021 12:00,1
3,20-02-2021 05:00,1
17,17-02-2021 14:00,0
10,26-01-2021 17:00,0
18,29-05-2021 20:00,0
8,26-02-2021 10:00,1
12,05-01-2022 01:00,0
2,18-03-2021 13:00,1
9,17-01-2021 03:00,1
8,20-02-2021 07:00,1
5,21-01-2021 09:00,1
5,01-03-2021 10:00,1
1,03-03-2021 23:00,1
4,15-02-2021 05:00,1
1,13-02-2021 11:00,1
27,19-03-2021 03:00,2
20,13-01-2021 20:00,2
1,05-03-2021 03:00,1
13,31-12-2020 21:00,0
4,11-03-2021 18:00,1
13,29-01-2021 01:00,0
10,03-05-2021 19:00,0
20,15-02-2021 03:00,2
18,07-01-2021 22:00,0
7,11-03-2021 18:00,1
0,07-01-2021 11:00,1
7,25-12-2020 22:00,1
14,28-02-2021 22:00,0
14,05-03-2021 07:00,0
18,14-01-2021 01:00,0
8,09-12-2022 01:00,1
17,26-02-2021 16:00,0
27,18-02-2021 15:00,2
7,09-03-2021 12:00,1
13,24-01-2021 05:00,0
2,21-01-2021 02:00,1
28,27-12-2020 13:00,2
8,13-03-2021 22:00,1
11,13-03-2021 18:00,0
1,02-03-2021 10:00,1
6,16-03-2021 07:00,1
1,15-03-2021 04:00,1
17,20-03-2021 19:00,0
10,05-01-2021 16:00,0
2,20-03-2021 09:00,1
8,07-03-2021 02:00,1
2,22-01-2021 05:00,1
25,01-05-2021 17:00,2
4,22-06-2021 20:00,1
17,11-02-2021 19:00,0
2,27-01-2021 20:00,1
27,13-11-2021 17:00,2
7,13-03-2021 07:00,1
18,31-01-2021 11:00,0
10,10-01-2021 14:00,0
3,12-03-2021 16:00,1
4,22-03-2021 16:00,1
28,05-02-2021 18:00,2
14,24-07-2021 14:00,0
5,26-02-2021 17:00,1
4,09-01-2021 15:00,1
2,25-03-2021 07:00,1
6,22-01-2021 04:00,1
8,19-02-2021 19:00,1
5,01-02-2021 11:00,1
8,13-02-2021 21:00,1
7,06-02-2021 18:00,1
8,04-02-2021 19:00,1
22,23-02-2021 18:00,2
3,21-01-2021 06:00,1
21,08-01-2021 12:00,2
20,24-03-2021 04:00,2
18,24-02-2021 11:00,0
11,03-01-2021 15:00,0
21,20-02-2021 17:00,2
10,12-03-2021 19:00,0
3,10-01-2021 04:00,1
3,28-02-2021 10:00,1
5,13-03-2021 02:00,1
17,10-02-2021 08:00,0
2,21-03-2021 14:00,1
17,01-03-2021 14:00,0
5,05-07-2021 03:00,1
17,14-02-2021 23:00,0
17,20-01-2021 15:00,0
19,16-03-2021 09:00,2
8,27-04-2022 04:00,1
17,07-02-2021 16:00,0
8,18-02-2021 03:00,1
8,19-01-2021 17:00,1
18,18-03-2021 04:00,0
5,22-01-2021 17:00,1
17,04-03-2021 00:00,0
17,23-02-2021 19:00,0
4,19-01-2021 23:00,1
20,03-02-2021 00:00,2
17,18-06-2021 08:00,0
1,28-01-2021 04:00,1
13,11-04-2021 06:00,0
5,16-01-2021 00:00,1
25,12-01-2021 21:00,2
5,27-01-2021 13:00,1
5,11-01-2021 14:00,1
14,03-03-2021 13:00,0
4,24-03-2021 13:00,1
18,28-01-2021 05:00,0
9,14-01-2021 12:00,1
14,09-01-2021 00:00,0
5,31-01-2021 13:00,1
24,05-04-2021 15:00,2
14,25-04-2021 14:00,0
28,17-03-2021 08:00,2
1,26-01-2021 04:00,1
10,01-02-2021 04:00,0
14,22-02-2021 18:00,0
17,18-03-2021 05:00,0
5,11-03-2021 11:00,1
17,08-03-2021 20:00,0
16,07-05-2021 16:00,0
1,04-03-2021 16:00,1
9,12-06-2021 00:00,1
4,04-02-2021 17:00,1
8,02-04-2021 16:00,1
21,20-02-2021 01:00,2
2,27-01-2021 05:00,1
5,15-01-2021 10:00,1
4,08-06-2021 09:00,1
5,19-01-2021 04:00,1
13,29-01-2022 17:00,0
4,02-03-2021 16:00,1
17,16-03-2021 17:00,0
8,13-03-2021 04:00,1
2,25-03-2021 16:00,1
1,10-03-2021 05:00,1
10,29-03-2021 04:00,0
20,09-10-2022 21:00,2
17,18-03-2021 06:00,0
6,07-01-2021 01:00,1
8,17-02-2021 15:00,1
17,19-01-2021 00:00,0
14,21-03-2021 16:00,0
16,30-08-2021 09:00,0
8,05-03-2021 00:00,1
10,16-01-2021 16:00,0
4,10-03-2021 20:00,1
7,08-08-2022 14:00,1
17,24-05-2021 15:00,0
12,14-03-2021 06:00,0
17,25-03-2021 12:00,0
20,18-03-2021 19:00,2
5,16-01-2021 14:00,1
4,31-01-2021 07:00,1
20,20-03-2021 15:00,2
12,28-03-2021 07:00,0
28,02-02-2021 22:00,2
8,15-02-2021 19:00,1
24,03-03-2021 12:00,2
18,27-02-2021 07:00,0
13,13-01-2021 12:00,0
13,28-03-2021 10:00,0
3,15-03-2021 20:00,1
17,15-02-2021 02:00,0
13,31-03-2021 17:00,0
14,05-02-2021 22:00,0
3,27-05-2022 12:00,1
2,26-01-2021 03:00,1
12,28-01-2021 11:00,0
18,16-03-2021 01:00,0
5,16-03-2021 02:00,1
5,18-01-2021 16:00,1
16,12-02-2022 14:00,0
5,01-02-2021 23:00,1
24,28-02-2021 07:00,2
2,23-03-2021 10:00,1
11,22-02-2021 20:00,0
13,26-07-2021 17:00,0
14,17-01-2021 09:00,0
8,04-03-2021 17:00,1
2,28-02-2021 20:00,1
5,29-10-2022 15:00,1
5,13-07-2021 14:00,1
17,26-02-2021 22:00,0
12,10-03-2021 22:00,0
2,05-02-2021 07:00,1
15,04-04-2021 13:00,0
2,02-02-2021 06:00,1
17,28-06-2022 10:00,0
17,05-04-2021 06:00,0
17,21-02-2021 04:00,0
2,16-06-2021 11:00,1
21,03-04-2021 15:00,2
4,15-03-2021 16:00,1
23,08-02-2021 04:00,2
1,21-01-2021 11:00,1
10,04-02-2021 20:00,0
2,22-03-2021 16:00,1
8,29-03-2021 18:00,1
8,23-01-2021 22:00,1
10,06-03-2021 14:00,0
8,23-03-2021 15:00,1
14,19-01-2021 02:00,0
18,03-04-2021 23:00,0
28,15-02-2021 04:00,2
17,31-01-2021 06:00,0
4,02-02-2021 13:00,1
7,21-02-2021 03:00,1
10,20-03-2021 01:00,0
23,28-02-2021 12:00,2
7,25-03-2021 10:00,1
17,15-02-2021 08:00,0
5,01-02-2021 08:00,1
15,25-03-2021 01:00,0
2,10-03-2021 21:00,1
21,01-04-2021 04:00,2
8,25-06-2021 09:00,1
14,11-02-2021 20:00,0
7,29-04-2022 15:00,1
14,10-02-2021 05:00,0
5,04-02-2021 01:00,1
5,03-02-2021 20:00,1
5,10-02-2021 11:00,1
6,06-02-2021 12:00,1
8,11-04-2021 16:00,1
21,16-02-2021 22:00,2
7,28-02-2021 14:00,1
28,15-02-2021 16:00,2
2,31-03-2021 23:00,1
26,13-04-2021 11:00,2
27,08-02-2021 14:00,2
20,28-03-2021 13:00,2
5,28-02-2021 17:00,1
0,14-03-2021 15:00,1
1,24-03-2021 21:00,1
1,18-03-2021 18:00,1
8,04-02-2021 23:00,1
5,19-03-2021 20:00,1
21,08-03-2021 06:00,2
6,22-01-2021 18:00,1
2,23-05-2021 12:00,1
13,19-02-2021 18:00,0
3,29-03-2021 01:00,1
17,01-04-2021 09:00,0
19,05-02-2021 14:00,2
20,01-02-2021 05:00,2
8,21-03-2021 02:00,1
5,03-04-2021 10:00,1
4,02-05-2021 15:00,1
9,18-03-2021 23:00,1
25,03-03-2021 07:00,2
7,22-02-2021 06:00,1
0,10-03-2021 16:00,1
8,05-04-2021 20:00,1
25,14-04-2021 08:00,2
22,06-02-2021 07:00,2
18,14-02-2021 11:00,0
1,01-03-2021 15:00,1
13,24-03-2021 15:00,0
6,07-03-2021 05:00,1
25,06-03-2021 22:00,2
4,07-03-2021 16:00,1
14,23-07-2021 14:00,0
5,22-01-2021 18:00,1
1,15-04-2021 11:00,1
14,02-04-2021 16:00,0
2,03-04-2021 20:00,1
13,06-03-2021 08:00,0
18,03-02-2021 06:00,0
13,12-06-2022 02:00,0
14,03-07-2021 07:00,0
22,27-02-2021 17:00,2
22,15-03-2021 08:00,2
3,06-03-2021 08:00,1
12,14-02-2021 16:00,0
10,05-02-2021 09:00,0
0,07-04-2021 03:00,1
17,12-11-2021 16:00,0
20,03-02-2021 16:00,2
13,29-05-2021 17:00,0
17,16-04-2021 02:00,0
8,22-02-2021 09:00,1
11,09-02-2021 06:00,0
5,07-04-2021 09:00,1
16,17-02-2021 10:00,0
2,19-03-2021 02:00,1
4,07-08-2022 22:00,1
4,20-01-2021 10:00,1
14,30-03-2022 23:00,0
24,02-03-2021 02:00,2
8,20-03-2021 15:00,1
21,24-01-2021 09:00,2
25,22-02-2021 16:00,2
13,05-09-2022 02:00,0
2,04-12-2021 20:00,1
1,08-03-2021 18:00,1
0,13-02-2021 08:00,1
3,14-01-2022 08:00,1
13,06-03-2021 15:00,0
10,08-03-2021 04:00,0
2,17-05-2021 16:00,1
4,16-02-2021 23:00,1
24,11-05-2021 06:00,2
9,14-03-2021 13:00,1
8,03-02-2021 16:00,1
18,06-04-2021 03:00,0
5,28-03-2021 04:00,1
21,20-03-2021 01:00,2
13,08-02-2021 01:00,0
5,19-06-2022 12:00,1
19,05-12-2021 17:00,2
8,15-02-2021 18:00,1
24,20-04-2021 08:00,2
8,22-03-2021 16:00,1
7,14-03-2021 13:00,1
10,01-12-2022 21:00,0
17,22-01-2021 14:00,0
25,18-05-2021 10:00,2
17,31-03-2021 18:00,0
8,15-04-2021 17:00,1
5,04-02-2021 15:00,1
9,18-06-2021 13:00,1
13,04-02-2021 17:00,0
4,22-03-2021 00:00,1
21,09-02-2021 04:00,2
28,14-03-2021 22:00,2
15,31-05-2021 20:00,0
2,25-03-2021 21:00,1
0,19-03-2021 11:00,1
13,08-04-2021 17:00,0
1,17-12-2021 10:00,1
24,03-04-2021 13:00,2
4,26-03-2021 14:00,1
8,19-03-2021 00:00,1
21,09-02-2021 10:00,2
13,06-02-2021 02:00,0
5,07-02-2021 20:00,1
15,13-07-2021 15:00,0
1,09-04-2021 16:00,1
14,08-02-2021 01:00,0
10,24-03-2021 03:00,0
25,01-03-2021 15:00,2
9,20-05-2022 12:00,1
5,20-02-2021 05:00,1
17,11-02-2021 19:00,0
5,17-02-2021 09:00,1
28,04-03-2021 06:00,2
17,25-01-2021 17:00,0
2,14-08-2021 18:00,1
8,26-03-2021 14:00,1
8,13-04-2021 01:00,1
4,07-03-2021 11:00,1
1,03-02-2021 22:00,1
21,13-04-2021 10:00,2
2,19-03-2021 03:00,1
3,31-01-2022 21:00,1
28,19-03-2021 09:00,2
12,10-03-2021 20:00,0
2,14-02-2021 23:00,1
2,05-02-2021 15:00,1
24,23-02-2021 04:00,2
24,20-03-2021 03:00,2
8,01-03-2021 09:00,1
5,23-11-2021 18:00,1
14,10-02-2021 20:00,0
2,08-04-2021 12:00,1
9,07-03-2021 16:00,1
12,01-03-2021 22:00,0
5,26-02-2021 19:00,1
15,29-03-2021 09:00,0
5,27-08-2021 08:00,1
15,06-02-2021 11:00,0
5,31-03-2021 01:00,1
2,29-01-2021 06:00,1
0,09-02-2021 05:00,1
12,26-03-2021 06:00,0
12,17-02-2021 01:00,0
1,04-04-2021 03:00,1
4,14-02-2021 06:00,1
1,17-09-2021 23:00,1
23,09-03-2021 18:00,2
13,07-04-2021 19:00,0
3,19-03-2021 16:00,1
4,13-02-2021 21:00,1
4,20-03-2021 15:00,1
28,05-03-2021 15:00,2
1,10-04-2021 04:00,1
5,20-04-2021 11:00,1
13,26-05-2021 06:00,0
21,15-05-2021 11:00,2
24,19-02-2021 02:00,2
17,23-03-2021 22:00,0
5,28-01-2023 06:00,1
6,13-03-2021 17:00,1
17,02-03-2021 10:00,0
14,05-04-2021 13:00,0
5,10-03-2021 06:00,1
19,20-02-2021 22:00,2
5,03-02-2021 08:00,1
2,21-02-2021 18:00,1
14,27-02-2021 02:00,0
21,07-07-2021 08:00,2
28,02-03-2021 23:00,2
12,05-09-2021 14:00,0
5,21-06-2021 17:00,1
14,04-07-2021 04:00,0
14,16-02-2021 05:00,0
0,07-03-2021 17:00,1
4,14-04-2021 20:00,1
2,24-04-2021 15:00,1
1,16-03-2021 16:00,1
5,06-01-2023 15:00,1
4,23-02-2021 11:00,1
17,06-02-2021 03:00,0
1,22-04-2021 10:00,1
18,02-04-2021 05:00,0
5,08-03-2021 21:00,1
24,03-07-2021 06:00,2
2,28-03-2021 21:00,1
5,04-04-2021 16:00,1
15,12-04-2021 22:00,0
2,23-04-2021 10:00,1
6,01-04-2021 15:00,1
21,09-04-2021 18:00,2
17,23-02-2021 03:00,0
4,03-06-2021 17:00,1
4,13-03-2021 18:00,1
28,07-02-2021 13:00,2
2,30-03-2021 08:00,1
8,19-02-2021 08:00,1
7,21-03-2022 13:00,1
21,26-03-2021 14:00,2
21,06-03-2021 02:00,2
17,12-02-2021 20:00,0
17,08-05-2021 09:00,0
8,22-09-2021 20:00,1
7,29-04-2021 13:00,1
13,05-03-2022 17:00,0
13,18-02-2021 23:00,0
18,11-02-2021 22:00,0
24,22-02-2021 22:00,2
5,26-02-2021 05:00,1
18,01-05-2021 09:00,0
2,21-11-2022 20:00,1
8,23-04-2021 23:00,1
17,19-04-2022 20:00,0
5,02-03-2021 10:00,1
21,20-04-2021 10:00,2
21,30-03-2021 22:00,2
17,16-04-2021 17:00,0
13,24-03-2021 10:00,0
2,21-03-2021 17:00,1
18,22-02-2021 07:00,0
24,23-02-2021 02:00,2
9,09-03-2021 01:00,1
17,04-04-2021 20:00,0
2,05-04-2021 02:00,1
28,25-02-2021 16:00,2
15,15-03-2021 14:00,0
3,10-02-2021 23:00,1
8,01-03-2021 20:00,1
13,31-03-2021 03:00,0
2,28-02-2021 12:00,1
12,18-02-2021 19:00,0
17,14-02-2021 19:00,0
18,27-02-2021 21:00,0
2,14-12-2021 04:00,1
17,11-02-2021 21:00,0
8,23-02-2021 19:00,1
2,15-03-2022 03:00,1
6,07-04-2021 10:00,1
9,22-03-2021 09:00,1
7,25-02-2021 22:00,1
22,27-07-2021 23:00,2
13,02-03-2021 16:00,0
18,19-04-2021 09:00,0
21,26-04-2021 07:00,2
10,02-03-2021 14:00,0
28,07-12-2021 21:00,2
24,25-03-2022 05:00,2
18,15-02-2021 02:00,0
5,10-03-2021 22:00,1
5,12-03-2021 17:00,1
14,16-02-2021 16:00,0
2,16-02-2021 02:00,1
25,03-04-2021 17:00,2
4,29-04-2021 07:00,1
5,15-04-2021 21:00,1
10,06-03-2021 14:00,0
19,15-04-2021 11:00,2
22,09-03-2021 17:00,2
21,27-02-2021 09:00,2
5,20-04-2021 00:00,1
8,23-08-2021 02:00,1
5,31-05-2022 17:00,1
5,18-04-2021 00:00,1
10,04-03-2021 21:00,0
10,27-02-2021 13:00,0
4,28-02-2021 18:00,1
28,07-03-2021 12:00,2
8,09-03-2021 09:00,1
25,17-02-2021 04:00,2
5,01-08-2022 14:00,1
21,23-03-2021 01:00,2
13,18-03-2021 07:00,0
17,03-03-2021 01:00,0
0,21-03-2021 18:00,1
17,14-04-2021 12:00,0
1,16-04-2021 05:00,1
24,20-02-2021 14:00,2
12,25-02-2021 03:00,0
1,13-03-2021 09:00,1
17,03-05-2021 08:00,0
17,27-03-2021 13:00,0
21,15-06-2021 10:00,2
24,20-04-2021 03:00,2
1,29-03-2021 02:00,1
8,13-04-2021 05:00,1
20,09-04-2021 17:00,2
17,19-04-2021 14:00,0
26,23-07-2021 09:00,2
8,03-08-2022 00:00,1
19,28-02-2021 00:00,2
17,14-03-2022 16:00,0
17,10-05-2021 17:00,0
23,07-04-2021 07:00,2
2,18-06-2021 01:00,1
24,07-05-2021 15:00,2
24,28-02-2021 10:00,2
15,29-04-2021 09:00,0
16,11-06-2021 09:00,0
6,01-03-2021 21:00,1
9,19-04-2021 13:00,1
19,06-05-2021 04:00,2
5,27-02-2021 03:00,1
13,23-04-2021 22:00,0
2,08-03-2021 03:00,1
15,21-12-2022 14:00,0
2,08-03-2021 05:00,1
12,22-02-2021 05:00,0
10,24-04-2022 17:00,0
4,12-03-2021 18:00,1
19,11-12-2021 09:00,2
24,11-04-2021 20:00,2
12,28-06-2021 21:00,0
22,07-03-2021 05:00,2
4,30-04-2021 15:00,1
21,14-03-2021 04:00,2
1,05-12-2021 07:00,1
5,20-02-2021 00:00,1
5,03-05-2021 15:00,1
10,15-04-2021 13:00,0
8,31-03-2021 00:00,1
2,02-04-2021 00:00,1
24,22-02-2021 20:00,2
17,22-03-2021 13:00,0
24,26-03-2021 20:00,2
0,10-04-2021 19:00,1
5,10-05-2021 12:00,1
2,13-03-2021 05:00,1
26,26-02-2021 10:00,2
1,11-04-2021 12:00,1
17,06-03-2021 21:00,0
17,24-02-2021 16:00,0
22,23-04-2021 15:00,2
0,03-03-2021 02:00,1
8,27-02-2021 21:00,1
9,20-02-2021 01:00,1
17,02-03-2021 02:00,0
8,20-02-2021 14:00,1
8,26-03-2021 17:00,1
1,09-05-2021 17:00,1
8,06-04-2021 21:00,1
12,13-03-2021 14:00,0
2,26-03-2021 14:00,1
5,07-03-2021 19:00,1
1,16-03-2021 01:00,1
7,09-04-2021 05:00,1
8,03-04-2021 19:00,1
21,25-03-2021 17:00,2
13,09-03-2021 14:00,0
8,10-03-2021 18:00,1
5,08-05-2021 04:00,1
0,23-02-2021 17:00,1
5,13-08-2021 02:00,1
10,02-03-2021 06:00,0
9,20-03-2021 19:00,1
10,25-02-2021 19:00,0
7,07-03-2021 23:00,1
2,25-02-2021 12:00,1
5,06-03-2021 04:00,1
2,22-04-2021 14:00,1
10,21-04-2021 08:00,0
5,11-05-2021 13:00,1
17,26-06-2021 17:00,0
5,28-05-2021 17:00,1
14,14-02-2022 01:00,0
23,27-02-2021 05:00,2
5,08-05-2021 13:00,1
2,11-03-2021 06:00,1
5,13-04-2021 00:00,1
17,20-04-2021 11:00,0
0,14-04-2021 15:00,1
1,01-04-2021 14:00,1
4,06-04-2022 15:00,1
13,12-03-2021 11:00,0
8,14-03-2021 07:00,1
17,12-04-2021 01:00,0
8,11-04-2021 04:00,1
1,15-12-2022 22:00,1
28,31-07-2021 03:00,2
27,08-04-2021 14:00,2
24,03-04-2021 20:00,2
10,08-04-2021 13:00,0
5,29-03-2021 03:00,1
9,13-03-2021 19:00,1
17,15-05-2021 12:00,0
5,06-04-2021 08:00,1
5,04-03-2021 04:00,1
28,01-05-2021 00:00,2
4,10-02-2022 03:00,1
5,09-03-2021 06:00,1
5,13-03-2021 01:00,1
5,12-05-2022 21:00,1
5,26-04-2021 11:00,1
2,05-05-2021 18:00,1
5,31-03-2021 04:00,1
5,09-03-2021 01:00,1
26,20-04-2021 15:00,2
2,12-07-2021 07:00,1
21,12-11-2022 16:00,2
1,07-03-2021 01:00,1
17,20-04-2021 02:00,0
5,05-04-2021 07:00,1
2,07-03-2021 18:00,1
4,02-04-2021 23:00,1
13,03-03-2021 10:00,0
21,11-05-2021 02:00,2
17,20-05-2021 06:00,0
5,12-05-2021 06:00,1
20,17-04-2021 13:00,2
13,19-03-2021 01:00,0
26,26-04-2021 07:00,2
17,18-03-2021 20:00,0
17,14-03-2021 07:00,0
8,13-05-2021 21:00,1
17,10-04-2021 06:00,0
1,13-03-2021 09:00,1
13,26-04-2021 10:00,0
15,11-03-2021 10:00,0
17,04-05-2021 02:00,0
5,24-03-2021 10:00,1
1,02-05-2021 13:00,1
18,03-04-2021 17:00,0
24,06-05-2021 19:00,2
17,12-05-2021 12:00,0
19,02-04-2021 23:00,2
17,14-03-2022 03:00,0
17,20-04-2021 12:00,0
24,16-02-2022 00:00,2
18,23-03-2021 14:00,0
5,19-07-2021 12:00,1
13,29-06-2021 15:00,0
20,26-02-2021 11:00,2
2,25-06-2021 03:00,1
15,13-04-2021 04:00,0
5,03-05-2021 08:00,1
2,27-04-2021 21:00,1
3,14-03-2021 05:00,1
3,10-03-2021 15:00,1
4,16-09-2021 13:00,1
1,29-04-2021 05:00,1
15,10-03-2021 07:00,0
1,31-03-2021 05:00,1
17,20-03-2021 17:00,0
1,04-05-2021 11:00,1
8,20-03-2021 19:00,1
8,13-04-2021 00:00,1
13,16-04-2021 16:00,0
8,19-03-2021 05:00,1
13,01-03-2021 01:00,0
1,23-03-2021 16:00,1
8,22-04-2021 22:00,1
21,19-03-2021 13:00,2
21,01-09-2021 20:00,2
20,14-11-2021 19:00,2
10,15-04-2021 11:00,0
2,02-05-2021 23:00,1
4,16-03-2021 03:00,1
8,16-03-2021 13:00,1
15,29-01-2023 22:00,0
3,28-03-2021 01:00,1
8,18-05-2021 00:00,1
5,22-03-2021 05:00,1
5,04-06-2022 11:00,1
14,07-03-2021 23:00,0
26,04-05-2021 22:00,2
15,30-03-2021 10:00,0
16,13-05-2021 13:00,0
2,27-05-2021 09:00,1
21,09-05-2021 10:00,2
5,09-03-2021 10:00,1
8,22-03-2021 17:00,1
2,27-03-2021 17:00,1
10,13-05-2021 03:00,0
5,25-05-2021 05:00,1
27,23-03-2021 15:00,2
25,23-04-2021 01:00,2
14,01-05-2022 11:00,0
16,11-06-2021 22:00,0
4,11-07-2021 09:00,1
8,19-08-2021 01:00,1
8,15-04-2021 17:00,1
17,17-04-2021 18:00,0
18,21-05-2021 21:00,0
11,28-05-2021 05:00,0
10,15-03-2021 03:00,0
13,10-04-2021 17:00,0
10,11-04-2021 02:00,0
5,25-03-2021 07:00,1
4,19-03-2021 20:00,1
17,29-05-2021 17:00,0
8,07-05-2021 09:00,1
10,20-01-2023 12:00,0
5,13-04-2021 06:00,1
13,01-04-2021 10:00,0
2,27-03-2021 16:00,1
2,25-06-2021 22:00,1
1,18-04-2021 10:00,1
18,13-07-2022 04:00,0
4,14-02-2022 15:00,1
1,01-05-2021 03:00,1
8,04-05-2021 11:00,1
7,09-05-2021 08:00,1
1,12-04-2021 14:00,1
12,01-10-2021 06:00,0
8,29-03-2021 11:00,1
4,18-05-2021 03:00,1
23,23-03-2021 08:00,2
10,03-04-2021 04:00,0
8,25-05-2021 23:00,1
17,21-04-2021 02:00,0
2,19-04-2021 13:00,1
14,23-03-2021 05:00,0
5,04-05-2021 05:00,1
1,31-03-2021 04:00,1
15,18-03-2021 12:00,0
1,08-12-2022 11:00,1
2,25-04-2021 13:00,1
1,22-03-2021 00:00,1
4,27-05-2021 08:00,1
14,30-05-2021 16:00,0
17,10-04-2021 22:00,0
13,23-05-2021 16:00,0
13,11-03-2021 04:00,0
10,07-05-2022 13:00,0
12,29-05-2021 13:00,0
5,29-03-2021 09:00,1
5,06-05-2021 19:00,1
18,20-04-2021 16:00,0
1,02-06-2021 11:00,1
13,09-05-2021 02:00,0
15,22-12-2021 20:00,0
17,21-05-2021 19:00,0
2,09-04-2021 17:00,1
0,21-04-2021 01:00,1
25,16-04-2021 10:00,2
5,04-04-2021 17:00,1
9,18-04-2021 18:00,1
1,05-06-2021 05:00,1
8,24-03-2021 14:00,1
23,02-05-2021 23:00,2
10,25-04-2022 15:00,0
13,18-03-2021 23:00,0
24,04-06-2021 02:00,2
20,11-02-2022 18:00,2
4,28-03-2021 16:00,1
14,23-03-2021 20:00,0
4,24-04-2021 11:00,1
1,05-05-2021 12:00,1
26,14-04-2021 20:00,2
12,03-06-2021 09:00,0
1,27-03-2021 03:00,1
6,02-04-2021 17:00,1
4,19-06-2021 04:00,1
27,06-12-2021 00:00,2
25,19-03-2021 14:00,2
17,08-06-2021 21:00,0
15,31-03-2021 10:00,0
5,20-03-2021 12:00,1
24,23-05-2021 19:00,2
0,01-05-2021 07:00,1
17,29-03-2021 06:00,0
17,25-05-2021 23:00,0
5,27-04-2021 06:00,1
17,17-03-2021 16:00,0
4,17-04-2021 12:00,1
4,27-03-2021 17:00,1
1,04-06-2021 08:00,1
20,23-03-2021 01:00,2
17,05-04-2021 11:00,0
1,29-05-2021 08:00,1
17,20-03-2021 01:00,0
4,06-04-2021 10:00,1
0,09-04-2021 21:00,1
8,14-03-2021 11:00,1
27,25-03-2021 00:00,2
5,21-04-2021 14:00,1
0,18-03-2021 15:00,1
17,12-02-2023 01:00,0
5,10-05-2021 10:00,1
4,07-05-2021 05:00,1
8,23-04-2021 20:00,1
4,21-03-2021 17:00,1
4,18-04-2022 22:00,1
8,02-04-2021 14:00,1
17,18-04-2021 13:00,0
5,17-04-2021 15:00,1
5,19-05-2021 04:00,1
4,11-04-2021 07:00,1
15,10-05-2021 09:00,0
2,21-05-2021 19:00,1
5,02-06-2021 08:00,1
0,09-06-2021 00:00,1
5,25-04-2021 13:00,1
5,25-04-2021 06:00,1
21,08-06-2021 14:00,2
8,12-06-2021 00:00,1
2,07-04-2021 16:00,1
5,06-05-2021 20:00,1
21,11-04-2021 06:00,2
2,14-02-2022 21:00,1
8,02-05-2021 06:00,1
2,11-04-2021 05:00,1
9,06-06-2021 05:00,1
14,28-05-2021 14:00,0
25,01-06-2021 06:00,2
21,19-07-2021 12:00,2
2,08-04-2021 16:00,1
17,16-12-2021 09:00,0
12,09-06-2021 05:00,0
8,26-03-2021 09:00,1
3,18-03-2021 07:00,1
14,09-05-2021 10:00,0
23,19-03-2021 05:00,2
8,08-09-2022 15:00,1
18,23-03-2021 21:00,0
17,27-03-2021 05:00,0
12,03-04-2021 10:00,0
8,27-04-2021 09:00,1
5,08-04-2021 19:00,1
3,07-04-2021 15:00,1
13,14-02-2023 06:00,0
8,24-05-2021 05:00,1
17,13-04-2021 05:00,0
25,15-06-2021 03:00,2
1,16-04-2021 13:00,1
25,09-04-2021 21:00,2
8,11-05-2021 14:00,1
13,02-06-2021 07:00,0
10,15-04-2021 08:00,0
17,24-04-2021 14:00,0
4,10-06-2021 09:00,1
25,12-04-2021 06:00,2
17,01-04-2021 11:00,0
4,25-04-2021 10:00,1
24,13-04-2021 23:00,2
8,29-04-2021 20:00,1
13,30-03-2021 00:00,0
10,11-11-2022 23:00,0
4,08-05-2021 06:00,1
17,03-06-2021 04:00,0
18,02-04-2021 08:00,0
0,15-04-2021 15:00,1
10,07-06-2022 00:00,0
21,23-04-2021 10:00,2
2,08-06-2021 02:00,1
2,10-05-2021 15:00,1
5,07-05-2021 14:00,1
8,27-03-2021 06:00,1
21,12-04-2021 15:00,2
8,29-03-2021 15:00,1
3,06-04-2021 22:00,1
2,06-05-2021 05:00,1
4,03-06-2021 23:00,1
7,24-05-2021 04:00,1
14,07-06-2021 08:00,0
8,30-05-2021 00:00,1
4,15-04-2021 17:00,1
17,13-06-2021 08:00,0
15,31-05-2021 02:00,0
22,01-07-2021 12:00,2
27,14-05-2021 22:00,2
4,03-06-2021 20:00,1
15,09-04-2021 12:00,0
21,22-05-2021 05:00,2
12,05-10-2021 02:00,0
15,12-08-2021 18:00,0
3,11-04-2021 07:00,1
21,21-03-2021 16:00,2
5,30-03-2021 18:00,1
17,12-06-2021 12:00,0
8,13-05-2021 13:00,1
13,08-04-2021 08:00,0
1,07-05-2021 17:00,1
10,14-06-2021 06:00,0
5,11-05-2021 16:00,1
6,13-05-2021 19:00,1
17,08-05-2021 12:00,0
3,29-04-2021 21:00,1
1,16-04-2021 18:00,1
13,16-05-2021 07:00,0
5,26-05-2021 23:00,1
21,31-05-2021 21:00,2
7,23-04-2021 21:00,1
2,02-06-2021 12:00,1
5,12-06-2021 13:00,1
5,11-05-2021 01:00,1
5,02-04-2021 11:00,1
10,31-05-2021 18:00,0
10,19-04-2021 09:00,0
1,08-09-2021 19:00,1
8,23-03-2021 15:00,1
1,31-03-2021 10:00,1
13,18-05-2021 12:00,0
12,13-05-2021 04:00,0
20,22-04-2021 13:00,2
2,06-04-2021 19:00,1
4,12-05-2021 06:00,1
21,12-05-2021 02:00,2
5,21-01-2022 00:00,1
12,28-04-2021 19:00,0
14,19-05-2021 22:00,0
8,16-05-2021 20:00,1
19,12-08-2021 03:00,2
2,20-04-2021 00:00,1
14,15-06-2021 19:00,0
8,13-04-2021 08:00,1
8,14-06-2021 17:00,1
18,13-05-2021 06:00,0
8,22-04-2021 11:00,1
8,05-05-2021 07:00,1
5,12-05-2021 14:00,1
17,07-04-2021 22:00,0
13,04-04-2021 23:00,0
4,02-04-2021 19:00,1
10,17-06-2021 17:00,0
4,04-04-2021 18:00,1
13,06-06-2021 04:00,0
8,30-08-2021 06:00,1
2,08-04-2021 22:00,1
15,25-05-2021 13:00,0
24,29-04-2021 21:00,2
4,27-05-2021 05:00,1
6,05-05-2021 19:00,1
3,21-05-2021 13:00,1
4,31-05-2021 15:00,1
17,20-04-2021 08:00,0
17,16-09-2021 04:00,0
5,29-04-2021 13:00,1
13,29-04-2021 06:00,0
14,05-04-2021 04:00,0
13,19-04-2021 08:00,0
10,20-04-2021 00:00,0
9,22-04-2021 04:00,1
17,24-05-2021 20:00,0
17,13-05-2021 20:00,0
5,15-04-2021 01:00,1
10,14-06-2021 09:00,0
5,14-04-2021 05:00,1
5,28-04-2021 01:00,1
5,21-06-2021 07:00,1
18,01-01-2023 19:00,0
5,18-06-2021 10:00,1
5,05-06-2021 19:00,1
11,20-04-2021 13:00,0
28,08-06-2021 22:00,2
26,18-04-2021 10:00,2
5,13-05-2021 12:00,1
14,16-04-2021 23:00,0
5,07-05-2021 19:00,1
13,08-05-2021 21:00,0
10,08-04-2021 22:00,0
11,21-04-2021 04:00,0
6,21-04-2021 12:00,1
3,17-05-2021 01:00,1
19,28-04-2021 13:00,2
15,05-04-2021 13:00,0
5,14-06-2021 15:00,1
13,17-04-2021 22:00,0
5,08-05-2021 19:00,1
5,27-05-2021 21:00,1
9,12-04-2021 03:00,1
1,02-06-2021 11:00,1
8,16-05-2021 23:00,1
5,20-10-2021 20:00,1
14,25-05-2021 07:00,0
21,24-06-2021 14:00,2
24,08-04-2021 21:00,2
9,19-06-2022 22:00,1
7,12-06-2021 18:00,1
14,22-05-2021 23:00,0
28,09-06-2021 15:00,2
2,12-05-2021 10:00,1
17,13-01-2023 07:00,0
25,23-06-2021 19:00,2
14,16-04-2021 03:00,0
1,26-04-2021 16:00,1
17,07-04-2021 04:00,0
4,19-06-2021 14:00,1
5,09-05-2021 15:00,1
24,16-06-2021 13:00,2
7,18-04-2022 00:00,1
5,06-06-2021 19:00,1
21,02-05-2021 20:00,2
2,30-04-2021 04:00,1
1,27-06-2021 22:00,1
17,03-05-2021 09:00,0
2,09-06-2021 13:00,1
4,28-04-2021 01:00,1
8,03-06-2021 10:00,1
21,12-06-2021 09:00,2
12,28-06-2021 19:00,0
4,27-06-2021 04:00,1
8,13-06-2021 03:00,1
5,30-04-2021 19:00,1
5,11-04-2021 13:00,1
13,21-05-2021 16:00,0
8,03-06-2021 09:00,1
17,21-04-2021 08:00,0
21,25-02-2022 00:00,2
21,01-05-2021 21:00,2
23,15-06-2021 15:00,2
16,20-04-2021 22:00,0
4,20-04-2021 05:00,1
25,28-04-2021 19:00,2
9,13-03-2023 04:00,1
26,17-04-2021 03:00,2
21,24-06-2021 22:00,2
27,28-04-2021 07:00,2
3,19-04-2021 17:00,1
28,29-04-2021 19:00,2
1,02-05-2021 03:00,1
0,01-05-2021 12:00,1
5,13-05-2021 01:00,1
5,24-05-2021 21:00,1
17,27-09-2022 02:00,0
4,25-05-2021 07:00,1
10,29-07-2021 13:00,0
28,22-07-2021 12:00,2
5,12-04-2021 22:00,1
2,06-08-2021 03:00,1
13,21-09-2021 03:00,0
2,24-04-2021 02:00,1
10,02-07-2021 10:00,0
19,30-05-2021 17:00,2
20,02-05-2021 20:00,2
13,15-03-2022 02:00,0
17,03-05-2021 07:00,0
5,21-04-2021 06:00,1
17,02-06-2021 20:00,0
25,09-05-2021 22:00,2
0,21-05-2022 00:00,1
17,05-07-2021 18:00,0
28,29-04-2021 09:00,2
5,15-04-2021 01:00,1
5,19-05-2021 03:00,1
2,21-04-2021 10:00,1
8,07-06-2021 12:00,1
2,17-06-2021 15:00,1
5,23-07-2021 03:00,1
13,26-03-2022 01:00,0
5,10-06-2021 22:00,1
8,30-08-2021 23:00,1
7,21-06-2021 07:00,1
20,19-05-2021 20:00,2
14,12-06-2021 17:00,0
14,07-06-2021 11:00,0
16,03-07-2021 05:00,0
2,12-06-2021 08:00,1
17,25-04-2021 13:00,0
13,22-05-2021 03:00,0
1,21-04-2021 06:00,1
14,28-06-2021 23:00,0
27,10-07-2021 13:00,2
25,28-08-2021 09:00,2
18,15-06-2021 16:00,0
5,23-04-2021 04:00,1
4,23-10-2021 05:00,1
9,04-06-2021 09:00,1
17,29-04-2021 12:00,0
1,26-04-2021 00:00,1
10,15-10-2021 02:00,0
24,14-05-2021 19:00,2
18,30-04-2021 22:00,0
21,06-07-2021 08:00,2
17,16-04-2021 10:00,0
21,23-04-2021 14:00,2
15,21-11-2021 16:00,0
17,20-04-2021 11:00,0
5,21-04-2021 19:00,1
7,22-04-2021 07:00,1
10,23-06-2021 19:00,0
4,25-05-2021 13:00,1
17,14-05-2021 06:00,0
17,19-06-2021 05:00,0
5,22-04-2021 13:00,1
17,17-04-2021 10:00,0
0,07-05-2021 02:00,1
23,25-07-2022 13:00,2
4,05-07-2021 19:00,1
20,03-05-2021 03:00,2
4,27-04-2021 16:00,1
4,09-05-2021 13:00,1
13,23-04-2021 20:00,0
2,21-06-2021 23:00,1
5,10-01-2022 16:00,1
21,20-04-2021 17:00,2
17,15-05-2021 22:00,0
13,03-06-2021 05:00,0
10,13-05-2021 09:00,0
2,01-06-2021 09:00,1
28,04-05-2021 07:00,2
14,09-05-2021 08:00,0
21,18-05-2021 12:00,2
1,09-05-2021 17:00,1
24,14-05-2021 21:00,2
25,30-06-2021 16:00,2
5,14-04-2021 15:00,1
10,13-10-2021 07:00,0
4,03-07-2021 20:00,1
14,28-08-2021 14:00,0
17,25-06-2021 14:00,0
28,29-04-2021 13:00,2
5,22-04-2021 10:00,1
4,20-06-2021 09:00,1
21,11-09-2021 20:00,2
5,15-05-2021 04:00,1
12,02-06-2021 01:00,0
12,14-05-2021 06:00,0
14,04-06-2021 09:00,0
18,27-06-2021 18:00,0
4,15-05-2021 21:00,1
5,23-06-2021 21:00,1
27,08-06-2021 18:00,2
11,27-06-2021 21:00,0
2,20-08-2021 10:00,1
17,29-06-2021 05:00,0
5,27-06-2021 20:00,1
9,08-05-2021 02:00,1
4,26-05-2021 19:00,1
20,01-07-2021 12:00,2
1,05-05-2021 14:00,1
14,31-05-2021 11:00,0
10,08-05-2021 02:00,0
2,29-06-2021 10:00,1
13,26-05-2021 08:00,0
24,30-05-2022 07:00,2
2,04-05-2021 09:00,1
5,23-04-2021 08:00,1
8,25-06-2021 00:00,1
15,13-07-2021 18:00,0
2,22-05-2021 16:00,1
21,07-05-2021 20:00,2
13,18-05-2021 19:00,0
13,16-05-2021 07:00,0
2,19-04-2021 12:00,1
10,03-06-2021 17:00,0
20,19-05-2021 18:00,2
17,07-09-2021 16:00,0
4,07-07-2021 14:00,1
17,04-07-2021 18:00,0
2,23-04-2021 12:00,1
1,20-06-2021 11:00,1
0,03-06-2021 14:00,1
4,19-06-2021 23:00,1
25,28-04-2021 03:00,2
14,12-05-2021 10:00,0
10,09-07-2021 01:00,0
14,07-07-2021 06:00,0
5,22-06-2021 04:00,1
10,17-05-2021 02:00,0
24,02-06-2021 22:00,2
20,15-06-2021 23:00,2
5,23-05-2021 19:00,1
8,12-05-2021 01:00,1
13,01-06-2021 20:00,0
28,15-06-2021 20:00,2
2,27-02-2023 18:00,1
17,02-04-2023 12:00,0
3,05-05-2021 22:00,1
8,14-05-2021 08:00,1
15,20-06-2021 15:00,0
2,10-07-2021 09:00,1
24,01-07-2021 10:00,2
8,30-04-2021 09:00,1
4,20-05-2021 15:00,1
4,10-05-2021 13:00,1
5,22-05-2021 01:00,1
4,17-05-2021 21:00,1
14,09-05-2021 21:00,0
21,17-06-2021 10:00,2
5,17-06-2021 06:00,1
2,22-06-2021 19:00,1
14,07-06-2021 16:00,0
13,31-05-2021 11:00,0
0,13-05-2021 16:00,1
5,06-09-2021 22:00,1
20,16-05-2021 03:00,2
25,15-08-2022 19:00,2
20,16-07-2021 20:00,2
17,12-05-2021 12:00,0
0,25-06-2021 22:00,1
17,03-05-2021 13:00,0
14,17-09-2021 04:00,0
5,23-10-2021 13:00,1
17,06-05-2021 12:00,0
10,23-05-2021 00:00,0
15,12-06-2021 10:00,0
5,15-07-2021 07:00,1
13,17-07-2021 23:00,0
2,10-06-2021 21:00,1
5,15-07-2021 00:00,1
13,18-05-2021 10:00,0
5,21-06-2021 04:00,1
5,07-06-2021 16:00,1
17,27-05-2021 00:00,0
15,24-05-2021 09:00,0
2,27-06-2021 04:00,1
4,24-10-2022 09:00,1
2,13-03-2022 03:00,1
12,03-07-2021 10:00,0
5,12-06-2021 09:00,1
11,09-06-2021 02:00,0
4,03-06-2021 18:00,1
2,14-05-2021 01:00,1
1,24-04-2021 11:00,1
2,22-06-2021 11:00,1
2,14-06-2021 12:00,1
24,06-05-2021 02:00,2
17,26-05-2021 10:00,0
24,10-08-2021 06:00,2
5,30-05-2021 18:00,1
8,03-06-2021 01:00,1
5,10-05-2021 14:00,1
19,03-07-2021 11:00,2
5,08-05-2021 23:00,1
5,05-08-2022 15:00,1
13,25-05-2021 15:00,0
21,31-05-2021 15:00,2
8,17-05-2021 06:00,1
5,22-05-2021 22:00,1
21,06-06-2021 19:00,2
12,25-08-2021 14:00,0
11,22-07-2021 11:00,0
10,16-07-2021 15:00,0
8,02-07-2021 05:00,1
12,14-05-2021 05:00,0
25,02-06-2021 10:00,2
19,30-05-2021 01:00,2
1,19-09-2021 16:00,1
15,17-05-2021 20:00,0
2,11-07-2021 05:00,1
24,11-06-2021 16:00,2
5,23-07-2021 04:00,1
2,14-05-2021 02:00,1
5,21-06-2021 03:00,1
24,24-07-2021 23:00,2
7,23-07-2021 14:00,1
5,21-07-2021 18:00,1
2,17-06-2021 05:00,1
13,09-07-2021 11:00,0
13,23-05-2021 19:00,0
21,23-06-2021 06:00,2
28,24-11-2022 03:00,2
5,01-06-2021 02:00,1
21,10-05-2021 00:00,2
15,24-05-2021 22:00,0
17,28-05-2021 10:00,0
12,04-06-2021 09:00,0
5,04-07-2021 10:00,1
13,10-05-2021 16:00,0
28,19-06-2021 08:00,2
27,14-07-2021 12:00,2
4,12-05-2021 23:00,1
21,19-05-2021 10:00,2
21,07-01-2022 08:00,2
13,01-06-2021 06:00,0
1,07-06-2021 00:00,1
0,05-06-2021 15:00,1
17,23-07-2021 08:00,0
13,11-05-2021 09:00,0
10,24-07-2021 01:00,0
1,07-07-2021 11:00,1
5,09-07-2021 01:00,1
13,17-07-2021 05:00,0
1,18-06-2021 06:00,1
7,26-10-2021 19:00,1
17,16-08-2021 17:00,0
5,25-04-2023 12:00,1
5,29-05-2021 19:00,1
8,29-11-2021 16:00,1
17,03-06-2021 13:00,0
4,06-05-2021 19:00,1
11,20-05-2021 02:00,0
17,21-07-2021 11:00,0
7,29-05-2021 20:00,1
3,06-08-2021 03:00,1
5,03-07-2021 18:00,1
28,12-07-2021 20:00,2
2,24-05-2021 04:00,1
6,10-10-2021 20:00,1
14,28-02-2022 20:00,0
5,17-06-2021 03:00,1
5,14-07-2021 12:00,1
10,11-09-2021 01:00,0
8,07-09-2021 23:00,1
1,03-06-2021 22:00,1
14,05-05-2021 00:00,0
15,02-06-2021 11:00,0
0,23-05-2021 04:00,1
5,25-05-2021 09:00,1
9,26-05-2021 23:00,1
17,08-06-2021 15:00,0
12,08-07-2021 08:00,0
17,28-06-2021 23:00,0
23,06-08-2021 12:00,2
2,11-07-2021 05:00,1
11,22-08-2022 23:00,0
23,11-06-2021 01:00,2
0,06-06-2021 13:00,1
24,13-05-2021 01:00,2
1,22-09-2021 16:00,1
2,21-05-2021 00:00,1
2,30-07-2021 00:00,1
2,02-06-2021 04:00,1
1,11-06-2021 18:00,1
4,30-05-2021 07:00,1
8,10-11-2022 11:00,1
10,25-09-2021 01:00,0
5,04-07-2021 07:00,1
8,19-06-2021 10:00,1
5,22-10-2021 19:00,1
4,14-07-2021 04:00,1
8,02-07-2021 07:00,1
17,08-10-2021 14:00,0
4,30-05-2021 01:00,1
1,18-07-2021 22:00,1
10,07-07-2021 17:00,0
8,18-05-2021 02:00,1
21,06-06-2021 11:00,2
21,30-07-2021 00:00,2
5,14-05-2021 20:00,1
20,11-07-2021 19:00,2
27,11-07-2021 17:00,2
4,02-06-2021 10:00,1
10,29-07-2021 16:00,0
8,20-06-2021 00:00,1
10,26-06-2021 13:00,0
5,09-05-2021 11:00,1
13,16-07-2021 23:00,0
5,14-05-2021 17:00,1
8,28-08-2021 03:00,1
7,30-05-2021 23:00,1
14,23-06-2021 19:00,0
5,10-07-2021 03:00,1
14,16-07-2021 00:00,0
17,25-05-2021 18:00,0
23,25-05-2021 23:00,2
5,05-07-2021 03:00,1
8,20-06-2021 23:00,1
22,09-01-2022 22:00,2
2,25-08-2021 22:00,1
17,24-07-2021 06:00,0
14,19-05-2021 05:00,0
12,18-08-2021 00:00,0
19,10-07-2021 00:00,2
2,07-06-2021 21:00,1
5,20-06-2021 08:00,1
8,05-07-2021 17:00,1
28,22-07-2021 06:00,2
4,08-06-2021 22:00,1
2,20-10-2021 10:00,1
2,17-07-2021 19:00,1
19,09-06-2021 19:00,2
17,17-05-2021 22:00,0
18,23-06-2021 05:00,0
2,27-05-2021 06:00,1
2,09-07-2021 16:00,1
13,27-06-2021 03:00,0
4,28-05-2021 05:00,1
0,25-06-2021 10:00,1
27,03-01-2023 11:00,2
2,03-08-2021 21:00,1
5,01-08-2021 18:00,1
13,26-06-2021 06:00,0
5,18-09-2021 14:00,1
13,19-06-2022 21:00,0
8,18-06-2021 11:00,1
24,07-08-2021 19:00,2
24,05-07-2021 17:00,2
6,10-06-2021 03:00,1
0,06-07-2021 04:00,1
1,22-05-2021 18:00,1
17,23-03-2022 00:00,0
17,03-03-2023 01:00,0
5,15-07-2021 15:00,1
21,06-06-2021 10:00,2
2,21-06-2021 19:00,1
5,26-05-2021 20:00,1
0,24-07-2021 18:00,1
17,17-06-2021 21:00,0
17,24-05-2021 19:00,0
5,28-05-2021 23:00,1
14,28-06-2021 21:00,0
5,24-05-2021 20:00,1
18,14-07-2021 17:00,0
17,20-05-2021 07:00,0
8,30-07-2021 09:00,1
24,03-07-2021 01:00,2
2,01-07-2021 06:00,1
10,10-07-2021 15:00,0
5,15-05-2021 16:00,1
18,10-06-2021 23:00,0
17,30-05-2021 10:00,0
13,21-07-2021 06:00,0
17,31-07-2021 19:00,0
1,24-05-2021 11:00,1
17,01-03-2023 03:00,0
13,05-06-2021 18:00,0
5,19-06-2022 06:00,1
13,30-05-2021 04:00,0
10,29-05-2021 14:00,0
8,02-06-2021 09:00,1
17,11-07-2021 20:00,0
5,01-06-2021 03:00,1
27,30-05-2021 08:00,2
17,05-06-2021 01:00,0
15,25-07-2021 19:00,0
5,19-07-2021 01:00,1
5,06-07-2021 13:00,1
4,18-07-2021 23:00,1
21,15-06-2021 05:00,2
8,27-06-2021 02:00,1
13,09-05-2023 06:00,0
21,26-11-2022 06:00,2
21,18-07-2021 03:00,2
15,22-05-2021 12:00,0
1,22-06-2021 00:00,1
5,21-06-2021 17:00,1
4,11-06-2021 23:00,1
21,01-07-2021 21:00,2
5,27-06-2021 05:00,1
8,04-06-2021 23:00,1
17,07-08-2021 11:00,0
1,31-05-2021 01:00,1
13,25-06-2021 01:00,0
1,20-07-2021 09:00,1
1,22-07-2021 19:00,1
8,23-07-2021 06:00,1
8,08-06-2021 14:00,1
18,04-07-2021 19:00,0
17,24-06-2021 03:00,0
4,29-06-2021 01:00,1
21,29-08-2022 15:00,2
13,19-07-2021 07:00,0
5,02-07-2021 00:00,1
5,01-07-2021 01:00,1
8,11-08-2021 00:00,1
25,08-08-2021 00:00,2
5,10-06-2021 13:00,1
18,06-06-2021 03:00,0
21,21-07-2021 10:00,2
14,17-07-2021 02:00,0
21,30-05-2021 01:00,2
13,27-06-2021 00:00,0
13,30-07-2021 04:00,0
2,09-07-2021 02:00,1
5,30-07-2021 12:00,1
21,05-08-2021 05:00,2
3,06-08-2021 12:00,1
24,15-07-2021 20:00,2
2,09-06-2021 17:00,1
5,11-06-2021 03:00,1
17,26-09-2021 15:00,0
17,24-07-2021 07:00,0
5,08-06-2021 03:00,1
4,17-07-2021 17:00,1
12,27-06-2021 17:00,0
5,13-07-2021 15:00,1
28,12-07-2021 18:00,2
17,04-06-2021 11:00,0
2,26-08-2021 00:00,1
5,02-08-2021 20:00,1
22,14-03-2022 07:00,2
13,27-06-2021 04:00,0
2,24-06-2021 21:00,1
17,23-05-2021 09:00,0
4,18-03-2022 05:00,1
8,18-06-2021 18:00,1
13,10-07-2021 05:00,0
9,27-07-2021 20:00,1
9,08-07-2021 14:00,1
8,07-06-2021 05:00,1
1,19-03-2022 19:00,1
5,13-07-2021 01:00,1
6,09-06-2021 01:00,1
27,19-06-2021 03:00,2
2,14-07-2021 20:00,1
5,26-07-2021 02:00,1
17,04-06-2021 21:00,0
2,11-08-2021 21:00,1
17,11-12-2022 14:00,0
5,02-07-2021 10:00,1
20,03-07-2021 11:00,2
13,16-06-2021 11:00,0
4,08-07-2021 16:00,1
3,20-06-2021 06:00,1
0,05-10-2022 10:00,1
13,18-10-2021 17:00,0
10,03-08-2021 12:00,0
21,27-05-2021 17:00,2
1,18-05-2022 04:00,1
4,04-08-2021 14:00,1
17,16-06-2021 04:00,0
22,14-08-2021 17:00,2
17,30-06-2021 02:00,0
9,04-07-2021 02:00,1
24,30-06-2021 04:00,2
25,31-07-2021 15:00,2
2,02-06-2021 15:00,1
21,23-05-2021 14:00,2
9,12-06-2021 16:00,1
4,04-06-2021 01:00,1
1,12-06-2021 23:00,1
4,29-09-2021 08:00,1
17,25-08-2022 16:00,0
0,18-07-2021 20:00,1
14,13-08-2021 03:00,0
5,26-07-2021 18:00,1
8,04-06-2021 18:00,1
23,21-06-2021 07:00,2
5,06-07-2021 19:00,1
1,15-01-2022 03:00,1
17,23-11-2021 06:00,0
24,29-06-2021 18:00,2
7,07-07-2021 10:00,1
5,13-11-2022 09:00,1
2,26-10-2021 01:00,1
2,13-08-2021 11:00,1
5,06-08-2021 05:00,1
5,26-04-2022 14:00,1
1,20-08-2021 20:00,1
2,17-06-2021 16:00,1
10,12-06-2021 18:00,0
2,07-01-2023 05:00,1
13,29-06-2021 16:00,0
25,11-06-2021 07:00,2
26,19-06-2021 11:00,2
15,30-07-2021 06:00,0
5,15-07-2021 03:00,1
24,22-09-2021 11:00,2
17,03-07-2021 13:00,0
17,23-09-2022 20:00,0
21,18-06-2021 14:00,2
17,14-07-2021 23:00,0
20,30-06-2021 19:00,2
8,10-03-2023 01:00,1
8,08-08-2021 23:00,1
8,10-08-2021 12:00,1
5,11-08-2021 08:00,1
13,30-10-2021 09:00,0
2,23-08-2021 13:00,1
21,12-07-2021 21:00,2
5,08-06-2021 18:00,1
8,15-06-2021 07:00,1
3,27-06-2021 11:00,1
17,10-07-2021 10:00,0
13,29-06-2021 15:00,0
10,05-06-2021 12:00,0
10,19-09-2021 10:00,0
26,10-08-2021 18:00,2
17,01-01-2022 01:00,0
17,02-07-2021 19:00,0
1,16-07-2021 22:00,1
1,08-06-2021 04:00,1
5,15-03-2022 16:00,1
12,15-10-2021 04:00,0
5,03-05-2022 23:00,1
2,07-06-2021 09:00,1
14,11-06-2021 09:00,0
24,24-06-2021 11:00,2
14,25-06-2021 05:00,0
24,05-08-2021 03:00,2
17,28-06-2021 04:00,0
17,15-11-2022 22:00,0
13,13-06-2021 21:00,0
3,17-06-2021 20:00,1
14,26-06-2021 12:00,0
13,09-08-2021 08:00,0
5,14-07-2021 09:00,1
4,17-08-2022 08:00,1
4,07-06-2021 18:00,1
25,16-07-2021 23:00,2
4,12-06-2021 14:00,1
11,23-06-2021 19:00,0
8,16-06-2021 17:00,1
14,26-08-2021 19:00,0
17,30-06-2021 09:00,0
21,19-06-2021 04:00,2
25,08-08-2021 17:00,2
24,13-04-2023 14:00,2
8,08-02-2023 17:00,1
23,10-05-2022 03:00,2
12,20-08-2021 02:00,0
17,29-07-2021 02:00,0
4,12-06-2021 12:00,1
5,24-07-2021 19:00,1
0,24-08-2021 10:00,1
14,21-07-2021 22:00,0
17,20-06-2021 21:00,0
4,22-04-2023 06:00,1
25,19-07-2021 21:00,2
5,10-06-2021 05:00,1
2,24-08-2021 17:00,1
5,09-02-2022 17:00,1
28,26-08-2021 05:00,2
2,08-06-2021 13:00,1
2,18-07-2021 02:00,1
19,28-06-2021 06:00,2
6,06-08-2021 11:00,1
5,30-06-2021 04:00,1
8,09-08-2021 02:00,1
17,02-08-2021 11:00,0
3,07-08-2021 06:00,1
12,22-06-2021 14:00,0
27,15-06-2021 21:00,2
1,07-08-2021 21:00,1
10,12-08-2021 10:00,0
17,22-07-2021 02:00,0
9,12-08-2021 19:00,1
21,23-06-2021 05:00,2
10,29-07-2021 01:00,0
15,10-08-2022 05:00,0
10,12-08-2021 22:00,0
27,07-07-2021 20:00,2
3,05-05-2023 14:00,1
14,22-06-2021 13:00,0
5,12-05-2022 19:00,1
19,16-07-2021 06:00,2
2,13-08-2021 03:00,1
12,03-07-2021 14:00,0
1,28-01-2023 08:00,1
1,01-07-2021 02:00,1
14,28-08-2021 22:00,0
23,03-07-2021 10:00,2
1,16-05-2022 03:00,1
0,24-06-2021 13:00,1
20,21-07-2021 08:00,2
5,30-06-2021 09:00,1
18,21-10-2022 08:00,0
5,06-08-2021 00:00,1
13,04-09-2021 15:00,0
9,12-06-2021 07:00,1
17,19-06-2021 16:00,0
9,30-03-2023 11:00,1
5,09-10-2021 10:00,1
28,06-07-2021 18:00,2
9,01-09-2021 23:00,1
2,09-07-2021 19:00,1
21,03-03-2022 15:00,2
7,12-08-2021 01:00,1
17,05-08-2021 13:00,0
14,19-06-2021 17:00,0
5,17-07-2021 10:00,1
17,04-08-2021 03:00,0
14,12-07-2021 06:00,0
21,16-06-2021 15:00,2
2,18-08-2021 14:00,1
2,22-07-2021 13:00,1
21,03-12-2021 15:00,2
2,19-08-2021 23:00,1
23,18-07-2021 20:00,2
12,18-07-2021 19:00,0
9,16-07-2021 13:00,1
6,15-07-2021 00:00,1
24,28-08-2021 02:00,2
21,26-08-2021 12:00,2
5,15-07-2021 20:00,1
21,09-11-2022 07:00,2
13,08-11-2021 07:00,0
17,20-05-2022 21:00,0
12,26-06-2021 03:00,0
0,19-07-2021 05:00,1
10,28-07-2021 05:00,0
8,15-08-2021 06:00,1
10,30-06-2021 08:00,0
9,12-08-2021 19:00,1
5,03-07-2021 00:00,1
17,02-09-2021 15:00,0
20,21-07-2021 20:00,2
13,18-06-2021 01:00,0
13,04-09-2021 19:00,0
27,19-08-2021 01:00,2
13,16-07-2021 04:00,0
4,01-01-2022 06:00,1
11,13-08-2021 07:00,0
11,08-08-2021 20:00,0
24,27-08-2021 19:00,2
10,02-09-2021 01:00,0
9,21-07-2021 13:00,1
26,18-07-2021 17:00,2
0,14-07-2021 02:00,1
13,12-07-2021 22:00,0
14,29-06-2021 09:00,0
7,03-07-2021 19:00,1
13,11-10-2021 22:00,0
4,20-08-2021 01:00,1
2,07-09-2021 19:00,1
5,13-07-2021 19:00,1
15,02-09-2021 20:00,0
24,16-07-2021 08:00,2
2,06-12-2021 01:00,1
18,16-10-2021 17:00,0
2,25-06-2021 08:00,1
17,04-07-2021 04:00,0
13,10-08-2021 04:00,0
5,06-03-2022 10:00,1
15,30-07-2021 10:00,0
5,07-08-2022 11:00,1
5,15-07-2021 07:00,1
10,27-06-2021 20:00,0
13,15-08-2021 15:00,0
17,26-08-2021 03:00,0
0,27-03-2022 17:00,1
28,03-09-2021 01:00,2
18,07-12-2021 05:00,0
5,02-07-2021 07:00,1
15,26-06-2021 14:00,0
27,31-08-2021 06:00,2
1,21-08-2021 21:00,1
17,07-08-2022 23:00,0
14,20-06-2021 16:00,0
2,05-10-2021 12:00,1
21,12-08-2021 04:00,2
8,30-08-2021 13:00,1
14,28-11-2021 20:00,0
10,18-06-2021 19:00,0
23,15-07-2021 17:00,2
13,22-07-2021 06:00,0
14,14-08-2021 11:00,0
8,14-07-2022 02:00,1
1,12-08-2021 14:00,1
17,16-08-2021 21:00,0
9,18-07-2021 10:00,1
2,26-08-2022 00:00,1
0,05-09-2021 07:00,1
5,31-08-2021 12:00,1
15,24-07-2021 22:00,0
8,07-09-2021 02:00,1
8,24-07-2021 11:00,1
23,25-06-2021 04:00,2
2,05-12-2021 01:00,1
10,13-08-2021 10:00,0
2,13-08-2021 08:00,1
5,02-08-2021 04:00,1
2,31-07-2021 15:00,1
13,04-07-2021 23:00,0
13,20-07-2021 13:00,0
10,23-08-2021 00:00,0
5,05-07-2021 06:00,1
17,28-08-2022 13:00,0
14,24-07-2021 19:00,0
15,10-06-2023 20:00,0
14,03-09-2021 06:00,0
5,03-07-2021 13:00,1
12,04-08-2021 02:00,0
26,27-07-2021 05:00,2
15,09-08-2021 10:00,0
2,21-06-2021 00:00,1
2,23-07-2021 05:00,1
21,14-09-2021 18:00,2
5,13-09-2021 12:00,1
17,22-06-2021 18:00,0
17,15-07-2021 20:00,0
5,10-05-2023 09:00,1
14,02-08-2021 17:00,0
24,26-07-2021 14:00,2
14,15-08-2021 03:00,0
10,22-04-2023 00:00,0
8,25-08-2021 03:00,1
28,05-09-2021 19:00,2
14,27-07-2021 23:00,0
17,23-07-2021 04:00,0
17,17-08-2021 20:00,0
17,09-07-2021 13:00,0
17,02-09-2021 23:00,0
14,01-08-2021 10:00,0
8,17-07-2021 14:00,1
5,01-08-2021 15:00,1
1,09-09-2021 17:00,1
2,05-09-2021 01:00,1
10,27-12-2022 13:00,0
3,07-09-2021 21:00,1
7,12-08-2021 19:00,1
8,10-08-2021 09:00,1
5,16-07-2021 08:00,1
14,21-07-2021 05:00,0
13,27-06-2021 13:00,0
5,08-07-2021 17:00,1
7,28-06-2021 08:00,1
24,21-07-2021 01:00,2
2,27-07-2021 22:00,1
20,02-03-2022 01:00,2
2,10-09-2021 12:00,1
14,12-09-2021 04:00,0
25,30-10-2021 05:00,2
14,22-08-2021 10:00,0
13,01-10-2021 07:00,0
3,02-09-2021 00:00,1
8,27-08-2021 07:00,1
2,18-08-2021 12:00,1
3,30-07-2021 06:00,1
8,21-08-2021 03:00,1
17,31-08-2021 11:00,0
0,03-07-2021 17:00,1
25,08-08-2021 15:00,2
13,13-08-2021 23:00,0
15,13-07-2021 10:00,0
4,29-07-2021 04:00,1
14,22-08-2021 07:00,0
6,16-07-2021 22:00,1
10,10-09-2021 18:00,0
25,25-07-2021 16:00,2
2,20-09-2022 23:00,1
18,16-07-2021 02:00,0
14,04-09-2021 13:00,0
9,27-08-2021 10:00,1
15,17-08-2021 13:00,0
17,31-07-2021 21:00,0
4,21-07-2021 08:00,1
20,02-08-2021 04:00,2
17,18-07-2021 05:00,0
17,08-12-2021 09:00,0
17,23-07-2021 13:00,0
3,27-08-2021 05:00,1
5,03-09-2021 18:00,1
24,28-08-2021 19:00,2
28,08-09-2021 12:00,2
27,03-08-2021 05:00,2
8,10-10-2021 15:00,1
21,31-07-2021 05:00,2
23,17-10-2021 07:00,2
5,15-07-2021 01:00,1
4,10-08-2021 23:00,1
17,28-07-2021 21:00,0
5,18-04-2022 11:00,1
12,02-09-2021 00:00,0
12,29-08-2021 01:00,0
2,04-09-2021 22:00,1
1,14-07-2021 02:00,1
13,03-09-2021 14:00,0
2,27-08-2021 07:00,1
11,13-08-2021 00:00,0
4,07-07-2021 02:00,1
8,19-09-2021 12:00,1
17,02-07-2021 04:00,0
28,05-09-2021 16:00,2
14,20-01-2023 14:00,0
17,04-08-2021 10:00,0
8,03-08-2021 17:00,1
1,17-07-2021 00:00,1
13,30-06-2021 15:00,0
10,14-07-2021 21:00,0
17,27-03-2022 22:00,0
12,16-12-2021 16:00,0
2,10-08-2021 09:00,1
9,24-08-2021 10:00,1
2,27-08-2021 14:00,1
2,11-08-2021 17:00,1
21,31-08-2021 05:00,2
15,20-09-2021 11:00,0
13,04-09-2021 12:00,0
25,16-07-2021 09:00,2
13,29-08-2021 06:00,0
2,14-09-2021 23:00,1
5,13-10-2021 13:00,1
21,01-08-2021 09:00,2
22,02-08-2021 17:00,2
2,14-07-2021 21:00,1
28,03-08-2021 07:00,2
5,05-08-2021 23:00,1
13,09-07-2021 07:00,0
20,25-10-2021 08:00,2
17,02-06-2022 22:00,0
2,01-09-2021 12:00,1
17,13-09-2021 23:00,0
5,15-07-2021 21:00,1
20,10-08-2021 22:00,2
12,24-08-2021 18:00,0
26,31-08-2021 06:00,2
5,24-09-2021 09:00,1
20,28-08-2022 03:00,2
5,26-08-2021 16:00,1
9,19-08-2021 03:00,1
7,13-08-2021 05:00,1
5,08-01-2022 12:00,1
2,24-07-2021 09:00,1
8,12-12-2021 16:00,1
17,18-07-2021 07:00,0
2,08-11-2021 07:00,1
8,25-07-2021 02:00,1
0,17-08-2021 07:00,1
17,20-08-2021 02:00,0
8,29-07-2021 14:00,1
23,01-12-2021 03:00,2
7,01-09-2021 06:00,1
5,21-10-2022 13:00,1
13,23-12-2022 13:00,0
8,25-07-2022 06:00,1
12,01-09-2021 15:00,0
1,10-10-2021 17:00,1
2,16-08-2021 23:00,1
14,15-08-2021 21:00,0
18,28-07-2021 07:00,0
21,14-09-2021 01:00,2
8,14-09-2021 23:00,1
4,12-09-2021 07:00,1
4,16-07-2021 22:00,1
5,22-08-2021 06:00,1
5,19-08-2021 20:00,1
10,01-09-2021 12:00,0
8,22-07-2021 13:00,1
17,08-08-2021 03:00,0
13,03-08-2021 08:00,0
5,05-07-2021 23:00,1
4,22-08-2021 02:00,1
16,29-08-2021 04:00,0
17,24-09-2021 15:00,0
21,07-07-2021 23:00,2
8,02-08-2021 22:00,1
15,01-08-2021 08:00,0
17,03-08-2021 07:00,0
5,21-07-2021 11:00,1
27,29-06-2022 03:00,2
17,08-07-2021 19:00,0
17,23-07-2021 17:00,0
13,15-08-2021 12:00,0
18,18-08-2021 13:00,0
17,14-11-2021 00:00,0
17,03-10-2021 17:00,0
5,15-09-2021 14:00,1
28,27-08-2021 05:00,2
14,09-10-2021 09:00,0
10,25-10-2021 11:00,0
13,27-07-2021 16:00,0
24,18-11-2021 07:00,2
21,23-07-2021 02:00,2
2,16-04-2023 05:00,1
1,08-08-2021 08:00,1
2,23-07-2021 18:00,1
2,25-08-2021 12:00,1
4,07-08-2021 12:00,1
4,06-10-2021 19:00,1
8,13-09-2021 05:00,1
21,10-08-2021 16:00,2
9,17-08-2021 09:00,1
1,23-09-2021 21:00,1
15,17-08-2021 00:00,0
24,25-08-2021 04:00,2
17,30-09-2021 04:00,0
2,13-05-2023 10:00,1
21,23-08-2021 06:00,2
26,01-08-2021 20:00,2
4,02-08-2021 12:00,1
2,25-09-2021 03:00,1
8,18-09-2021 12:00,1
12,17-08-2021 01:00,0
21,20-07-2021 07:00,2
17,16-06-2023 20:00,0
18,02-09-2021 17:00,0
17,05-10-2021 03:00,0
17,19-08-2021 08:00,0
4,19-12-2021 00:00,1
5,23-07-2021 22:00,1
13,19-08-2021 22:00,0
10,16-09-2021 00:00,0
5,03-08-2021 16:00,1
4,29-08-2021 05:00,1
1,13-09-2021 21:00,1
1,23-08-2021 01:00,1
10,14-08-2021 11:00,0
17,15-10-2021 19:00,0
8,26-09-2021 06:00,1
17,12-09-2021 07:00,0
4,26-09-2021 05:00,1
17,11-08-2021 02:00,0
1,09-08-2021 01:00,1
4,24-07-2021 07:00,1
19,07-09-2021 20:00,2
25,01-08-2022 09:00,2
14,27-01-2023 18:00,0
24,02-10-2021 05:00,2
23,10-08-2021 23:00,2
17,26-07-2021 16:00,0
9,24-08-2021 05:00,1
5,27-07-2021 09:00,1
5,01-08-2021 07:00,1
21,16-07-2021 09:00,2
24,08-09-2021 22:00,2
5,06-08-2021 01:00,1
21,03-01-2023 15:00,2
1,23-08-2021 14:00,1
21,18-08-2021 03:00,2
17,26-11-2021 01:00,0
18,23-06-2022 07:00,0
2,21-07-2021 00:00,1
8,21-07-2021 04:00,1
17,14-08-2021 20:00,0
25,25-08-2021 21:00,2
17,13-11-2021 02:00,0
5,11-08-2021 20:00,1
4,25-07-2021 14:00,1
2,15-08-2021 03:00,1
12,11-08-2021 20:00,0
12,12-09-2021 00:00,0
9,30-07-2021 05:00,1
4,11-04-2022 21:00,1
8,27-09-2021 21:00,1
14,01-08-2021 20:00,0
8,09-08-2021 13:00,1
5,24-09-2021 00:00,1
2,30-07-2021 15:00,1
20,21-08-2021 22:00,2
0,21-07-2021 02:00,1
27,30-07-2021 05:00,2
17,08-10-2021 02:00,0
21,04-08-2021 03:00,2
5,30-07-2021 11:00,1
5,01-03-2023 08:00,1
8,09-09-2021 02:00,1
17,26-08-2021 05:00,0
17,17-08-2021 18:00,0
25,18-09-2021 23:00,2
4,26-09-2021 22:00,1
24,25-09-2021 19:00,2
5,21-08-2021 15:00,1
17,23-08-2021 21:00,0
20,08-09-2021 06:00,2
18,11-10-2021 14:00,0
4,09-08-2021 19:00,1
0,30-08-2021 22:00,1
2,26-09-2021 12:00,1
5,03-04-2022 14:00,1
17,18-09-2021 13:00,0
8,25-08-2021 03:00,1
5,31-08-2021 16:00,1
4,22-09-2021 19:00,1
8,03-10-2021 15:00,1
17,04-08-2022 20:00,0
5,06-08-2021 04:00,1
9,07-08-2021 00:00,1
21,16-08-2022 11:00,2
24,27-07-2021 19:00,2
5,18-09-2021 04:00,1
17,02-09-2021 17:00,0
15,14-10-2021 16:00,0
13,28-07-2021 06:00,0
9,28-11-2021 07:00,1
24,27-09-2021 12:00,2
13,23-09-2021 04:00,0
17,04-10-2021 07:00,0
19,15-11-2021 19:00,2
5,12-12-2021 14:00,1
1,06-10-2021 16:00,1
17,21-08-2021 23:00,0
13,10-08-2021 09:00,0
4,10-09-2021 08:00,1
17,29-09-2021 18:00,0
4,08-09-2021 17:00,1
10,28-07-2021 09:00,0
21,13-09-2021 17:00,2
24,08-09-2021 06:00,2
24,29-06-2023 23:00,2
5,30-08-2021 14:00,1
2,12-09-2021 01:00,1
5,13-01-2022 15:00,1
27,21-09-2021 23:00,2
13,31-08-2021 08:00,0
13,25-09-2021 13:00,0
15,10-12-2022 13:00,0
8,28-09-2021 05:00,1
21,03-10-2021 06:00,2
7,03-09-2021 22:00,1
4,21-07-2021 22:00,1
4,30-08-2021 16:00,1
13,31-07-2021 12:00,0
8,28-08-2021 08:00,1
21,30-09-2021 09:00,2
4,08-08-2021 04:00,1
5,19-08-2021 12:00,1
21,20-02-2022 07:00,2
22,04-08-2021 02:00,2
3,23-08-2021 04:00,1
17,09-09-2021 21:00,0
13,31-07-2021 14:00,0
5,13-09-2021 00:00,1
13,29-09-2021 21:00,0
17,10-10-2021 21:00,0
19,01-08-2021 13:00,2
5,23-08-2021 19:00,1
17,11-09-2021 06:00,0
8,24-08-2021 23:00,1
17,04-10-2022 12:00,0
1,02-08-2021 23:00,1
1,31-12-2021 08:00,1
12,21-08-2021 14:00,0
8,08-09-2021 02:00,1
9,12-09-2021 04:00,1
21,13-10-2021 10:00,2
10,19-09-2021 22:00,0
12,04-08-2021 00:00,0
17,05-10-2021 13:00,0
17,03-09-2021 04:00,0
10,10-10-2021 15:00,0
2,30-12-2022 00:00,1
10,04-09-2021 20:00,0
16,23-08-2021 04:00,0
9,18-08-2021 00:00,1
18,25-08-2021 14:00,0
5,04-03-2022 12:00,1
12,30-12-2021 17:00,0
2,15-06-2022 05:00,1
27,23-08-2021 11:00,2
14,08-08-2021 10:00,0
28,09-10-2021 14:00,2
17,22-09-2021 03:00,0
1,06-08-2021 11:00,1
19,30-08-2021 11:00,2
21,11-09-2021 21:00,2
10,26-08-2021 10:00,0
3,28-09-2021 01:00,1
20,14-08-2021 02:00,2
23,06-08-2021 14:00,2
2,02-09-2021 02:00,1
17,28-09-2021 07:00,0
18,13-09-2021 00:00,0
5,13-04-2023 20:00,1
2,06-12-2022 08:00,1
17,19-09-2021 02:00,0
4,16-08-2021 23:00,1
4,24-09-2021 19:00,1
17,19-09-2021 12:00,0
14,07-10-2021 07:00,0
28,14-09-2021 15:00,2
0,21-09-2021 23:00,1
14,11-10-2021 11:00,0
5,28-09-2021 13:00,1
5,02-10-2021 15:00,1
4,12-09-2021 13:00,1
5,18-09-2021 10:00,1
5,09-11-2022 03:00,1
17,12-08-2021 03:00,0
4,17-08-2021 09:00,1
2,04-08-2021 02:00,1
2,02-09-2021 08:00,1
1,28-08-2021 04:00,1
14,19-10-2021 10:00,0
8,20-09-2021 08:00,1
4,01-11-2021 11:00,1
4,26-08-2021 12:00,1
24,31-08-2021 02:00,2
27,24-09-2021 23:00,2
10,08-08-2021 15:00,0
16,21-10-2021 02:00,0
17,12-09-2021 07:00,0
2,25-02-2023 11:00,1
3,20-10-2021 21:00,1
17,17-09-2021 10:00,0
24,22-10-2021 22:00,2
21,26-09-2021 14:00,2
28,25-09-2021 22:00,2
8,01-09-2021 14:00,1
8,28-08-2021 07:00,1
1,14-09-2021 02:00,1
4,29-09-2021 06:00,1
5,23-08-2021 12:00,1
17,01-09-2021 06:00,0
1,22-01-2022 04:00,1
17,24-10-2021 06:00,0
8,25-08-2021 03:00,1
5,11-12-2022 01:00,1
1,23-10-2021 08:00,1
8,22-10-2021 15:00,1
5,03-09-2021 09:00,1
17,08-09-2021 09:00,0
10,25-08-2021 17:00,0
9,15-10-2021 02:00,1
10,01-09-2021 11:00,0
4,15-09-2021 00:00,1
1,11-10-2021 11:00,1
8,30-08-2021 03:00,1
18,24-08-2021 16:00,0
17,05-09-2021 09:00,0
14,07-10-2021 19:00,0
17,20-09-2021 13:00,0
4,18-10-2021 09:00,1
18,30-09-2021 18:00,0
21,28-10-2021 00:00,2
5,21-08-2021 09:00,1
21,25-10-2021 07:00,2
12,08-10-2021 05:00,0
13,18-08-2021 09:00,0
17,16-08-2021 21:00,0
8,13-10-2021 12:00,1
8,22-09-2021 18:00,1
10,06-10-2021 10:00,0
11,24-08-2021 15:00,0
5,11-12-2021 12:00,1
28,17-08-2021 13:00,2
5,09-08-2021 12:00,1
10,04-10-2021 07:00,0
8,16-08-2021 12:00,1
5,19-10-2021 04:00,1
17,11-01-2022 16:00,0
18,23-10-2021 07:00,0
5,09-10-2021 23:00,1
25,11-10-2021 18:00,2
15,21-08-2021 08:00,0
8,02-09-2021 21:00,1
14,28-08-2021 12:00,0
5,11-09-2021 17:00,1
1,02-09-2021 21:00,1
2,20-09-2021 16:00,1
21,13-09-2021 16:00,2
13,29-08-2021 05:00,0
21,18-10-2022 07:00,2
5,19-09-2021 02:00,1
17,16-09-2021 01:00,0
21,26-12-2021 17:00,2
20,28-08-2021 06:00,2
7,03-10-2021 08:00,1
2,08-10-2021 06:00,1
10,26-09-2021 14:00,0
5,23-08-2021 14:00,1
24,27-08-2021 11:00,2
12,05-10-2021 02:00,0
1,02-10-2021 23:00,1
4,09-09-2021 19:00,1
4,22-07-2023 04:00,1
0,15-09-2021 16:00,1
12,08-10-2021 17:00,0
17,04-10-2021 17:00,0
10,15-12-2021 01:00,0
4,27-08-2021 01:00,1
8,22-09-2021 12:00,1
21,09-10-2021 22:00,2
4,11-08-2021 10:00,1
14,25-10-2021 20:00,0
2,23-12-2022 02:00,1
17,19-08-2021 19:00,0
1,16-10-2021 14:00,1
25,07-10-2021 15:00,2
13,12-08-2021 19:00,0
7,30-08-2021 06:00,1
13,05-10-2021 13:00,0
14,15-03-2022 01:00,0
5,20-09-2021 21:00,1
27,20-10-2021 07:00,2
10,21-10-2021 03:00,0
17,15-08-2021 02:00,0
17,20-08-2021 14:00,0
2,16-08-2021 16:00,1
14,20-09-2022 17:00,0
5,30-01-2022 08:00,1
7,15-08-2021 07:00,1
4,21-10-2021 12:00,1
21,10-09-2021 02:00,2
11,24-01-2022 02:00,0
19,12-10-2021 12:00,2
2,22-10-2021 01:00,1
20,23-08-2021 10:00,2
2,18-10-2021 17:00,1
5,01-11-2021 14:00,1
4,19-08-2021 02:00,1
0,22-02-2022 18:00,1
0,16-11-2021 22:00,1
21,17-09-2021 14:00,2
27,09-06-2023 15:00,2
17,15-08-2021 02:00,0
10,17-10-2021 22:00,0
5,16-09-2022 20:00,1
25,17-10-2021 04:00,2
5,10-10-2021 17:00,1
5,28-08-2021 02:00,1
5,04-11-2021 10:00,1
21,24-09-2021 22:00,2
2,22-10-2021 12:00,1
20,16-10-2021 16:00,2
4,31-10-2021 23:00,1
14,12-09-2021 12:00,0
2,02-11-2021 09:00,1
1,07-09-2021 22:00,1
5,01-11-2021 08:00,1
5,24-10-2021 23:00,1
1,08-10-2021 17:00,1
13,12-09-2021 13:00,0
23,08-10-2021 02:00,2
3,13-09-2021 12:00,1
17,12-08-2021 20:00,0
8,13-10-2021 16:00,1
17,27-09-2021 13:00,0
8,17-12-2022 10:00,1
14,15-11-2021 03:00,0
5,28-10-2021 04:00,1
20,29-10-2021 16:00,2
1,31-10-2021 00:00,1
1,17-08-2021 04:00,1
8,31-10-2021 21:00,1
15,07-09-2021 09:00,0
5,03-11-2021 00:00,1
18,04-10-2021 03:00,0
5,22-01-2023 19:00,1
17,12-07-2023 03:00,0
27,04-10-2021 11:00,2
5,27-08-2021 13:00,1
2,05-09-2021 22:00,1
10,09-09-2021 23:00,0
17,07-09-2021 06:00,0
8,15-09-2021 02:00,1
26,23-08-2021 06:00,2
4,22-10-2022 04:00,1
10,17-10-2021 02:00,0
18,18-09-2021 11:00,0
17,06-10-2021 13:00,0
12,13-10-2021 00:00,0
6,09-12-2022 01:00,1
10,29-10-2021 05:00,0
2,24-10-2021 04:00,1
5,08-09-2021 07:00,1
17,09-10-2021 07:00,0
17,02-12-2021 18:00,0
27,31-08-2021 03:00,2
5,08-11-2021 10:00,1
4,24-09-2021 02:00,1
3,28-09-2021 13:00,1
10,26-10-2021 11:00,0
21,04-09-2021 02:00,2
4,08-10-2021 01:00,1
7,03-09-2021 16:00,1
16,07-11-2021 07:00,0
17,15-10-2021 03:00,0
4,20-10-2021 14:00,1
13,18-08-2021 13:00,0
12,26-08-2021 10:00,0
17,04-11-2021 11:00,0
2,30-09-2021 00:00,1
14,04-09-2021 08:00,0
2,28-10-2021 15:00,1
5,27-09-2021 14:00,1
8,20-09-2021 19:00,1
2,30-09-2021 13:00,1
24,16-08-2021 21:00,2
13,15-10-2021 00:00,0
1,17-09-2021 17:00,1
13,01-11-2021 17:00,0
7,02-09-2021 12:00,1
5,28-10-2021 19:00,1
2,14-10-2021 03:00,1
0,24-10-2021 00:00,1
17,09-11-2021 13:00,0
17,20-08-2021 18:00,0
8,24-09-2021 03:00,1
8,22-08-2021 07:00,1
4,04-09-2021 02:00,1
10,02-11-2021 09:00,0
24,25-10-2021 18:00,2
2,01-09-2021 04:00,1
17,05-11-2021 15:00,0
20,15-01-2022 20:00,2
0,12-10-2021 08:00,1
17,21-08-2021 22:00,0
4,02-11-2021 15:00,1
5,23-09-2021 18:00,1
1,21-10-2021 08:00,1
5,05-09-2021 14:00,1
21,02-11-2021 17:00,2
21,18-08-2021 12:00,2
28,26-10-2021 16:00,2
12,30-10-2021 18:00,0
2,12-10-2021 15:00,1
20,05-09-2021 19:00,2
17,06-11-2021 23:00,0
21,01-11-2021 13:00,2
28,24-09-2021 01:00,2
19,04-09-2021 13:00,2
13,23-10-2021 11:00,0
2,23-09-2021 04:00,1
8,15-10-2021 16:00,1
0,25-09-2021 18:00,1
18,28-09-2021 10:00,0
10,09-09-2022 09:00,0
1,13-09-2021 04:00,1
2,21-10-2021 07:00,1
3,20-09-2021 17:00,1
1,09-10-2021 09:00,1
8,15-10-2021 17:00,1
8,02-11-2021 13:00,1
14,12-11-2021 09:00,0
2,20-09-2021 23:00,1
21,29-08-2021 13:00,2
25,29-08-2021 14:00,2
21,22-09-2021 19:00,2
28,06-10-2021 17:00,2
21,08-09-2021 13:00,2
23,06-09-2021 05:00,2
15,07-10-2021 23:00,0
20,30-09-2021 00:00,2
5,19-10-2021 20:00,1
9,28-08-2021 01:00,1
23,21-09-2021 06:00,2
5,04-02-2022 08:00,1
18,13-10-2021 00:00,0
17,04-09-2021 07:00,0
17,01-11-2021 00:00,0
10,26-09-2021 06:00,0
17,11-10-2021 05:00,0
25,03-09-2021 17:00,2
21,24-09-2021 21:00,2
5,10-09-2021 00:00,1
24,31-10-2021 19:00,2
6,19-10-2021 23:00,1
11,21-09-2021 22:00,0
15,29-09-2021 17:00,0
5,05-09-2021 15:00,1
25,17-09-2021 05:00,2
5,24-09-2021 20:00,1
5,04-11-2021 21:00,1
17,17-01-2022 23:00,0
2,22-09-2021 06:00,1
21,26-08-2021 19:00,2
21,05-11-2021 03:00,2
10,07-11-2021 15:00,0
17,08-09-2021 00:00,0
8,11-09-2021 10:00,1
5,20-01-2022 16:00,1
15,13-10-2021 04:00,0
4,18-10-2021 16:00,1
11,09-05-2023 05:00,0
5,18-09-2021 21:00,1
24,01-09-2021 05:00,2
5,28-09-2021 23:00,1
5,17-10-2021 02:00,1
4,13-10-2022 17:00,1
21,30-09-2021 02:00,2
5,18-11-2021 21:00,1
12,05-11-2021 06:00,0
4,21-09-2021 18:00,1
8,10-06-2022 23:00,1
7,24-10-2021 07:00,1
5,03-11-2021 11:00,1
5,14-11-2021 07:00,1
14,22-05-2022 05:00,0
3,08-09-2021 10:00,1
17,06-11-2021 17:00,0
4,13-05-2022 20:00,1
17,17-11-2021 20:00,0
5,29-09-2021 17:00,1
7,11-10-2021 03:00,1
13,25-09-2021 08:00,0
21,20-10-2021 20:00,2
21,30-03-2023 23:00,2
18,12-11-2021 04:00,0
2,11-09-2021 10:00,1
5,11-11-2021 21:00,1
6,27-09-2021 14:00,1
17,29-01-2022 05:00,0
28,18-09-2021 01:00,2
7,14-09-2021 05:00,1
5,27-09-2021 21:00,1
13,12-10-2021 13:00,0
25,15-11-2021 06:00,2
4,05-09-2021 01:00,1
5,14-11-2021 13:00,1
4,14-10-2021 10:00,1
17,21-09-2021 12:00,0
4,13-11-2022 19:00,1
8,31-08-2021 00:00,1
4,30-10-2021 01:00,1
7,15-09-2021 22:00,1
8,15-03-2022 00:00,1
14,14-11-2021 12:00,0
10,28-10-2021 02:00,0
8,18-09-2021 22:00,1
17,21-10-2021 09:00,0
2,23-09-2021 12:00,1
13,21-09-2021 15:00,0
21,07-11-2021 09:00,2
21,18-11-2021 04:00,2
1,19-09-2021 16:00,1
27,20-09-2021 11:00,2
8,05-10-2021 02:00,1
2,11-10-2021 05:00,1
1,13-09-2021 21:00,1
8,22-09-2021 00:00,1
18,02-11-2021 17:00,0
5,12-10-2021 17:00,1
5,25-11-2021 22:00,1
8,20-09-2021 22:00,1
10,21-09-2021 12:00,0
21,03-11-2021 19:00,2
21,06-11-2021 05:00,2
5,17-09-2021 22:00,1
8,10-09-2021 22:00,1
1,30-01-2023 07:00,1
4,16-11-2021 10:00,1
4,31-08-2021 19:00,1
13,07-11-2021 17:00,0
2,07-10-2021 04:00,1
18,08-09-2021 23:00,0
14,24-11-2021 05:00,0
8,10-10-2021 16:00,1
5,12-05-2023 13:00,1
2,30-11-2021 00:00,1
6,27-07-2022 03:00,1
2,02-01-2022 01:00,1
4,03-08-2023 16:00,1
5,21-09-2021 08:00,1
5,11-11-2021 15:00,1
17,19-09-2021 04:00,0
1,03-11-2021 19:00,1
16,24-09-2021 14:00,0
2,16-10-2022 15:00,1
5,29-10-2021 04:00,1
28,03-11-2021 08:00,2
27,10-09-2021 04:00,2
1,11-11-2021 01:00,1
5,28-10-2021 09:00,1
3,12-09-2021 06:00,1
24,18-09-2021 12:00,2
8,23-09-2021 14:00,1
12,20-11-2021 17:00,0
18,13-09-2021 03:00,0
4,29-01-2022 10:00,1
20,15-10-2021 16:00,2
15,05-09-2021 02:00,0
23,27-10-2021 11:00,2
3,05-11-2021 03:00,1
28,25-11-2021 13:00,2
17,08-10-2022 12:00,0
12,11-11-2021 12:00,0
8,28-10-2021 03:00,1
18,01-11-2021 06:00,0
17,02-10-2021 16:00,0
13,27-10-2021 06:00,0
1,27-10-2021 08:00,1
15,27-09-2021 19:00,0
21,21-11-2021 06:00,2
24,06-11-2021 09:00,2
9,04-12-2021 15:00,1
26,09-10-2021 04:00,2
18,04-10-2021 02:00,0
13,22-09-2021 05:00,0
21,13-09-2021 12:00,2
20,23-11-2021 04:00,2
1,21-09-2021 07:00,1
5,11-11-2021 05:00,1
0,05-10-2021 11:00,1
19,09-09-2021 14:00,2
2,22-09-2021 00:00,1
9,28-10-2021 21:00,1
1,25-09-2021 14:00,1
28,28-09-2021 04:00,2
15,12-09-2021 20:00,0
10,19-09-2021 06:00,0
5,09-10-2021 09:00,1
7,18-11-2021 15:00,1
5,13-11-2021 16:00,1
2,02-11-2021 16:00,1
17,04-10-2021 11:00,0
21,24-09-2021 07:00,2
1,02-04-2023 15:00,1
20,23-10-2021 11:00,2
4,12-09-2021 21:00,1
2,26-10-2021 14:00,1
11,02-11-2021 23:00,0
21,13-11-2021 18:00,2
5,18-12-2021 20:00,1
10,15-12-2021 02:00,0
1,30-08-2022 06:00,1
27,10-10-2021 15:00,2
4,08-10-2021 15:00,1
20,01-10-2021 22:00,2
13,02-12-2021 08:00,0
7,13-10-2021 22:00,1
5,20-10-2021 19:00,1
9,01-11-2021 10:00,1
28,29-10-2021 02:00,2
17,19-09-2021 01:00,0
17,17-02-2023 13:00,0
20,18-09-2021 09:00,2
8,11-12-2021 18:00,1
21,25-11-2021 05:00,2
22,24-11-2021 20:00,2
1,24-10-2021 05:00,1
2,24-10-2021 18:00,1
1,12-09-2021 23:00,1
18,11-10-2021 02:00,0
14,02-11-2021 12:00,0
24,10-11-2021 03:00,2
18,15-10-2021 07:00,0
12,12-06-2023 10:00,0
20,19-11-2021 17:00,2
19,19-10-2021 22:00,2
16,04-08-2022 06:00,0
8,23-09-2021 15:00,1
17,04-12-2021 05:00,0
1,13-09-2021 04:00,1
13,17-09-2021 03:00,0
14,24-11-2021 09:00,0
4,11-09-2021 09:00,1
5,16-10-2021 18:00,1
7,17-09-2021 11:00,1
20,06-11-2021 02:00,2
25,30-06-2022 07:00,2
5,20-11-2021 18:00,1
5,16-11-2021 23:00,1
17,28-11-2021 23:00,0
2,08-09-2021 18:00,1
20,21-09-2021 15:00,2
13,02-10-2021 04:00,0
6,04-11-2022 13:00,1
2,24-11-2021 05:00,1
10,28-05-2022 16:00,0
6,03-10-2021 05:00,1
13,10-10-2021 01:00,0
2,26-09-2021 10:00,1
26,30-10-2021 21:00,2
21,03-10-2021 22:00,2
8,14-09-2021 19:00,1
2,03-10-2021 05:00,1
10,14-10-2021 12:00,0
4,05-12-2021 10:00,1
4,20-05-2022 07:00,1
17,16-09-2021 13:00,0
15,08-11-2021 03:00,0
8,02-08-2022 20:00,1
21,16-09-2021 09:00,2
2,03-11-2021 11:00,1
7,01-02-2022 06:00,1
2,28-10-2021 15:00,1
8,24-07-2022 18:00,1
26,16-11-2021 09:00,2
5,18-11-2021 01:00,1
18,24-11-2021 06:00,0
12,06-12-2021 06:00,0
17,05-12-2021 17:00,0
2,07-10-2021 08:00,1
13,03-05-2023 06:00,0
17,18-10-2021 21:00,0
5,04-11-2021 06:00,1
5,22-06-2022 08:00,1
14,29-10-2021 20:00,0
2,30-10-2022 13:00,1
12,13-10-2021 04:00,0
5,04-11-2021 16:00,1
5,21-09-2021 17:00,1
3,13-01-2023 02:00,1
21,06-10-2021 14:00,2
17,09-12-2021 12:00,0
10,01-12-2021 05:00,0
4,16-10-2021 04:00,1
17,31-10-2021 14:00,0
5,20-11-2021 21:00,1
13,26-11-2021 07:00,0
10,14-11-2021 01:00,0
3,23-11-2021 19:00,1
2,04-10-2021 01:00,1
20,03-10-2021 07:00,2
24,10-11-2021 00:00,2
8,30-11-2021 17:00,1
3,06-03-2022 17:00,1
24,22-10-2021 21:00,2
19,06-12-2021 23:00,2
5,05-11-2021 16:00,1
25,23-09-2021 15:00,2
15,24-11-2022 14:00,0
13,21-11-2021 16:00,0
18,16-10-2021 06:00,0
17,15-10-2021 00:00,0
3,24-09-2021 23:00,1
17,09-02-2022 18:00,0
17,30-11-2021 17:00,0
1,17-10-2021 08:00,1
2,25-11-2021 04:00,1
14,26-11-2021 13:00,0
3,12-10-2021 11:00,1
2,04-12-2021 22:00,1
21,24-09-2021 00:00,2
17,30-11-2021 08:00,0
26,30-09-2021 02:00,2
25,15-10-2021 06:00,2
5,28-09-2021 15:00,1
13,13-10-2021 01:00,0
4,13-11-2021 05:00,1
5,13-09-2023 19:00,1
13,25-10-2021 20:00,0
12,11-12-2021 13:00,0
2,04-10-2021 15:00,1
5,19-10-2021 05:00,1
13,23-10-2021 07:00,0
26,04-11-2021 09:00,2
24,21-02-2022 19:00,2
5,23-10-2021 10:00,1
13,01-10-2021 17:00,0
9,24-09-2021 05:00,1
10,31-12-2022 11:00,0
0,29-10-2021 10:00,1
8,24-11-2021 23:00,1
5,05-10-2021 04:00,1
25,07-03-2022 07:00,2
3,06-01-2022 20:00,1
2,22-10-2021 19:00,1
5,14-11-2021 23:00,1
21,28-09-2021 20:00,2
17,15-03-2022 09:00,0
24,27-09-2021 01:00,2
24,07-10-2021 13:00,2
13,04-01-2022 11:00,0
12,25-10-2021 01:00,0
14,18-11-2021 22:00,0
21,06-11-2021 23:00,2
7,11-11-2021 21:00,1
17,28-10-2021 01:00,0
2,15-10-2021 03:00,1
5,19-11-2021 15:00,1
25,30-03-2022 11:00,2
5,13-11-2021 09:00,1
3,26-12-2021 11:00,1
21,18-11-2021 09:00,2
21,20-11-2021 03:00,2
28,05-12-2021 07:00,2
20,19-10-2021 01:00,2
14,30-09-2021 19:00,0
7,16-10-2021 00:00,1
13,29-08-2022 17:00,0
2,27-09-2021 19:00,1
0,14-10-2021 19:00,1
5,24-10-2021 11:00,1
2,03-12-2021 00:00,1
9,18-10-2021 20:00,1
10,04-10-2021 19:00,0
20,22-11-2021 16:00,2
1,26-09-2021 23:00,1
1,23-11-2021 11:00,1
21,08-10-2022 23:00,2
8,31-10-2021 08:00,1
10,02-12-2021 09:00,0
2,14-10-2021 11:00,1
24,04-12-2021 10:00,2
28,09-10-2021 14:00,2
14,05-12-2021 15:00,0
4,29-09-2021 19:00,1
15,17-10-2021 22:00,0
17,29-10-2021 10:00,0
2,03-10-2021 17:00,1
20,19-10-2021 16:00,2
21,13-10-2021 06:00,2
8,21-10-2021 07:00,1
21,23-11-2022 12:00,2
13,22-06-2022 09:00,0
5,11-11-2021 02:00,1
2,07-10-2021 01:00,1
8,23-08-2022 09:00,1
13,05-12-2022 01:00,0
2,31-10-2021 12:00,1
11,13-11-2021 10:00,0
17,22-10-2021 01:00,0
14,18-12-2021 20:00,0
10,29-10-2021 11:00,0
17,15-11-2021 17:00,0
5,27-10-2021 12:00,1
5,02-11-2021 12:00,1
5,08-04-2023 15:00,1
5,13-10-2021 10:00,1
8,07-03-2022 16:00,1
17,29-11-2021 04:00,0
10,16-12-2021 11:00,0
5,19-12-2021 08:00,1
21,12-10-2021 11:00,2
6,03-10-2021 02:00,1
8,17-10-2021 23:00,1
17,17-10-2021 00:00,0
12,08-07-2023 13:00,0
14,25-10-2021 06:00,0
12,27-11-2021 19:00,0
4,23-11-2022 01:00,1
10,17-11-2021 23:00,0
13,29-11-2021 03:00,0
10,24-10-2021 19:00,0
18,10-10-2021 01:00,0
4,22-11-2021 08:00,1
5,21-02-2022 22:00,1
5,29-11-2021 22:00,1
5,01-11-2021 06:00,1
22,28-06-2023 14:00,2
5,02-12-2021 10:00,1
10,09-12-2021 08:00,0
17,09-11-2021 13:00,0
1,15-10-2021 01:00,1
16,10-12-2021 21:00,0
27,13-12-2021 04:00,2
5,19-10-2021 01:00,1
23,02-12-2021 13:00,2
18,11-10-2021 12:00,0
11,17-12-2021 13:00,0
20,17-12-2021 05:00,2
14,06-10-2021 01:00,0
10,23-10-2021 13:00,0
13,06-11-2021 22:00,0
21,09-10-2021 04:00,2
5,11-12-2021 12:00,1
7,29-11-2021 15:00,1
13,19-11-2021 01:00,0
1,17-11-2021 21:00,1
12,24-11-2021 00:00,0
5,06-11-2021 03:00,1
21,03-03-2023 05:00,2
0,23-11-2021 12:00,1
14,02-10-2021 01:00,0
18,08-11-2021 03:00,0
10,08-12-2021 05:00,0
14,11-11-2021 05:00,0
7,06-11-2021 07:00,1
5,19-11-2021 11:00,1
5,28-10-2021 16:00,1
5,21-12-2021 23:00,1
10,06-11-2021 05:00,0
4,10-10-2021 05:00,1
13,11-11-2021 12:00,0
9,14-05-2022 23:00,1
17,07-11-2021 02:00,0
6,24-10-2021 01:00,1
21,28-11-2021 23:00,2
2,02-11-2021 18:00,1
17,11-05-2022 17:00,0
28,19-12-2021 10:00,2
5,05-10-2021 21:00,1
21,30-09-2021 01:00,2
2,25-11-2021 09:00,1
2,01-10-2021 15:00,1
28,19-10-2021 08:00,2
4,30-10-2021 21:00,1
26,25-05-2022 03:00,2
13,07-10-2021 17:00,0
5,17-12-2021 18:00,1
10,13-10-2021 13:00,0
2,30-10-2021 09:00,1
5,21-11-2021 00:00,1
1,26-10-2021 15:00,1
12,30-11-2021 09:00,0
24,01-12-2021 19:00,2
7,06-01-2022 23:00,1
12,05-11-2021 23:00,0
5,17-11-2021 13:00,1
5,07-04-2022 02:00,1
13,17-10-2021 17:00,0
10,03-11-2021 03:00,0
8,10-12-2021 03:00,1
1,21-10-2021 12:00,1
21,10-11-2021 17:00,2
3,27-10-2022 00:00,1
12,17-10-2021 18:00,0
4,23-06-2023 16:00,1
5,29-10-2021 06:00,1
4,11-10-2021 03:00,1
14,27-07-2023 16:00,0
5,11-12-2021 01:00,1
8,12-11-2021 20:00,1
21,22-10-2021 00:00,2
17,27-12-2021 07:00,0
14,04-12-2021 11:00,0
7,22-11-2021 12:00,1
16,20-09-2022 22:00,0
9,21-10-2021 00:00,1
2,08-12-2021 15:00,1
2,30-05-2022 07:00,1
21,16-02-2022 16:00,2
0,26-12-2021 00:00,1
5,13-11-2021 10:00,1
13,24-12-2021 16:00,0
24,18-10-2021 05:00,2
4,24-10-2021 13:00,1
4,21-10-2021 20:00,1
13,22-11-2021 21:00,0
5,12-12-2021 17:00,1
8,11-10-2021 21:00,1
13,24-10-2021 09:00,0
8,14-10-2021 20:00,1
1,13-12-2021 00:00,1
2,12-11-2021 03:00,1
4,29-04-2023 11:00,1
13,17-12-2021 11:00,0
17,27-10-2021 16:00,0
12,04-11-2021 16:00,0
21,15-12-2021 01:00,2
17,28-12-2021 03:00,0
8,12-11-2021 20:00,1
2,16-10-2021 10:00,1
8,05-12-2021 06:00,1
2,22-03-2022 14:00,1
2,26-10-2021 02:00,1
23,30-11-2021 05:00,2
20,14-12-2021 08:00,2
21,19-07-2023 08:00,2
5,31-10-2021 17:00,1
18,30-12-2021 11:00,0
10,05-12-2021 13:00,0
17,16-12-2021 16:00,0
5,07-11-2021 14:00,1
13,30-10-2021 00:00,0
12,22-10-2021 12:00,0
6,17-10-2021 08:00,1
5,20-07-2022 19:00,1
17,02-01-2022 19:00,0
2,30-11-2021 00:00,1
10,04-11-2021 01:00,0
8,09-12-2021 23:00,1
18,23-11-2021 13:00,0
17,16-11-2021 12:00,0
1,17-11-2021 02:00,1
1,01-11-2021 16:00,1
14,26-12-2021 12:00,0
2,04-11-2021 06:00,1
4,15-11-2021 02:00,1
1,24-03-2023 04:00,1
14,27-12-2021 12:00,0
5,20-01-2023 21:00,1
12,07-11-2021 07:00,0
21,28-11-2021 18:00,2
17,22-12-2021 10:00,0
26,28-10-2021 06:00,2
17,02-12-2022 10:00,0
2,09-11-2021 19:00,1
8,19-12-2021 06:00,1
18,30-11-2021 07:00,0
7,06-12-2021 08:00,1
4,19-10-2021 09:00,1
2,26-10-2021 12:00,1
12,24-11-2021 11:00,0
1,03-11-2021 13:00,1
13,27-10-2021 07:00,0
19,07-01-2022 10:00,2
4,18-10-2021 17:00,1
24,30-11-2021 19:00,2
2,11-11-2021 11:00,1
5,12-10-2021 08:00,1
21,02-11-2021 10:00,2
12,11-12-2021 14:00,0
4,17-06-2023 20:00,1
17,29-10-2021 16:00,0
18,05-04-2022 05:00,0
18,17-10-2021 23:00,0
4,26-12-2021 21:00,1
5,22-11-2021 04:00,1
0,23-10-2021 14:00,1
1,20-10-2021 15:00,1
18,24-10-2021 15:00,0
1,04-01-2022 07:00,1
21,03-11-2021 07:00,2
5,28-11-2021 05:00,1
3,07-11-2021 03:00,1
10,04-01-2022 14:00,0
22,09-11-2021 02:00,2
8,10-11-2021 19:00,1
17,14-12-2021 01:00,0
2,25-11-2021 09:00,1
5,31-12-2021 20:00,1
15,25-10-2021 07:00,0
5,15-12-2021 14:00,1
18,18-03-2022 19:00,0
2,10-11-2021 12:00,1
5,13-11-2021 06:00,1
21,02-11-2021 17:00,2
5,23-12-2021 17:00,1
8,09-06-2023 06:00,1
11,09-11-2021 05:00,0
4,06-01-2022 14:00,1
21,07-01-2022 14:00,2
14,01-12-2021 06:00,0
7,07-11-2021 11:00,1
24,04-11-2021 04:00,2
2,30-12-2021 22:00,1
16,19-03-2022 15:00,0
27,11-11-2021 02:00,2
10,28-12-2021 09:00,0
4,20-12-2021 07:00,1
4,11-11-2021 10:00,1
18,28-12-2021 17:00,0
10,09-11-2021 18:00,0
28,02-01-2022 05:00,2
8,08-10-2023 05:00,1
15,09-01-2022 20:00,0
7,25-10-2021 04:00,1
10,11-11-2021 17:00,0
14,23-12-2021 12:00,0
17,07-11-2021 03:00,0
17,08-11-2021 23:00,0
17,25-11-2021 10:00,0
8,18-10-2021 15:00,1
10,29-12-2021 21:00,0
26,24-10-2021 14:00,2
7,03-12-2021 17:00,1
8,09-11-2021 00:00,1
8,10-06-2023 03:00,1
17,27-12-2021 07:00,0
7,05-01-2022 23:00,1
17,21-12-2021 11:00,0
5,06-11-2021 20:00,1
9,10-03-2023 19:00,1
4,25-11-2021 13:00,1
8,02-11-2021 17:00,1
8,11-11-2021 10:00,1
5,25-12-2021 20:00,1
0,16-11-2021 21:00,1
13,22-11-2021 05:00,0
17,13-11-2021 00:00,0
4,29-03-2023 20:00,1
5,29-11-2021 03:00,1
0,27-11-2021 02:00,1
8,13-11-2021 07:00,1
5,21-11-2021 02:00,1
2,25-12-2021 02:00,1
2,24-09-2023 15:00,1
2,30-10-2021 00:00,1
17,05-01-2022 05:00,0
2,02-11-2021 16:00,1
13,01-12-2021 16:00,0
4,25-10-2021 15:00,1
16,13-11-2021 15:00,0
17,29-10-2021 07:00,0
25,09-11-2021 17:00,2
17,08-11-2021 08:00,0
5,15-11-2021 01:00,1
21,08-12-2021 18:00,2
4,04-09-2022 00:00,1
5,11-01-2022 11:00,1
17,03-11-2021 12:00,0
4,25-12-2021 05:00,1
2,05-01-2022 22:00,1
2,12-01-2022 19:00,1
2,25-11-2021 23:00,1
12,09-11-2021 03:00,0
23,18-11-2021 07:00,2
17,18-03-2022 23:00,0
2,09-11-2021 03:00,1
10,25-04-2022 17:00,0
8,16-01-2022 09:00,1
8,02-11-2021 04:00,1
24,16-12-2021 09:00,2
1,26-04-2023 12:00,1
8,25-11-2021 14:00,1
12,20-11-2021 05:00,0
5,15-11-2021 23:00,1
8,06-11-2021 03:00,1
9,28-10-2021 02:00,1
15,24-11-2021 05:00,0
13,19-11-2021 01:00,0
5,27-03-2022 02:00,1
18,26-12-2021 00:00,0
9,13-11-2021 23:00,1
8,20-11-2021 23:00,1
21,21-11-2021 08:00,2
17,20-11-2021 00:00,0
25,15-05-2022 09:00,2
18,09-12-2021 05:00,0
10,30-01-2022 23:00,0
8,03-11-2021 17:00,1
4,02-11-2021 23:00,1
2,22-12-2021 02:00,1
8,09-11-2021 06:00,1
15,10-11-2021 14:00,0
2,16-01-2022 16:00,1
5,08-11-2021 19:00,1
1,01-12-2021 05:00,1
10,15-11-2021 14:00,0
5,16-11-2021 21:00,1
8,29-11-2021 22:00,1
10,11-12-2021 00:00,0
3,30-12-2021 12:00,1
5,18-11-2021 23:00,1
1,08-12-2021 02:00,1
0,03-10-2022 15:00,1
17,03-05-2022 18:00,0
13,27-11-2021 18:00,0
10,18-11-2021 08:00,0
19,09-04-2022 16:00,2
5,06-11-2021 09:00,1
9,14-01-2022 09:00,1
8,14-01-2022 09:00,1
5,10-12-2021 03:00,1
9,13-01-2022 12:00,1
17,01-12-2021 09:00,0
17,28-07-2022 05:00,0
5,15-01-2022 04:00,1
5,17-11-2021 16:00,1
2,21-03-2022 17:00,1
5,17-01-2022 18:00,1
22,07-11-2021 03:00,2
15,16-01-2022 00:00,0
24,02-12-2021 17:00,2
1,16-12-2021 19:00,1
1,04-01-2022 19:00,1
13,05-11-2021 06:00,0
4,05-11-2021 16:00,1
4,16-11-2021 14:00,1
21,02-12-2021 03:00,2
2,14-11-2021 04:00,1
17,26-10-2021 20:00,0
8,19-01-2022 21:00,1
1,12-11-2021 05:00,1
15,10-12-2021 20:00,0
5,26-12-2021 12:00,1
19,07-12-2021 10:00,2
4,03-12-2021 03:00,1
4,15-12-2021 03:00,1
24,02-01-2022 06:00,2
5,05-01-2022 06:00,1
8,05-01-2022 16:00,1
2,23-02-2023 06:00,1
24,06-12-2022 22:00,2
25,16-12-2021 15:00,2
10,10-11-2021 13:00,0
1,04-11-2021 20:00,1
17,20-12-2021 14:00,0
21,23-12-2021 21:00,2
28,22-12-2021 17:00,2
17,04-02-2022 06:00,0
14,15-01-2023 20:00,0
28,26-09-2022 10:00,2
7,16-11-2021 20:00,1
5,08-12-2021 12:00,1
5,10-06-2022 14:00,1
2,08-11-2021 10:00,1
17,11-11-2021 14:00,0
2,05-12-2021 09:00,1
8,17-11-2021 13:00,1
1,09-01-2022 14:00,1
11,25-12-2021 13:00,0
17,20-01-2022 04:00,0
5,28-12-2021 14:00,1
2,09-08-2022 22:00,1
5,24-02-2022 05:00,1
23,04-11-2021 22:00,2
20,03-01-2022 18:00,2
17,25-02-2022 13:00,0
26,15-12-2021 14:00,2
26,04-01-2022 06:00,2
8,19-11-2021 20:00,1
8,13-04-2022 10:00,1
22,15-01-2022 06:00,2
21,17-02-2022 12:00,2
13,12-01-2023 12:00,0
14,05-08-2023 15:00,0
8,13-12-2021 14:00,1
17,27-11-2021 14:00,0
5,20-11-2021 03:00,1
5,31-12-2021 09:00,1
17,09-11-2021 02:00,0
14,12-11-2021 15:00,0
17,01-11-2021 20:00,0
5,14-01-2022 16:00,1
20,30-11-2021 23:00,2
28,07-01-2022 19:00,2
2,30-12-2021 23:00,1
17,28-12-2021 11:00,0
4,29-12-2021 05:00,1
15,07-11-2021 16:00,0
2,27-12-2021 08:00,1
17,31-10-2021 20:00,0
25,14-02-2022 14:00,2
2,20-01-2022 23:00,1
1,13-11-2021 05:00,1
7,25-11-2021 17:00,1
24,23-12-2021 15:00,2
15,06-12-2021 14:00,0
3,07-01-2022 16:00,1
10,11-01-2022 06:00,0
21,26-01-2022 14:00,2
1,15-01-2022 06:00,1
17,19-11-2021 02:00,0
5,22-01-2022 02:00,1
5,18-12-2021 23:00,1
25,13-11-2021 08:00,2
2,29-11-2021 09:00,1
5,15-01-2022 16:00,1
14,19-06-2023 16:00,0
5,22-01-2022 10:00,1
2,12-12-2021 05:00,1
18,19-12-2021 12:00,0
5,28-01-2022 08:00,1
10,26-01-2022 17:00,0
17,15-01-2022 11:00,0
21,19-11-2021 11:00,2
14,17-12-2021 10:00,0
6,05-01-2022 13:00,1
10,10-11-2021 21:00,0
24,06-05-2022 08:00,2
12,14-01-2022 07:00,0
5,28-04-2022 08:00,1
1,27-12-2021 18:00,1
17,27-12-2021 01:00,0
1,23-12-2021 23:00,1
2,26-11-2021 08:00,1
1,27-11-2021 02:00,1
25,03-01-2022 03:00,2
24,25-09-2023 17:00,2
5,26-11-2021 01:00,1
9,12-03-2022 16:00,1
20,20-01-2022 05:00,2
2,22-12-2021 05:00,1
2,28-01-2022 04:00,1
0,27-11-2021 23:00,1
12,30-11-2021 10:00,0
4,28-11-2021 18:00,1
10,06-10-2023 19:00,0
13,07-01-2022 16:00,0
2,15-12-2021 12:00,1
18,03-01-2022 14:00,0
6,15-11-2021 16:00,1
21,07-12-2021 23:00,2
2,28-04-2022 22:00,1
10,18-11-2021 04:00,0
1,20-11-2021 17:00,1
19,28-04-2022 09:00,2
13,12-01-2022 02:00,0
3,28-01-2022 22:00,1
25,08-12-2021 21:00,2
5,27-12-2021 03:00,1
17,23-12-2021 16:00,0
21,19-01-2022 00:00,2
2,23-11-2021 15:00,1
16,04-04-2022 11:00,0
1,17-04-2022 08:00,1
13,20-11-2021 13:00,0
17,08-12-2021 14:00,0
7,19-11-2021 14:00,1
5,25-01-2022 16:00,1
0,16-01-2022 12:00,1
19,20-12-2021 01:00,2
2,31-01-2022 23:00,1
2,07-03-2022 22:00,1
28,21-12-2021 11:00,2
13,22-01-2022 12:00,0
17,31-01-2022 08:00,0
21,15-02-2022 08:00,2
17,05-12-2021 15:00,0
4,27-02-2023 09:00,1
5,10-12-2021 21:00,1
25,17-01-2022 18:00,2
17,01-01-2022 10:00,0
5,11-12-2021 02:00,1
17,27-12-2021 17:00,0
5,07-01-2022 01:00,1
4,22-12-2021 02:00,1
5,19-11-2021 17:00,1
13,09-01-2022 17:00,0
25,02-02-2022 21:00,2
4,07-01-2022 20:00,1
2,01-08-2023 21:00,1
8,29-01-2022 18:00,1
12,17-11-2021 10:00,0
3,13-12-2021 11:00,1
13,03-02-2022 13:00,0
22,13-01-2022 17:00,2
12,05-12-2021 23:00,0
17,16-04-2023 21:00,0
2,31-03-2022 16:00,1
5,29-01-2022 13:00,1
28,24-01-2022 03:00,2
16,29-08-2022 18:00,0
13,04-12-2021 08:00,0
24,16-01-2022 20:00,2
4,01-02-2022 08:00,1
5,18-03-2022 20:00,1
10,05-07-2023 01:00,0
28,31-12-2021 19:00,2
0,22-12-2021 20:00,1
12,30-12-2021 23:00,0
5,18-01-2022 20:00,1
9,17-01-2022 04:00,1
28,13-01-2022 02:00,2
26,28-11-2021 21:00,2
5,19-12-2021 16:00,1
2,06-12-2021 16:00,1
16,14-01-2022 08:00,0
1,27-01-2022 11:00,1
26,02-01-2022 23:00,2
10,28-01-2022 18:00,0
17,15-05-2022 14:00,0
25,02-12-2021 08:00,2
10,04-12-2021 23:00,0
2,03-08-2023 06:00,1
1,06-02-2022 07:00,1
5,12-01-2022 12:00,1
2,06-12-2021 12:00,1
14,02-01-2022 00:00,0
3,23-12-2021 23:00,1
10,24-01-2022 13:00,0
21,09-12-2021 02:00,2
2,08-02-2022 02:00,1
7,27-03-2022 22:00,1
2,30-11-2021 11:00,1
1,11-01-2022 10:00,1
24,30-11-2021 03:00,2
8,18-12-2021 02:00,1
4,10-10-2022 19:00,1
5,01-02-2022 03:00,1
17,06-02-2022 22:00,0
5,25-01-2022 08:00,1
20,01-12-2021 18:00,2
13,31-12-2021 12:00,0
13,03-02-2022 13:00,0
8,17-12-2021 16:00,1
24,28-11-2021 16:00,2
5,20-12-2021 09:00,1
4,01-02-2022 00:00,1
4,28-01-2022 09:00,1
13,19-09-2023 04:00,0
6,09-12-2021 01:00,1
23,01-01-2022 15:00,2
5,10-12-2021 07:00,1
18,13-12-2021 01:00,0
8,24-12-2021 11:00,1
5,01-12-2021 09:00,1
17,17-04-2022 21:00,0
2,22-04-2022 13:00,1
2,26-01-2022 23:00,1
18,28-12-2021 22:00,0
7,02-05-2022 04:00,1
12,26-03-2022 04:00,0
5,25-01-2022 13:00,1
5,30-01-2022 15:00,1
1,01-01-2022 07:00,1
12,10-01-2022 19:00,0
5,19-01-2022 18:00,1
17,07-01-2022 08:00,0
24,01-02-2022 00:00,2
5,22-12-2021 05:00,1
13,18-12-2021 00:00,0
14,24-01-2022 17:00,0
22,26-09-2023 00:00,2
1,11-12-2021 07:00,1
18,17-12-2021 01:00,0
14,02-12-2021 07:00,0
22,14-08-2022 14:00,2
13,07-01-2022 01:00,0
21,11-01-2022 16:00,2
13,06-12-2021 03:00,0
13,11-02-2022 08:00,0
5,22-04-2023 17:00,1
17,20-11-2021 09:00,0
17,29-01-2022 23:00,0
6,28-11-2021 21:00,1
13,22-08-2022 18:00,0
1,08-02-2022 13:00,1
5,17-12-2021 16:00,1
17,01-12-2021 10:00,0
4,05-02-2023 14:00,1
5,16-01-2022 04:00,1
10,11-04-2022 05:00,0
5,29-11-2021 06:00,1
8,08-02-2022 09:00,1
21,11-02-2022 00:00,2
27,13-06-2022 14:00,2
2,05-12-2021 20:00,1
28,11-01-2022 08:00,2
2,07-12-2021 08:00,1
2,20-03-2022 19:00,1
15,10-01-2022 21:00,0
1,26-12-2021 01:00,1
2,23-01-2022 15:00,1
18,04-01-2022 12:00,0
18,02-02-2022 00:00,0
4,25-12-2021 16:00,1
2,11-12-2021 02:00,1
8,01-12-2021 23:00,1
18,26-11-2021 20:00,0
28,10-07-2022 07:00,2
2,28-01-2022 02:00,1
17,01-12-2021 17:00,0
13,07-01-2022 14:00,0
5,26-12-2021 09:00,1
4,05-05-2022 19:00,1
5,07-12-2021 00:00,1
5,13-12-2021 03:00,1
5,03-01-2022 09:00,1
5,26-12-2021 23:00,1
8,14-12-2021 00:00,1
15,06-02-2022 09:00,0
21,25-12-2021 18:00,2
21,26-01-2022 01:00,2
28,25-11-2021 22:00,2
21,22-11-2021 04:00,2
17,29-12-2021 12:00,0
4,30-11-2021 02:00,1
8,16-02-2022 15:00,1
21,18-03-2022 17:00,2
18,05-02-2022 06:00,0
1,16-12-2021 15:00,1
5,19-01-2022 17:00,1
4,10-04-2023 04:00,1
5,01-01-2022 00:00,1
21,27-12-2021 10:00,2
1,22-07-2022 20:00,1
14,15-12-2021 16:00,0
18,01-02-2022 02:00,0
5,16-01-2022 23:00,1
8,02-12-2021 06:00,1
14,22-01-2022 00:00,0
2,01-01-2022 15:00,1
13,19-02-2022 05:00,0
3,12-12-2021 21:00,1
17,09-01-2022 17:00,0
21,19-02-2022 07:00,2
24,14-12-2021 21:00,2
18,29-12-2021 07:00,0
21,15-01-2022 03:00,2
1,27-01-2022 05:00,1
17,14-02-2022 12:00,0
5,07-02-2022 12:00,1
0,18-03-2023 15:00,1
17,12-01-2022 03:00,0
25,13-11-2023 16:00,2
13,25-12-2021 04:00,0
1,16-01-2022 11:00,1
5,04-01-2022 17:00,1
4,03-02-2022 19:00,1
4,21-12-2021 00:00,1
4,25-01-2022 02:00,1
8,12-10-2022 05:00,1
15,09-12-2021 17:00,0
13,12-12-2021 22:00,0
5,16-01-2022 17:00,1
4,02-01-2022 02:00,1
27,07-12-2021 23:00,2
14,01-01-2022 17:00,0
13,21-12-2021 02:00,0
13,19-12-2021 06:00,0
5,31-12-2021 10:00,1
5,27-12-2021 02:00,1
21,31-12-2021 22:00,2
17,19-02-2022 08:00,0
25,09-01-2022 23:00,2
13,10-01-2022 10:00,0
5,27-12-2021 23:00,1
13,05-03-2022 23:00,0
25,13-02-2022 14:00,2
1,18-02-2022 12:00,1
5,18-12-2021 11:00,1
25,03-01-2022 23:00,2
25,21-02-2022 01:00,2
5,19-02-2022 15:00,1
5,25-12-2022 14:00,1
12,27-01-2022 19:00,0
24,16-12-2021 19:00,2
2,23-12-2021 00:00,1
14,05-01-2022 05:00,0
5,13-09-2023 03:00,1
7,03-12-2021 04:00,1
3,21-12-2021 00:00,1
13,12-01-2022 23:00,0
2,04-12-2022 20:00,1
13,06-02-2022 23:00,0
10,19-10-2023 20:00,0
5,09-04-2023 14:00,1
17,06-02-2022 22:00,0
17,20-01-2022 11:00,0
17,10-02-2022 15:00,0
3,31-01-2022 12:00,1
8,24-02-2022 14:00,1
1,01-01-2022 17:00,1
13,29-01-2022 17:00,0
11,06-01-2022 11:00,0
1,18-12-2021 04:00,1
4,14-06-2023 12:00,1
10,17-01-2022 23:00,0
1,03-12-2021 12:00,1
5,18-12-2021 05:00,1
6,31-01-2022 20:00,1
5,25-02-2022 22:00,1
21,11-01-2022 12:00,2
12,14-02-2022 06:00,0
13,22-04-2022 06:00,0
2,19-12-2021 09:00,1
1,18-12-2021 08:00,1
13,15-02-2022 04:00,0
1,07-12-2021 18:00,1
5,18-12-2021 16:00,1
10,27-01-2022 10:00,0
14,29-12-2021 14:00,0
13,16-12-2021 04:00,0
8,02-01-2022 01:00,1
21,11-12-2021 00:00,2
1,10-04-2022 02:00,1
21,19-12-2021 18:00,2
28,08-11-2023 18:00,2
20,23-12-2021 11:00,2
12,07-02-2022 17:00,0
8,21-03-2022 00:00,1
4,27-12-2021 01:00,1
17,19-12-2021 14:00,0
5,16-01-2022 15:00,1
2,18-01-2022 12:00,1
5,31-01-2022 21:00,1
17,10-02-2022 20:00,0
0,05-01-2022 09:00,1
10,11-02-2022 00:00,0
15,06-02-2022 23:00,0
21,07-02-2022 07:00,2
18,15-01-2022 05:00,0
13,22-12-2021 04:00,0
5,24-01-2022 14:00,1
21,28-10-2022 02:00,2
12,13-12-2021 16:00,0
24,22-01-2022 00:00,2
28,23-12-2021 04:00,2
0,20-01-2022 01:00,1
2,09-02-2022 21:00,1
2,11-12-2021 12:00,1
4,22-07-2022 15:00,1
4,10-04-2022 20:00,1
21,19-01-2022 22:00,2
5,18-02-2022 13:00,1
5,25-12-2021 04:00,1
13,28-02-2022 08:00,0
17,21-01-2022 18:00,0
7,17-02-2022 13:00,1
1,25-02-2022 09:00,1
1,29-12-2021 00:00,1
8,09-07-2023 14:00,1
17,07-01-2022 17:00,0
5,17-04-2022 08:00,1
21,08-02-2022 00:00,2
1,28-08-2023 21:00,1
13,05-01-2022 06:00,0
2,15-01-2022 15:00,1
8,22-01-2022 19:00,1
9,23-02-2022 17:00,1
0,01-01-2022 09:00,1
8,31-01-2022 06:00,1
4,04-03-2022 04:00,1
3,27-01-2022 21:00,1
5,31-01-2022 22:00,1
5,03-01-2022 19:00,1
13,08-04-2022 02:00,0
12,31-12-2021 17:00,0
17,19-10-2022 12:00,0
2,14-02-2022 06:00,1
15,10-01-2022 06:00,0
17,28-04-2023 01:00,0
8,31-01-2022 07:00,1
13,15-01-2022 20:00,0
17,28-12-2021 01:00,0
23,04-03-2022 19:00,2
0,15-02-2022 07:00,1
1,31-01-2022 11:00,1
13,19-02-2022 04:00,0
21,11-12-2021 16:00,2
13,21-12-2021 01:00,0
13,19-02-2022 08:00,0
1,11-01-2022 20:00,1
5,08-03-2022 11:00,1
1,09-01-2022 11:00,1
5,03-02-2022 09:00,1
2,08-05-2022 10:00,1
8,26-12-2021 08:00,1
18,25-01-2022 08:00,0
5,25-12-2021 13:00,1
11,09-01-2022 12:00,0
5,11-12-2021 10:00,1
18,01-02-2022 10:00,0
20,20-02-2022 07:00,2
14,01-03-2022 18:00,0
5,12-01-2022 08:00,1
17,23-02-2022 01:00,0
8,10-12-2023 01:00,1
17,19-02-2022 15:00,0
12,05-01-2022 21:00,0
10,16-02-2022 09:00,0
10,02-06-2022 16:00,0
1,11-02-2022 06:00,1
17,01-01-2022 00:00,0
13,19-12-2021 06:00,0
13,16-02-2022 04:00,0
10,29-12-2021 20:00,0
20,05-02-2022 09:00,2
25,09-02-2022 21:00,2
2,27-02-2022 10:00,1
13,22-01-2022 04:00,0
13,01-01-2022 04:00,0
2,11-01-2022 15:00,1
5,03-03-2022 21:00,1
2,03-03-2022 22:00,1
12,04-02-2022 17:00,0
14,15-12-2021 02:00,0
7,06-01-2022 23:00,1
9,27-12-2021 03:00,1
2,30-12-2021 20:00,1
2,20-01-2022 13:00,1
5,30-12-2021 19:00,1
11,05-02-2022 15:00,0
3,05-11-2023 14:00,1
5,27-12-2021 16:00,1
1,30-12-2021 11:00,1
19,29-10-2022 22:00,2
10,26-01-2022 05:00,0
8,31-01-2022 12:00,1
21,04-01-2022 12:00,2
13,01-01-2022 15:00,0
19,25-12-2021 05:00,2
5,19-01-2022 21:00,1
14,24-01-2022 04:00,0
26,23-01-2022 17:00,2
17,25-12-2021 22:00,0
24,30-12-2021 06:00,2
4,25-01-2022 16:00,1
16,07-03-2022 20:00,0
24,07-05-2022 21:00,2
5,02-03-2022 05:00,1
17,05-10-2023 19:00,0
10,13-03-2023 12:00,0
8,04-02-2022 19:00,1
1,06-02-2022 22:00,1
18,27-12-2021 03:00,0
13,21-01-2022 06:00,0
13,15-12-2021 21:00,0
8,27-01-2022 21:00,1
4,14-03-2022 14:00,1
26,11-02-2022 05:00,2
14,27-12-2021 02:00,0
12,04-02-2022 12:00,0
17,03-02-2022 06:00,0
13,08-02-2022 12:00,0
1,05-01-2022 12:00,1
17,05-01-2022 09:00,0
21,14-04-2022 03:00,2
21,01-01-2022 17:00,2
6,18-01-2022 16:00,1
15,05-01-2022 09:00,0
17,22-12-2021 09:00,0
3,21-02-2022 02:00,1
22,29-12-2021 09:00,2
2,05-01-2022 04:00,1
21,11-03-2022 10:00,2
17,07-03-2022 05:00,0
17,09-01-2022 23:00,0
17,22-01-2022 16:00,0
17,16-02-2022 08:00,0
13,04-03-2022 16:00,0
23,05-04-2023 13:00,2
3,09-01-2022 13:00,1
5,03-07-2022 08:00,1
2,18-01-2022 08:00,1
17,07-01-2022 09:00,0
5,20-02-2022 07:00,1
1,04-01-2022 22:00,1
21,03-03-2022 19:00,2
17,24-02-2022 16:00,0
4,13-02-2022 02:00,1
8,25-08-2023 18:00,1
3,12-02-2022 05:00,1
2,06-03-2022 06:00,1
3,28-01-2022 18:00,1
14,08-02-2022 16:00,0
18,06-03-2022 18:00,0
4,03-03-2022 13:00,1
8,10-02-2022 11:00,1
21,18-03-2022 08:00,2
14,19-02-2022 14:00,0
5,15-03-2022 13:00,1
1,26-01-2022 06:00,1
5,03-11-2023 00:00,1
2,06-02-2022 22:00,1
1,07-03-2022 05:00,1
21,04-01-2022 19:00,2
28,08-03-2022 10:00,2
5,23-01-2023 20:00,1
21,01-01-2022 01:00,2
10,03-11-2022 00:00,0
2,05-02-2022 02:00,1
14,24-01-2022 00:00,0
10,18-02-2022 03:00,0
25,14-01-2022 05:00,2
18,04-03-2022 01:00,0
15,05-03-2022 17:00,0
1,20-12-2022 06:00,1
4,11-01-2022 18:00,1
4,02-02-2022 19:00,1
21,06-03-2022 06:00,2
17,28-01-2022 16:00,0
13,28-02-2022 23:00,0
20,01-01-2022 17:00,2
15,04-02-2022 06:00,0
8,11-01-2022 08:00,1
14,10-01-2022 09:00,0
17,06-03-2022 06:00,0
17,26-01-2022 01:00,0
13,18-03-2022 06:00,0
25,02-01-2022 02:00,2
24,17-03-2022 04:00,2
10,12-01-2022 10:00,0
17,24-02-2022 16:00,0
15,25-01-2022 19:00,0
21,02-01-2022 14:00,2
10,20-01-2022 14:00,0
17,19-02-2022 18:00,0
5,27-01-2022 17:00,1
25,19-01-2022 19:00,2
24,06-01-2022 04:00,2
15,07-03-2022 07:00,0
13,11-02-2022 21:00,0
15,07-01-2022 16:00,0
2,19-03-2022 20:00,1
15,08-03-2022 10:00,0
5,03-01-2022 15:00,1
10,24-02-2022 08:00,0
21,18-01-2022 20:00,2
10,26-03-2022 18:00,0
17,13-01-2022 17:00,0
13,16-03-2022 08:00,0
13,28-11-2022 03:00,0
17,28-04-2022 10:00,0
8,01-01-2022 18:00,1
4,10-02-2022 11:00,1
4,03-03-2022 12:00,1
5,21-01-2022 05:00,1
9,02-02-2022 06:00,1
5,27-02-2022 17:00,1
5,20-02-2022 01:00,1
5,24-03-2022 13:00,1
2,17-02-2022 02:00,1
8,08-01-2022 14:00,1
3,28-01-2022 22:00,1
2,14-01-2022 20:00,1
28,19-01-2022 19:00,2
28,08-01-2022 17:00,2
14,12-03-2022 19:00,0
25,20-07-2023 20:00,2
9,01-03-2022 22:00,1
17,19-02-2022 00:00,0
5,09-02-2023 19:00,1
4,20-03-2022 21:00,1
14,31-07-2023 03:00,0
21,03-02-2022 04:00,2
17,04-02-2022 07:00,0
7,01-01-2022 23:00,1
25,15-02-2022 12:00,2
5,09-01-2022 19:00,1
17,11-03-2022 04:00,0
8,01-03-2022 19:00,1
4,21-02-2022 19:00,1
27,25-01-2022 22:00,2
2,03-02-2022 18:00,1
5,26-07-2022 05:00,1
17,07-12-2023 23:00,0
5,17-01-2022 11:00,1
18,17-02-2023 17:00,0
18,09-01-2022 02:00,0
5,26-01-2022 18:00,1
1,25-02-2022 09:00,1
18,26-02-2022 01:00,0
5,27-01-2022 08:00,1
1,29-12-2021 22:00,1
8,06-02-2022 10:00,1
28,12-07-2023 03:00,2
2,05-06-2022 19:00,1
4,25-01-2022 08:00,1
14,21-10-2022 01:00,0
21,20-01-2022 00:00,2
5,12-03-2022 09:00,1
1,04-03-2022 14:00,1
20,17-02-2022 08:00,2
19,20-02-2022 08:00,2
13,22-02-2022 03:00,0
2,26-01-2022 12:00,1
2,27-02-2022 09:00,1
28,21-03-2022 07:00,2
17,13-02-2022 15:00,0
5,29-03-2022 12:00,1
21,23-03-2022 04:00,2
5,04-03-2022 10:00,1
0,09-02-2022 22:00,1
10,26-03-2022 02:00,0
10,11-02-2022 19:00,0
17,15-01-2022 09:00,0
5,10-02-2022 12:00,1
13,28-02-2022 06:00,0
12,28-01-2023 23:00,0
9,03-02-2022 07:00,1
17,06-03-2022 23:00,0
5,15-03-2022 07:00,1
13,18-01-2022 14:00,0
5,15-02-2022 07:00,1
20,11-01-2023 14:00,2
2,12-02-2022 09:00,1
5,03-03-2022 06:00,1
8,05-08-2023 17:00,1
19,20-01-2022 12:00,2
5,13-02-2022 02:00,1
23,25-02-2022 09:00,2
0,01-02-2022 15:00,1
25,26-01-2022 21:00,2
2,14-03-2022 07:00,1
5,20-02-2022 04:00,1
4,20-03-2022 17:00,1
12,11-01-2022 07:00,0
20,09-02-2022 08:00,2
2,19-01-2022 18:00,1
5,25-01-2022 04:00,1
5,22-01-2022 02:00,1
9,21-05-2022 08:00,1
17,15-03-2022 20:00,0
24,16-02-2022 04:00,2
0,17-01-2022 23:00,1
2,01-04-2023 20:00,1
13,04-03-2022 18:00,0
4,28-03-2022 16:00,1
4,13-03-2022 15:00,1
18,21-03-2022 01:00,0
20,26-01-2022 09:00,2
6,10-03-2022 04:00,1
13,04-03-2022 10:00,0
1,15-04-2022 04:00,1
12,16-03-2022 16:00,0
21,13-03-2022 20:00,2
7,03-03-2022 03:00,1
2,25-01-2022 00:00,1
5,31-03-2022 20:00,1
17,23-02-2022 21:00,0
21,25-02-2023 14:00,2
14,16-01-2022 16:00,0
0,18-01-2022 17:00,1
17,09-09-2023 04:00,0
5,21-02-2022 01:00,1
16,12-11-2023 12:00,0
5,19-09-2023 20:00,1
1,26-01-2022 11:00,1
9,22-03-2022 13:00,1
14,03-10-2022 22:00,0
8,20-01-2022 21:00,1
17,16-06-2022 13:00,0
27,08-02-2022 16:00,2
4,20-01-2022 12:00,1
5,21-03-2022 14:00,1
13,22-02-2022 11:00,0
9,10-02-2022 04:00,1
0,08-05-2022 05:00,1
7,27-01-2022 02:00,1
2,25-01-2022 08:00,1
13,17-12-2022 06:00,0
12,15-02-2022 00:00,0
17,02-03-2022 13:00,0
0,01-11-2022 05:00,1
23,25-01-2022 18:00,2
4,17-03-2022 01:00,1
14,04-03-2022 01:00,0
5,26-03-2022 12:00,1
17,02-03-2022 23:00,0
18,08-03-2022 05:00,0
3,21-01-2022 06:00,1
21,22-02-2022 00:00,2
2,21-02-2022 14:00,1
8,10-02-2022 23:00,1
12,23-02-2022 23:00,0
24,19-09-2022 23:00,2
28,20-02-2022 21:00,2
12,28-03-2022 02:00,0
5,18-02-2022 14:00,1
4,06-04-2022 06:00,1
2,24-01-2022 08:00,1
2,12-03-2022 13:00,1
5,06-02-2022 11:00,1
5,06-02-2022 02:00,1
17,29-03-2023 14:00,0
1,22-01-2022 09:00,1
4,28-12-2023 19:00,1
13,06-06-2023 15:00,0
5,07-04-2022 19:00,1
8,07-03-2022 08:00,1
5,17-01-2022 11:00,1
21,18-01-2022 08:00,2
14,25-03-2022 15:00,0
13,07-03-2022 15:00,0
28,14-02-2022 01:00,2
2,04-03-2022 10:00,1
4,23-03-2022 05:00,1
10,03-02-2022 09:00,0
2,14-04-2022 15:00,1
18,13-01-2022 08:00,0
5,26-02-2022 02:00,1
5,23-03-2022 03:00,1
5,17-02-2022 14:00,1
1,21-01-2022 18:00,1
21,27-01-2022 20:00,2
7,19-03-2022 05:00,1
5,26-03-2022 10:00,1
28,26-02-2022 15:00,2
1,06-04-2022 10:00,1
24,10-04-2022 12:00,2
7,06-02-2023 20:00,1
4,09-04-2022 22:00,1
2,28-01-2022 01:00,1
8,13-01-2022 00:00,1
2,31-01-2022 14:00,1
13,22-05-2023 05:00,0
0,04-09-2023 22:00,1
7,18-06-2022 01:00,1
5,30-01-2022 08:00,1
17,01-02-2022 14:00,0
13,31-03-2022 07:00,0
4,03-12-2022 16:00,1
5,21-03-2022 00:00,1
10,06-04-2022 19:00,0
17,24-02-2022 23:00,0
14,15-01-2022 05:00,0
28,30-01-2022 05:00,2
27,23-02-2022 08:00,2
5,02-03-2022 19:00,1
17,16-03-2022 17:00,0
8,25-02-2022 02:00,1
10,18-03-2022 10:00,0
21,24-01-2022 20:00,2
27,10-02-2022 04:00,2
21,27-07-2023 11:00,2
15,08-02-2022 20:00,0
18,03-02-2022 11:00,0
8,25-02-2022 12:00,1
5,22-06-2022 01:00,1
21,09-02-2022 20:00,2
2,08-02-2022 22:00,1
10,07-08-2022 03:00,0
10,03-02-2022 17:00,0
4,22-03-2022 16:00,1
5,05-09-2022 00:00,1
9,12-04-2022 13:00,1
2,11-05-2022 15:00,1
19,30-10-2023 18:00,2
26,05-07-2022 23:00,2
2,03-03-2022 09:00,1
17,03-02-2022 02:00,0
19,10-04-2022 00:00,2
2,23-02-2022 21:00,1
17,27-08-2022 10:00,0
9,23-02-2022 01:00,1
2,24-02-2022 22:00,1
25,27-01-2022 21:00,2
13,21-01-2023 11:00,0
17,06-02-2022 02:00,0
21,14-03-2022 23:00,2
6,07-03-2022 01:00,1
21,19-03-2022 20:00,2
7,26-03-2022 01:00,1
2,25-03-2022 18:00,1
3,23-02-2022 23:00,1
24,05-03-2022 09:00,2
13,30-01-2022 15:00,0
8,10-02-2022 10:00,1
5,13-03-2022 12:00,1
14,02-04-2022 21:00,0
5,16-02-2022 01:00,1
18,17-04-2022 21:00,0
14,10-02-2022 06:00,0
14,12-02-2022 19:00,0
17,04-03-2022 02:00,0
0,30-01-2022 12:00,1
17,29-01-2022 11:00,0
5,23-03-2022 07:00,1
13,03-05-2022 01:00,0
17,18-04-2022 12:00,0
25,06-02-2022 04:00,2
13,25-01-2022 21:00,0
5,08-03-2022 09:00,1
5,26-01-2022 11:00,1
17,21-03-2022 16:00,0
12,05-04-2022 06:00,0
17,02-05-2023 06:00,0
24,03-04-2022 02:00,2
14,15-04-2022 20:00,0
17,27-01-2022 14:00,0
5,22-03-2022 14:00,1
8,16-04-2022 03:00,1
8,24-03-2022 18:00,1
26,22-02-2022 15:00,2
13,07-10-2022 11:00,0
24,26-03-2022 18:00,2
14,30-01-2022 11:00,0
17,02-01-2024 15:00,0
17,09-12-2022 16:00,0
1,24-02-2022 14:00,1
2,16-02-2022 15:00,1
4,01-04-2022 12:00,1
27,09-06-2022 00:00,2
17,02-04-2022 04:00,0
19,08-04-2022 10:00,2
9,15-03-2022 03:00,1
5,13-03-2022 09:00,1
24,08-04-2022 23:00,2
8,27-03-2022 23:00,1
16,23-01-2022 09:00,0
24,18-03-2022 20:00,2
14,10-03-2022 11:00,0
4,31-03-2022 07:00,1
2,25-02-2022 15:00,1
5,07-02-2022 07:00,1
17,29-03-2022 19:00,0
1,21-03-2022 17:00,1
1,01-09-2022 15:00,1
17,09-02-2022 01:00,0
5,19-09-2023 17:00,1
13,01-02-2022 01:00,0
4,12-04-2022 08:00,1
17,29-03-2022 03:00,0
2,21-03-2022 10:00,1
4,23-03-2022 11:00,1
28,31-03-2022 21:00,2
5,01-03-2022 07:00,1
14,07-02-2022 18:00,0
24,06-03-2022 18:00,2
4,19-04-2023 15:00,1
27,06-02-2022 19:00,2
28,14-03-2022 17:00,2
24,25-02-2023 23:00,2
24,15-03-2022 11:00,2
5,05-05-2022 17:00,1
2,16-02-2022 03:00,1
21,23-02-2022 13:00,2
10,25-02-2022 15:00,0
5,02-01-2024 15:00,1
9,10-02-2022 02:00,1
5,14-03-2022 19:00,1
13,11-04-2022 14:00,0
11,09-04-2022 19:00,0
1,11-07-2022 07:00,1
5,17-04-2022 10:00,1
5,21-03-2022 23:00,1
21,22-03-2022 18:00,2
22,19-02-2022 01:00,2
14,06-05-2023 03:00,0
5,12-02-2022 13:00,1
21,20-03-2022 23:00,2
13,06-03-2022 06:00,0
19,19-08-2023 14:00,2
23,31-03-2022 02:00,2
5,11-04-2022 10:00,1
12,14-03-2022 19:00,0
1,12-02-2022 21:00,1
13,10-03-2022 19:00,0
0,13-02-2022 15:00,1
17,27-04-2022 20:00,0
10,19-02-2022 07:00,0
20,30-01-2022 02:00,2
22,23-04-2022 16:00,2
4,12-02-2022 14:00,1
2,01-11-2023 22:00,1
7,30-03-2022 03:00,1
13,20-02-2022 07:00,0
2,25-04-2022 10:00,1
5,27-04-2022 16:00,1
18,03-03-2022 17:00,0
25,09-06-2022 08:00,2
5,17-10-2022 00:00,1
2,22-03-2022 11:00,1
9,06-03-2022 23:00,1
17,07-02-2022 17:00,0
4,09-02-2022 03:00,1
4,12-07-2022 05:00,1
15,23-03-2022 21:00,0
14,30-10-2023 06:00,0
10,25-04-2022 21:00,0
13,21-03-2022 14:00,0
17,01-04-2022 09:00,0
2,13-04-2022 09:00,1
8,13-03-2022 12:00,1
9,22-04-2022 18:00,1
2,02-10-2023 01:00,1
18,17-03-2022 10:00,0
17,27-03-2022 21:00,0
5,20-03-2022 01:00,1
8,16-04-2022 10:00,1
14,19-03-2022 11:00,0
18,13-04-2022 20:00,0
17,02-04-2022 14:00,0
3,26-02-2022 20:00,1
13,20-02-2022 21:00,0
3,20-02-2022 07:00,1
11,28-03-2022 02:00,0
14,03-02-2022 10:00,0
8,07-02-2022 10:00,1
17,15-03-2022 20:00,0
21,11-04-2022 05:00,2
24,02-04-2022 18:00,2
5,25-04-2022 07:00,1
17,14-03-2022 01:00,0
22,29-04-2022 07:00,2
28,19-04-2022 07:00,2
14,30-03-2022 21:00,0
1,20-01-2024 14:00,1
2,03-04-2022 04:00,1
12,23-04-2022 04:00,0
5,19-04-2022 20:00,1
18,21-03-2022 17:00,0
4,18-06-2022 01:00,1
21,11-02-2022 01:00,2
24,21-02-2022 12:00,2
15,04-03-2022 10:00,0
18,20-02-2022 23:00,0
12,02-03-2022 03:00,0
6,20-06-2022 06:00,1
21,14-03-2022 05:00,2
5,19-12-2022 08:00,1
9,25-04-2022 20:00,1
1,15-02-2022 11:00,1
8,08-04-2022 01:00,1
13,13-02-2022 16:00,0
4,14-03-2022 23:00,1
13,23-03-2022 18:00,0
7,25-07-2023 06:00,1
10,08-04-2022 20:00,0
18,27-03-2022 11:00,0
24,11-06-2023 00:00,2
1,21-02-2022 13:00,1
17,21-03-2022 04:00,0
13,18-02-2022 18:00,0
4,03-08-2022 07:00,1
10,24-04-2022 22:00,0
15,23-03-2022 14:00,0
5,24-05-2022 20:00,1
10,28-02-2022 04:00,0
25,24-04-2022 17:00,2
9,02-05-2022 15:00,1
2,11-03-2022 01:00,1
12,11-02-2022 15:00,0
8,28-07-2022 06:00,1
1,20-04-2022 15:00,1
2,13-03-2022 17:00,1
5,25-03-2022 22:00,1
13,06-02-2022 09:00,0
26,21-02-2022 18:00,2
5,26-02-2022 12:00,1
5,08-03-2022 17:00,1
13,09-04-2022 08:00,0
28,12-02-2022 11:00,2
4,21-03-2022 21:00,1
2,14-02-2022 11:00,1
5,17-03-2022 15:00,1
14,15-04-2022 10:00,0
23,22-03-2022 02:00,2
2,26-01-2024 16:00,1
14,05-04-2022 12:00,0
18,26-02-2022 04:00,0
2,07-04-2022 05:00,1
2,04-10-2023 22:00,1
28,22-04-2022 04:00,2
8,12-03-2022 22:00,1
5,23-04-2022 06:00,1
4,12-02-2022 11:00,1
4,18-02-2022 11:00,1
17,02-05-2022 16:00,0
8,02-04-2022 16:00,1
24,22-02-2022 17:00,2
5,13-02-2022 20:00,1
5,18-05-2022 18:00,1
5,23-04-2022 18:00,1
1,24-03-2022 15:00,1
0,03-05-2022 10:00,1
5,27-06-2023 13:00,1
13,17-02-2022 00:00,0
8,27-04-2022 20:00,1
3,05-05-2022 03:00,1
16,19-02-2022 09:00,0
0,13-04-2022 22:00,1
8,04-05-2022 19:00,1
25,30-04-2022 03:00,2
10,23-02-2022 15:00,0
25,14-03-2022 14:00,2
20,21-04-2022 04:00,2
8,21-04-2022 15:00,1
4,23-02-2022 12:00,1
17,21-02-2022 00:00,0
13,06-03-2022 22:00,0
2,15-04-2022 02:00,1
12,01-04-2022 02:00,0
13,25-05-2022 01:00,0
13,18-02-2022 18:00,0
2,16-04-2022 00:00,1
12,01-05-2022 09:00,0
2,20-02-2022 13:00,1
10,29-03-2022 00:00,0
1,26-04-2022 00:00,1
17,12-04-2022 22:00,0
17,06-04-2022 22:00,0
8,07-03-2022 05:00,1
17,26-03-2022 01:00,0
8,29-03-2022 13:00,1
17,29-04-2022 08:00,0
20,27-02-2022 16:00,2
5,30-04-2022 23:00,1
2,26-02-2022 21:00,1
25,07-05-2022 19:00,2
8,18-04-2022 07:00,1
5,05-05-2022 05:00,1
4,25-04-2022 02:00,1
4,23-03-2022 20:00,1
17,14-03-2022 13:00,0
17,14-03-2022 10:00,0
17,04-05-2022 22:00,0
17,28-03-2022 14:00,0
4,31-03-2022 20:00,1
2,17-02-2022 13:00,1
13,07-10-2022 02:00,0
8,25-04-2022 14:00,1
1,23-02-2022 18:00,1
8,03-05-2022 02:00,1
17,08-03-2022 22:00,0
7,23-02-2022 20:00,1
17,31-01-2023 18:00,0
26,26-02-2022 13:00,2
11,23-07-2022 06:00,0
21,25-03-2022 15:00,2
5,29-04-2022 10:00,1
21,01-03-2022 17:00,2
1,09-05-2022 07:00,1
13,14-03-2022 23:00,0
7,23-02-2022 18:00,1
22,23-02-2022 10:00,2
8,02-05-2022 04:00,1
13,11-03-2022 19:00,0
16,12-03-2022 18:00,0
5,26-04-2022 14:00,1
21,06-03-2022 16:00,2
5,26-02-2022 17:00,1
8,15-04-2022 13:00,1
8,27-11-2023 14:00,1
2,10-03-2022 09:00,1
5,24-06-2023 22:00,1
17,24-04-2022 12:00,0
2,16-01-2023 06:00,1
21,24-03-2022 06:00,2
13,14-03-2022 06:00,0
1,08-05-2022 12:00,1
17,15-04-2022 08:00,0
8,09-03-2022 04:00,1
1,16-06-2022 22:00,1
4,23-02-2022 16:00,1
5,25-03-2022 04:00,1
18,03-05-2022 23:00,0
5,25-02-2022 15:00,1
8,15-05-2022 23:00,1
27,30-04-2022 02:00,2
21,22-04-2022 22:00,2
7,28-02-2022 04:00,1
4,03-01-2023 05:00,1
23,05-03-2022 13:00,2
17,09-04-2022 15:00,0
2,01-04-2022 09:00,1
14,26-02-2022 11:00,0
5,22-03-2022 10:00,1
19,06-03-2022 10:00,2
25,12-12-2022 09:00,2
1,16-04-2022 01:00,1
8,06-05-2022 18:00,1
2,12-05-2022 10:00,1
13,08-04-2022 14:00,0
17,15-04-2022 18:00,0
12,16-02-2024 14:00,0
6,02-05-2022 08:00,1
17,14-04-2022 07:00,0
2,28-04-2022 04:00,1
12,07-04-2022 07:00,0
20,15-03-2022 20:00,2
13,05-05-2022 21:00,0
15,05-03-2022 16:00,0
21,30-04-2022 05:00,2
2,27-03-2022 20:00,1
17,18-06-2022 07:00,0
13,20-02-2022 05:00,0
8,18-05-2022 04:00,1
2,19-03-2022 06:00,1
17,15-05-2022 20:00,0
5,17-03-2022 20:00,1
4,10-05-2022 15:00,1
0,03-03-2022 12:00,1
0,16-03-2022 10:00,1
2,28-09-2022 11:00,1
5,17-06-2022 08:00,1
17,16-11-2023 02:00,0
10,24-03-2022 18:00,0
5,16-04-2022 02:00,1
1,24-04-2022 15:00,1
2,29-04-2022 03:00,1
12,27-02-2022 21:00,0
12,07-05-2022 06:00,0
9,03-10-2022 20:00,1
17,21-04-2022 23:00,0
24,14-05-2022 20:00,2
22,10-04-2022 03:00,2
4,07-08-2022 11:00,1
5,23-03-2022 21:00,1
0,29-03-2022 05:00,1
5,08-04-2022 16:00,1
26,02-04-2022 13:00,2
12,06-03-2022 22:00,0
11,23-04-2022 06:00,0
4,02-04-2022 02:00,1
15,13-05-2022 14:00,0
0,10-05-2022 18:00,1
17,18-05-2022 18:00,0
12,12-04-2022 14:00,0
4,29-04-2022 05:00,1
21,15-06-2022 12:00,2
0,22-03-2022 10:00,1
21,25-04-2022 02:00,2
5,21-05-2022 12:00,1
5,28-05-2022 17:00,1
15,22-04-2022 18:00,0
2,26-03-2022 07:00,1
21,14-07-2022 12:00,2
14,12-05-2022 15:00,0
1,20-03-2022 17:00,1
4,07-03-2022 07:00,1
4,20-05-2022 15:00,1
5,09-03-2022 10:00,1
5,13-04-2022 13:00,1
18,30-04-2022 14:00,0
17,25-04-2022 20:00,0
15,26-08-2023 18:00,0
12,16-03-2022 10:00,0
2,21-03-2022 03:00,1
1,22-04-2022 18:00,1
5,30-05-2022 20:00,1
5,18-05-2022 06:00,1
15,01-04-2022 07:00,0
25,16-07-2022 11:00,2
6,24-04-2022 01:00,1
13,24-04-2022 03:00,0
4,23-04-2022 17:00,1
2,10-03-2022 05:00,1
5,26-04-2022 22:00,1
17,02-04-2022 16:00,0
2,17-05-2022 23:00,1
8,21-05-2022 14:00,1
5,23-05-2022 16:00,1
1,19-05-2022 01:00,1
24,14-04-2022 11:00,2
20,24-04-2022 00:00,2
21,21-04-2022 11:00,2
19,03-04-2022 07:00,2
28,25-03-2022 06:00,2
5,03-04-2022 15:00,1
12,20-03-2022 11:00,0
13,24-05-2022 17:00,0
13,03-05-2022 21:00,0
19,29-03-2022 15:00,2
17,11-08-2022 03:00,0
21,08-03-2022 13:00,2
18,09-05-2022 08:00,0
13,08-04-2022 23:00,0
13,23-08-2022 22:00,0
17,29-03-2022 17:00,0
5,12-03-2022 05:00,1
17,28-06-2022 06:00,0
5,18-04-2022 22:00,1
28,02-04-2022 20:00,2
17,14-10-2022 05:00,0
2,08-04-2022 19:00,1
4,12-03-2022 17:00,1
8,24-04-2022 19:00,1
21,21-03-2022 04:00,2
16,14-12-2022 11:00,0
11,12-03-2022 13:00,0
28,30-04-2022 06:00,2
4,08-04-2022 23:00,1
10,06-05-2022 11:00,0
20,24-07-2023 00:00,2
4,21-05-2022 18:00,1
3,14-05-2022 00:00,1
24,23-05-2022 14:00,2
26,21-03-2022 13:00,2
5,04-04-2022 19:00,1
28,09-03-2022 06:00,2
9,28-10-2023 06:00,1
12,27-05-2022 13:00,0
10,20-04-2022 11:00,0
17,21-03-2022 20:00,0
28,06-02-2023 13:00,2
19,29-03-2022 17:00,2
5,12-05-2022 06:00,1
8,07-05-2022 03:00,1
8,14-03-2022 18:00,1
14,21-04-2022 02:00,0
3,14-03-2022 13:00,1
17,24-03-2022 11:00,0
4,31-03-2022 11:00,1
7,19-05-2022 22:00,1
13,23-05-2022 19:00,0
17,31-03-2022 19:00,0
1,16-04-2022 09:00,1
8,14-04-2022 10:00,1
17,17-04-2022 01:00,0
10,29-06-2022 04:00,0
23,18-03-2022 20:00,2
18,28-03-2022 09:00,0
17,21-04-2022 23:00,0
2,03-05-2023 15:00,1
8,19-05-2022 13:00,1
10,13-03-2022 21:00,0
11,11-03-2022 13:00,0
5,26-03-2022 19:00,1
14,09-04-2022 08:00,0
25,09-04-2022 00:00,2
2,29-03-2022 07:00,1
5,16-05-2022 18:00,1
25,19-05-2022 12:00,2
13,03-08-2022 11:00,0
5,15-07-2022 17:00,1
1,20-03-2022 11:00,1
13,31-05-2022 15:00,0
4,28-03-2022 12:00,1
8,18-05-2022 19:00,1
2,20-04-2022 21:00,1
13,03-05-2022 06:00,0
17,09-04-2022 22:00,0
17,24-04-2022 03:00,0
18,09-05-2022 09:00,0
2,31-05-2022 12:00,1
22,02-04-2022 10:00,2
18,23-08-2022 20:00,0
1,21-03-2022 18:00,1
21,10-03-2022 16:00,2
1,31-08-2022 01:00,1
2,15-03-2022 01:00,1
2,01-04-2022 05:00,1
21,02-04-2022 03:00,2
8,03-04-2022 05:00,1
14,07-04-2022 23:00,0
3,22-05-2022 01:00,1
2,14-03-2022 05:00,1
12,08-05-2022 15:00,0
14,19-03-2022 05:00,0
13,14-05-2022 05:00,0
21,04-07-2022 03:00,2
8,12-05-2022 07:00,1
2,12-03-2022 02:00,1
18,12-05-2022 00:00,0
13,22-04-2022 20:00,0
13,15-04-2022 18:00,0
21,29-05-2022 16:00,2
2,15-03-2022 01:00,1
6,03-04-2022 13:00,1
12,13-05-2022 16:00,0
17,04-04-2022 05:00,0
8,10-05-2022 08:00,1
15,31-03-2022 08:00,0
25,03-06-2022 00:00,2
14,07-07-2023 17:00,0
2,01-04-2022 06:00,1
14,06-09-2022 18:00,0
4,08-04-2022 15:00,1
21,29-03-2022 20:00,2
17,14-07-2022 12:00,0
17,04-04-2022 01:00,0
18,20-03-2022 11:00,0
17,07-05-2022 08:00,0
5,14-05-2022 10:00,1
17,10-05-2022 14:00,0
25,28-02-2024 07:00,2
10,18-03-2022 06:00,0
4,26-03-2022 08:00,1
12,25-03-2022 08:00,0
13,09-04-2022 15:00,0
25,17-04-2022 18:00,2
1,22-04-2022 16:00,1
5,27-04-2022 21:00,1
21,23-03-2022 23:00,2
13,13-05-2022 15:00,0
5,20-05-2022 19:00,1
5,31-05-2022 13:00,1
13,04-05-2022 18:00,0
17,03-05-2022 23:00,0
18,24-05-2022 00:00,0
28,19-04-2022 00:00,2
24,01-04-2022 18:00,2
26,24-03-2022 05:00,2
18,18-03-2022 16:00,0
14,28-03-2022 22:00,0
5,15-04-2022 21:00,1
10,28-04-2022 07:00,0
2,28-07-2022 05:00,1
8,21-03-2022 19:00,1
1,23-05-2022 22:00,1
6,07-05-2022 12:00,1
5,02-04-2022 09:00,1
2,08-04-2022 10:00,1
21,06-05-2022 12:00,2
1,18-05-2022 01:00,1
21,14-05-2022 21:00,2
0,25-09-2023 02:00,1
11,17-04-2022 17:00,0
14,15-03-2022 21:00,0
17,12-11-2023 03:00,0
20,02-05-2022 15:00,2
4,14-04-2022 10:00,1
17,26-05-2022 09:00,0
2,21-04-2022 18:00,1
26,12-04-2022 16:00,2
21,01-04-2022 03:00,2
13,11-05-2022 07:00,0
14,08-02-2024 20:00,0
2,06-06-2022 22:00,1
5,08-05-2022 19:00,1
5,23-03-2022 07:00,1
13,16-04-2022 10:00,0
1,11-06-2022 12:00,1
15,30-03-2022 16:00,0
5,31-05-2022 08:00,1
5,06-08-2023 16:00,1
17,23-04-2022 23:00,0
0,24-04-2022 22:00,1
4,21-04-2022 22:00,1
1,10-10-2022 21:00,1
2,20-04-2022 15:00,1
17,31-05-2022 00:00,0
5,12-04-2022 16:00,1
10,28-05-2022 18:00,0
8,30-04-2022 01:00,1
8,17-04-2022 13:00,1
21,03-06-2022 22:00,2
8,08-06-2022 01:00,1
2,18-08-2022 18:00,1
4,15-07-2022 23:00,1
15,16-04-2022 15:00,0
4,13-03-2023 04:00,1
2,17-04-2022 12:00,1
8,28-05-2022 02:00,1
10,27-08-2022 04:00,0
17,16-04-2022 15:00,0
21,25-03-2022 14:00,2
17,25-07-2022 00:00,0
20,24-05-2022 11:00,2
22,20-04-2022 09:00,2
10,19-05-2022 07:00,0
12,18-08-2022 04:00,0
17,01-05-2022 00:00,0
10,12-04-2022 15:00,0
1,13-06-2022 23:00,1
13,19-04-2022 11:00,0
28,04-05-2022 18:00,2
1,14-04-2022 03:00,1
4,10-04-2022 20:00,1
1,19-03-2022 03:00,1
17,05-05-2022 19:00,0
4,16-04-2022 09:00,1
3,07-09-2023 12:00,1
5,15-05-2022 15:00,1
5,13-04-2022 01:00,1
1,16-04-2022 14:00,1
21,29-04-2022 14:00,2
2,27-05-2022 13:00,1
10,09-04-2022 22:00,0
4,24-05-2022 09:00,1
2,04-05-2022 10:00,1
21,02-04-2022 08:00,2
18,28-06-2022 00:00,0
5,01-04-2022 18:00,1
7,07-04-2022 02:00,1
2,11-05-2022 00:00,1
0,11-05-2022 04:00,1
17,31-03-2022 08:00,0
17,28-03-2022 13:00,0
1,29-03-2022 14:00,1
17,07-06-2022 21:00,0
2,12-05-2022 21:00,1
10,05-06-2022 04:00,0
14,20-04-2022 20:00,0
13,28-05-2022 09:00,0
5,15-08-2023 00:00,1
14,13-04-2022 23:00,0
17,22-05-2022 16:00,0
5,05-05-2022 17:00,1
23,02-04-2022 23:00,2
9,20-04-2022 02:00,1
26,04-05-2022 07:00,2
7,09-04-2022 10:00,1
2,20-04-2022 23:00,1
4,16-04-2022 14:00,1
13,08-05-2022 05:00,0
7,30-05-2022 07:00,1
10,17-06-2022 18:00,0
10,09-06-2022 07:00,0
5,05-04-2022 08:00,1
21,17-01-2024 17:00,2
5,08-04-2022 15:00,1
2,13-04-2022 10:00,1
17,23-05-2022 12:00,0
26,02-04-2022 12:00,2
10,09-05-2022 19:00,0
1,25-05-2022 12:00,1
16,29-04-2022 05:00,0
21,14-04-2022 21:00,2
17,20-04-2022 16:00,0
12,07-06-2022 09:00,0
11,23-07-2023 21:00,0
10,09-04-2022 04:00,0
17,12-07-2022 10:00,0
1,17-06-2022 04:00,1
13,24-11-2023 18:00,0
17,21-04-2022 02:00,0
1,03-05-2022 14:00,1
5,23-04-2022 23:00,1
21,09-09-2022 21:00,2
17,20-04-2022 20:00,0
5,05-04-2022 20:00,1
5,30-05-2022 01:00,1
23,08-06-2022 11:00,2
15,12-10-2022 07:00,0
10,02-06-2022 05:00,0
13,14-04-2022 13:00,0
20,11-04-2022 15:00,2
8,27-04-2022 17:00,1
13,27-05-2022 19:00,0
3,13-04-2022 23:00,1
8,11-05-2022 12:00,1
5,09-06-2022 13:00,1
12,08-05-2022 13:00,0
17,14-04-2022 14:00,0
17,25-04-2022 21:00,0
8,04-05-2022 09:00,1
21,19-04-2022 13:00,2
6,15-04-2022 19:00,1
20,31-03-2022 17:00,2
4,10-05-2022 21:00,1
14,23-04-2022 14:00,0
19,23-04-2022 00:00,2
2,30-03-2022 10:00,1
8,23-06-2022 18:00,1
12,06-05-2022 03:00,0
8,13-08-2022 18:00,1
13,05-05-2022 19:00,0
18,08-06-2022 21:00,0
5,28-05-2022 23:00,1
10,26-05-2022 05:00,0
26,22-04-2022 15:00,2
18,04-04-2022 23:00,0
17,02-06-2022 00:00,0
6,04-10-2023 03:00,1
3,14-05-2022 10:00,1
15,29-05-2022 20:00,0
17,13-04-2022 22:00,0
1,14-06-2022 05:00,1
9,20-04-2022 03:00,1
2,08-06-2022 09:00,1
21,12-06-2022 18:00,2
25,06-06-2022 03:00,2
17,24-06-2022 01:00,0
8,20-04-2022 00:00,1
13,20-08-2022 07:00,0
15,15-04-2022 23:00,0
9,22-04-2022 04:00,1
4,14-04-2023 04:00,1
15,25-05-2022 00:00,0
13,12-04-2022 05:00,0
3,19-04-2022 04:00,1
1,15-09-2022 15:00,1
1,07-06-2022 03:00,1
5,22-06-2022 16:00,1
17,19-04-2022 12:00,0
14,21-04-2022 21:00,0
2,20-11-2023 06:00,1
8,16-06-2022 02:00,1
13,25-09-2022 12:00,0
5,28-05-2022 18:00,1
5,01-05-2022 06:00,1
17,05-04-2022 20:00,0
8,15-05-2022 22:00,1
21,17-05-2022 09:00,2
2,20-06-2022 17:00,1
2,28-03-2023 15:00,1
17,14-05-2022 21:00,0
10,18-06-2022 10:00,0
10,28-04-2022 21:00,0
2,17-04-2022 14:00,1
2,10-04-2022 14:00,1
14,25-04-2022 11:00,0
1,21-07-2022 14:00,1
17,15-05-2022 01:00,0
8,23-04-2022 18:00,1
17,09-05-2022 20:00,0
6,27-11-2023 18:00,1
17,09-04-2022 17:00,0
17,20-04-2022 08:00,0
2,30-07-2022 21:00,1
1,18-04-2022 21:00,1
2,01-11-2022 13:00,1
18,28-05-2022 16:00,0
2,15-04-2023 15:00,1
0,23-04-2022 18:00,1
21,17-06-2022 18:00,2
8,02-05-2022 10:00,1
5,17-05-2022 19:00,1
2,18-06-2022 14:00,1
8,08-04-2022 18:00,1
4,15-06-2022 22:00,1
17,27-05-2022 12:00,0
4,05-09-2022 02:00,1
22,13-04-2022 01:00,2
21,24-04-2022 02:00,2
5,18-04-2022 15:00,1
16,09-12-2022 20:00,0
13,07-05-2022 15:00,0
12,23-06-2022 12:00,0
4,06-05-2022 04:00,1
18,27-05-2022 03:00,0
1,31-05-2022 03:00,1
4,27-05-2022 20:00,1
20,14-10-2022 08:00,2
2,31-05-2022 15:00,1
2,31-05-2022 07:00,1
10,22-04-2022 01:00,0
13,06-05-2022 01:00,0
2,31-05-2022 04:00,1
8,02-05-2022 15:00,1
17,30-04-2022 18:00,0
17,23-04-2022 18:00,0
18,09-04-2022 13:00,0
11,30-04-2022 02:00,0
5,23-05-2022 13:00,1
8,22-04-2022 09:00,1
1,18-03-2023 00:00,1
13,22-05-2022 16:00,0
8,03-06-2022 10:00,1
8,17-04-2022 23:00,1
13,17-06-2022 08:00,0
13,10-06-2022 19:00,0
18,07-05-2022 07:00,0
21,30-05-2022 21:00,2
24,23-05-2022 01:00,2
4,02-06-2022 17:00,1
4,05-05-2022 13:00,1
17,17-04-2022 00:00,0
4,23-05-2022 05:00,1
6,17-04-2022 20:00,1
5,14-04-2022 01:00,1
22,11-06-2022 22:00,2
13,23-05-2022 10:00,0
5,29-06-2023 05:00,1
8,22-04-2022 19:00,1
18,23-05-2022 12:00,0
12,21-04-2022 08:00,0
5,22-06-2022 21:00,1
17,20-04-2022 05:00,0
2,10-06-2022 03:00,1
17,21-03-2023 22:00,0
6,28-04-2022 02:00,1
17,26-04-2022 20:00,0
13,23-04-2022 20:00,0
21,14-06-2022 16:00,2
8,04-07-2022 07:00,1
17,21-05-2022 14:00,0
4,08-09-2023 04:00,1
13,09-04-2022 14:00,0
5,30-04-2022 03:00,1
9,24-06-2022 03:00,1
9,10-09-2023 10:00,1
17,08-05-2022 12:00,0
3,20-04-2022 17:00,1
5,04-11-2023 02:00,1
27,11-08-2023 08:00,2
17,18-06-2023 23:00,0
2,14-05-2022 00:00,1
17,01-06-2022 11:00,0
20,09-06-2022 03:00,2
18,27-04-2022 14:00,0
17,15-03-2024 09:00,0
1,22-03-2023 18:00,1
4,15-06-2022 21:00,1
24,16-06-2023 06:00,2
20,19-11-2022 11:00,2
13,02-10-2022 10:00,0
17,22-05-2022 01:00,0
7,27-05-2022 09:00,1
1,10-05-2022 23:00,1
2,29-07-2022 19:00,1
17,05-07-2022 06:00,0
8,15-06-2022 17:00,1
4,20-05-2022 08:00,1
18,22-03-2024 23:00,0
19,21-04-2022 14:00,2
9,01-05-2022 16:00,1
12,07-06-2022 12:00,0
5,01-06-2022 12:00,1
2,05-07-2022 02:00,1
1,06-05-2022 20:00,1
2,03-05-2022 02:00,1
2,19-06-2022 14:00,1
12,18-05-2022 09:00,0
18,24-05-2022 07:00,0
1,20-05-2022 19:00,1
2,26-05-2022 18:00,1
20,24-02-2023 14:00,2
11,21-04-2022 02:00,0
21,01-05-2022 02:00,2
24,17-05-2022 19:00,2
5,20-05-2022 16:00,1
5,18-04-2022 19:00,1
4,05-05-2022 01:00,1
21,08-06-2022 17:00,2
21,27-07-2022 11:00,2
14,30-04-2022 02:00,0
5,06-06-2022 03:00,1
1,28-06-2022 02:00,1
13,31-05-2022 17:00,0
0,10-06-2022 01:00,1
21,23-09-2022 18:00,2
5,22-06-2022 12:00,1
17,19-04-2022 05:00,0
8,24-04-2022 20:00,1
8,26-09-2022 01:00,1
20,27-06-2022 21:00,2
18,18-06-2022 22:00,0
14,19-02-2023 22:00,0
5,26-04-2022 07:00,1
11,23-05-2022 17:00,0
25,06-12-2023 11:00,2
21,23-05-2022 20:00,2
17,15-05-2022 02:00,0
24,30-10-2023 11:00,2
4,27-05-2022 11:00,1
13,13-05-2022 22:00,0
17,08-06-2022 07:00,0
3,04-07-2022 21:00,1
5,08-10-2023 01:00,1
25,21-12-2023 09:00,2
5,26-06-2022 13:00,1
21,02-07-2022 12:00,2
0,25-05-2022 07:00,1
24,23-02-2024 10:00,2
5,15-05-2022 01:00,1
21,26-05-2022 13:00,2
4,04-05-2022 14:00,1
2,15-07-2022 12:00,1
10,28-05-2022 11:00,0
0,24-06-2022 15:00,1
18,03-05-2022 13:00,0
22,16-05-2022 15:00,2
18,23-04-2022 15:00,0
17,04-07-2022 07:00,0
24,29-05-2022 13:00,2
2,30-06-2022 19:00,1
17,26-04-2022 19:00,0
11,14-06-2022 14:00,0
17,11-07-2022 21:00,0
17,20-05-2022 22:00,0
15,25-06-2022 00:00,0
2,02-05-2022 05:00,1
5,25-06-2022 20:00,1
2,12-06-2022 22:00,1
19,10-07-2022 21:00,2
4,28-06-2022 07:00,1
24,11-06-2022 18:00,2
28,24-04-2022 12:00,2
20,21-03-2024 22:00,2
5,15-05-2022 07:00,1
17,28-04-2022 14:00,0
5,10-07-2022 03:00,1
21,03-05-2022 14:00,2
8,06-05-2022 17:00,1
2,13-06-2022 22:00,1
0,20-06-2022 17:00,1
2,12-05-2022 08:00,1
24,28-06-2022 05:00,2
24,07-07-2022 14:00,2
0,09-07-2022 12:00,1
17,23-07-2022 09:00,0
17,17-08-2022 19:00,0
4,14-07-2022 19:00,1
5,10-05-2022 19:00,1
13,27-05-2022 15:00,0
5,22-06-2022 11:00,1
4,14-09-2022 05:00,1
17,07-07-2022 09:00,0
4,01-09-2022 13:00,1
5,06-05-2022 03:00,1
18,20-05-2022 15:00,0
13,15-10-2022 06:00,0
5,28-04-2022 19:00,1
21,02-07-2022 13:00,2
13,09-05-2022 01:00,0
8,01-10-2022 23:00,1
1,11-07-2022 06:00,1
22,27-04-2022 16:00,2
25,05-05-2022 03:00,2
2,04-05-2022 15:00,1
8,19-05-2022 08:00,1
4,29-05-2022 22:00,1
5,04-05-2022 11:00,1
24,08-07-2022 06:00,2
27,26-06-2022 03:00,2
17,03-10-2022 11:00,0
20,01-07-2022 19:00,2
13,02-05-2022 02:00,0
12,08-07-2022 14:00,0
5,21-04-2022 23:00,1
1,06-05-2022 14:00,1
28,25-09-2022 18:00,2
1,13-07-2022 06:00,1
4,30-06-2022 01:00,1
17,29-04-2023 06:00,0
13,29-06-2022 09:00,0
1,07-07-2022 16:00,1
18,18-07-2022 19:00,0
17,19-07-2022 17:00,0
13,01-01-2024 03:00,0
1,01-05-2022 15:00,1
7,27-05-2022 19:00,1
2,01-05-2022 09:00,1
17,20-12-2022 00:00,0
2,25-06-2022 02:00,1
26,16-05-2022 10:00,2
4,23-06-2022 04:00,1
1,17-07-2022 23:00,1
11,14-03-2024 14:00,0
5,22-05-2022 07:00,1
26,25-06-2022 13:00,2
2,01-06-2022 18:00,1
1,13-07-2022 21:00,1
17,19-05-2022 07:00,0
5,17-05-2022 23:00,1
4,20-05-2022 03:00,1
5,03-05-2022 16:00,1
9,18-05-2022 17:00,1
14,03-07-2022 05:00,0
27,07-05-2022 01:00,2
2,27-05-2022 05:00,1
1,25-06-2022 20:00,1
5,08-05-2022 13:00,1
15,18-05-2022 10:00,0
8,21-05-2022 20:00,1
17,15-07-2022 08:00,0
17,10-06-2022 10:00,0
24,14-05-2022 18:00,2
1,11-07-2022 17:00,1
0,19-02-2024 17:00,1
2,20-05-2022 22:00,1
14,07-09-2022 02:00,0
2,07-07-2022 18:00,1
4,07-05-2022 23:00,1
6,09-06-2022 07:00,1
28,25-06-2022 07:00,2
14,17-06-2022 09:00,0
10,24-07-2022 07:00,0
25,04-07-2022 07:00,2
12,06-10-2022 02:00,0
3,19-05-2022 19:00,1
17,15-05-2022 01:00,0
2,25-06-2022 00:00,1
12,16-06-2022 01:00,0
17,21-07-2022 19:00,0
19,26-05-2022 21:00,2
8,15-06-2022 21:00,1
5,14-06-2022 05:00,1
5,14-06-2022 17:00,1
17,26-06-2022 20:00,0
4,27-07-2022 15:00,1
18,10-06-2022 03:00,0
22,09-07-2022 06:00,2
13,09-06-2022 10:00,0
21,09-07-2022 22:00,2
2,24-05-2022 01:00,1
17,15-07-2022 19:00,0
17,13-06-2022 00:00,0
5,20-07-2022 20:00,1
5,06-06-2022 18:00,1
18,17-07-2022 10:00,0
8,26-06-2022 15:00,1
14,05-07-2022 00:00,0
25,25-06-2022 08:00,2
13,10-06-2022 19:00,0
5,27-06-2022 13:00,1
5,18-06-2022 12:00,1
7,09-06-2022 18:00,1
4,21-05-2022 07:00,1
5,05-09-2022 12:00,1
5,14-07-2022 18:00,1
14,24-05-2022 04:00,0
17,23-08-2022 19:00,0
17,07-07-2022 04:00,0
2,15-06-2022 21:00,1
2,03-06-2022 12:00,1
20,03-06-2022 07:00,2
8,02-06-2022 15:00,1
5,31-05-2022 16:00,1
8,18-07-2022 09:00,1
17,07-05-2022 09:00,0
5,05-06-2022 18:00,1
23,11-05-2022 20:00,2
23,21-08-2022 02:00,2
4,07-06-2022 09:00,1
1,14-06-2022 03:00,1
17,27-07-2022 07:00,0
17,29-05-2022 13:00,0
8,25-06-2022 14:00,1
27,26-01-2023 12:00,2
2,16-11-2023 06:00,1
2,15-06-2022 13:00,1
5,29-08-2022 23:00,1
9,28-07-2022 19:00,1
12,27-06-2022 02:00,0
21,10-05-2022 22:00,2
8,18-05-2022 12:00,1
11,22-05-2022 12:00,0
3,18-05-2022 07:00,1
5,30-06-2022 18:00,1
8,06-06-2022 12:00,1
21,05-07-2022 10:00,2
2,20-06-2022 17:00,1
25,01-08-2022 03:00,2
2,28-05-2022 01:00,1
5,06-03-2023 11:00,1
17,03-07-2022 22:00,0
14,04-05-2023 02:00,0
8,22-05-2022 20:00,1
4,21-05-2022 17:00,1
8,20-07-2022 08:00,1
13,05-06-2022 11:00,0
4,25-06-2022 14:00,1
11,15-05-2022 14:00,0
17,17-12-2023 08:00,0
17,11-03-2024 11:00,0
28,30-06-2022 01:00,2
28,07-07-2022 22:00,2
1,31-05-2022 20:00,1
2,06-05-2022 17:00,1
1,29-06-2022 03:00,1
1,27-03-2023 16:00,1
12,24-06-2022 00:00,0
22,11-07-2022 06:00,2
5,25-05-2022 22:00,1
21,30-06-2022 16:00,2
2,30-07-2022 05:00,1
17,28-05-2022 06:00,0
5,14-06-2022 19:00,1
6,04-07-2022 10:00,1
5,20-05-2022 05:00,1
5,02-08-2022 07:00,1
14,22-07-2022 13:00,0
4,26-06-2022 23:00,1
20,19-07-2022 08:00,2
5,17-07-2022 10:00,1
21,28-06-2022 17:00,2
5,25-06-2022 02:00,1
21,02-09-2023 01:00,2
8,19-07-2022 15:00,1
28,11-07-2022 02:00,2
9,16-05-2022 23:00,1
13,08-07-2022 15:00,0
20,07-06-2022 09:00,2
5,22-05-2022 09:00,1
3,08-06-2022 07:00,1
21,19-06-2022 17:00,2
5,07-07-2022 00:00,1
17,21-07-2022 02:00,0
8,19-06-2022 08:00,1
7,18-05-2022 10:00,1
2,16-05-2022 06:00,1
2,16-06-2022 00:00,1
17,28-06-2022 23:00,0
9,25-04-2023 19:00,1
12,11-06-2022 09:00,0
5,01-07-2022 11:00,1
26,15-06-2022 09:00,2
21,19-07-2022 06:00,2
8,09-01-2023 03:00,1
21,09-06-2022 22:00,2
8,10-07-2022 19:00,1
22,07-06-2022 11:00,2
12,08-06-2022 02:00,0
20,30-05-2022 05:00,2
21,10-01-2023 12:00,2
22,18-05-2022 07:00,2
12,18-06-2022 18:00,0
8,15-06-2022 19:00,1
5,18-06-2022 08:00,1
5,16-06-2022 02:00,1
5,13-07-2022 07:00,1
4,30-05-2022 20:00,1
24,14-06-2022 23:00,2
24,18-06-2022 01:00,2
13,25-10-2022 03:00,0
14,03-06-2022 13:00,0
5,21-07-2022 00:00,1
17,12-07-2022 17:00,0
18,25-05-2022 19:00,0
21,29-05-2022 04:00,2
2,22-10-2022 04:00,1
19,01-07-2022 08:00,2
18,06-08-2022 18:00,0
18,16-05-2022 21:00,0
17,26-10-2022 12:00,0
10,27-06-2022 20:00,0
24,03-08-2022 14:00,2
5,12-07-2022 13:00,1
12,05-06-2022 04:00,0
5,12-06-2022 17:00,1
2,25-05-2022 21:00,1
5,26-07-2022 16:00,1
22,02-06-2022 14:00,2
8,18-06-2022 17:00,1
10,07-07-2022 18:00,0
2,10-06-2022 05:00,1
13,12-06-2022 15:00,0
13,29-06-2022 06:00,0
0,14-06-2022 22:00,1
1,14-07-2022 21:00,1
8,23-07-2022 15:00,1
10,04-06-2022 12:00,0
0,11-10-2022 09:00,1
10,21-08-2023 22:00,0
15,31-07-2022 04:00,0
28,01-08-2022 10:00,2
5,17-12-2022 10:00,1
0,17-06-2022 03:00,1
5,27-05-2022 03:00,1
17,15-05-2022 13:00,0
20,29-07-2022 05:00,2
4,12-07-2022 01:00,1
10,11-07-2022 17:00,0
18,01-08-2022 13:00,0
4,21-06-2022 11:00,1
5,27-05-2022 04:00,1
12,09-07-2022 08:00,0
10,26-05-2022 12:00,0
18,07-07-2022 14:00,0
5,18-05-2022 14:00,1
5,10-06-2022 18:00,1
10,26-07-2022 18:00,0
24,11-06-2022 02:00,2
4,28-05-2022 04:00,1
4,27-06-2022 22:00,1
4,09-06-2022 23:00,1
17,05-08-2022 15:00,0
9,03-06-2022 02:00,1
17,17-07-2022 18:00,0
16,10-06-2022 22:00,0
3,09-08-2022 23:00,1
5,23-06-2022 03:00,1
2,07-07-2022 00:00,1
17,21-06-2022 19:00,0
5,28-07-2022 04:00,1
13,06-08-2022 17:00,0
2,28-07-2022 07:00,1
10,17-07-2022 13:00,0
8,27-07-2022 05:00,1
2,04-07-2022 17:00,1
24,16-06-2022 06:00,2
3,27-11-2022 20:00,1
5,05-03-2024 07:00,1
4,26-06-2022 13:00,1
14,04-06-2022 00:00,0
2,14-06-2022 01:00,1
1,18-06-2022 12:00,1
4,24-07-2022 04:00,1
9,26-06-2022 00:00,1
8,30-06-2022 09:00,1
19,04-08-2022 11:00,2
17,20-02-2024 22:00,0
16,04-06-2022 05:00,0
25,15-08-2022 10:00,2
12,16-06-2022 14:00,0
10,19-06-2022 23:00,0
28,01-07-2022 12:00,2
9,09-07-2022 04:00,1
21,08-06-2022 16:00,2
17,05-09-2022 10:00,0
5,27-06-2022 22:00,1
18,08-08-2022 22:00,0
17,22-07-2022 03:00,0
17,12-08-2022 01:00,0
17,24-06-2022 06:00,0
13,28-02-2023 14:00,0
21,17-06-2022 21:00,2
8,19-10-2022 06:00,1
5,28-06-2022 18:00,1
2,22-06-2022 13:00,1
0,25-06-2022 21:00,1
24,18-10-2022 17:00,2
10,01-08-2022 22:00,0
17,19-08-2022 08:00,0
15,05-11-2022 01:00,0
17,08-06-2022 20:00,0
23,03-06-2022 17:00,2
0,28-06-2022 18:00,1
17,02-07-2022 18:00,0
26,14-06-2022 15:00,2
15,04-06-2022 09:00,0
13,29-08-2023 03:00,0
5,13-06-2022 15:00,1
5,21-06-2022 00:00,1
5,07-06-2022 20:00,1
15,04-07-2022 00:00,0
20,28-07-2022 09:00,2
16,06-07-2022 00:00,0
17,13-08-2022 21:00,0
17,31-10-2022 03:00,0
17,02-06-2022 20:00,0
24,09-08-2022 01:00,2
5,16-07-2022 09:00,1
14,18-08-2022 08:00,0
6,30-05-2022 09:00,1
4,19-07-2022 16:00,1
1,01-06-2022 16:00,1
21,05-11-2022 20:00,2
5,01-08-2022 17:00,1
21,23-06-2022 02:00,2
17,20-06-2022 09:00,0
5,28-10-2022 10:00,1
3,19-08-2022 09:00,1
24,06-07-2022 23:00,2
28,20-08-2022 10:00,2
15,18-08-2022 15:00,0
2,11-09-2022 10:00,1
7,25-06-2022 18:00,1
20,14-08-2022 22:00,2
10,08-06-2022 21:00,0
8,17-09-2022 22:00,1
11,30-06-2022 06:00,0
13,22-06-2022 20:00,0
8,31-07-2022 11:00,1
14,18-06-2022 09:00,0
14,16-08-2022 11:00,0
15,17-06-2022 15:00,0
1,15-06-2022 13:00,1
13,01-08-2022 16:00,0
9,02-08-2022 20:00,1
10,19-12-2023 04:00,0
12,02-06-2022 13:00,0
5,11-06-2022 02:00,1
13,07-06-2022 11:00,0
2,07-06-2022 14:00,1
4,26-05-2022 14:00,1
13,09-06-2022 04:00,0
8,24-06-2022 06:00,1
9,02-09-2023 04:00,1
18,17-08-2022 13:00,0
7,07-06-2022 00:00,1
10,25-10-2023 19:00,0
1,14-09-2022 18:00,1
13,09-07-2022 15:00,0
18,14-07-2022 08:00,0
24,10-07-2022 01:00,2
4,14-06-2022 14:00,1
5,17-07-2022 09:00,1
4,23-08-2022 08:00,1
28,19-08-2022 08:00,2
25,17-07-2022 14:00,2
5,29-10-2022 12:00,1
17,17-08-2022 04:00,0
17,08-06-2022 06:00,0
21,08-08-2022 15:00,2
14,26-08-2022 03:00,0
8,08-06-2022 04:00,1
5,02-06-2022 10:00,1
4,06-07-2022 18:00,1
10,20-10-2022 21:00,0
17,10-08-2022 08:00,0
8,26-09-2022 18:00,1
3,12-06-2022 09:00,1
2,17-07-2022 14:00,1
4,16-07-2022 22:00,1
1,25-08-2022 14:00,1
4,23-07-2022 21:00,1
13,28-10-2022 17:00,0
5,09-08-2022 22:00,1
8,20-08-2022 16:00,1
10,27-06-2022 14:00,0
14,12-06-2022 11:00,0
10,05-07-2022 22:00,0
1,09-08-2022 16:00,1
5,09-06-2022 04:00,1
17,23-08-2022 16:00,0
12,16-06-2022 17:00,0
4,24-09-2022 20:00,1
17,29-04-2024 21:00,0
4,02-08-2022 08:00,1
28,01-06-2022 03:00,2
2,09-06-2022 22:00,1
20,22-07-2022 13:00,2
0,24-08-2022 03:00,1
17,28-07-2022 11:00,0
1,16-06-2022 20:00,1
14,14-06-2022 05:00,0
23,07-03-2023 18:00,2
24,09-08-2022 05:00,2
5,19-06-2022 14:00,1
5,05-07-2022 18:00,1
14,08-06-2022 09:00,0
17,23-07-2022 09:00,0
21,02-09-2022 18:00,2
19,16-08-2022 13:00,2
28,28-06-2022 11:00,2
3,10-08-2022 18:00,1
5,20-06-2022 17:00,1
17,10-07-2022 17:00,0
1,05-06-2022 20:00,1
2,20-06-2022 10:00,1
20,26-07-2022 19:00,2
24,30-09-2022 03:00,2
17,08-06-2022 19:00,0
4,07-08-2022 00:00,1
5,25-08-2022 07:00,1
14,26-06-2022 08:00,0
5,26-08-2022 00:00,1
17,23-06-2022 00:00,0
13,13-08-2022 07:00,0
4,09-08-2022 09:00,1
13,20-06-2022 00:00,0
8,17-06-2022 15:00,1
25,08-02-2023 08:00,2
18,09-07-2022 14:00,0
12,21-08-2022 16:00,0
7,12-06-2022 16:00,1
2,04-07-2022 19:00,1
10,17-08-2022 16:00,0
12,16-06-2022 22:00,0
8,18-08-2022 16:00,1
8,08-08-2022 13:00,1
12,18-08-2022 07:00,0
15,26-07-2022 00:00,0
17,06-07-2022 17:00,0
2,25-06-2022 05:00,1
21,23-07-2022 06:00,2
8,21-06-2022 21:00,1
5,07-06-2022 09:00,1
1,26-06-2022 09:00,1
8,28-08-2022 05:00,1
13,03-08-2022 05:00,0
5,20-08-2022 02:00,1
4,05-08-2022 22:00,1
23,28-08-2022 22:00,2
26,05-07-2022 09:00,2
13,25-07-2022 21:00,0
4,11-08-2022 11:00,1
5,16-06-2022 23:00,1
8,12-07-2022 10:00,1
7,28-06-2022 19:00,1
4,11-07-2022 06:00,1
17,22-08-2022 20:00,0
2,02-07-2022 23:00,1
13,02-08-2022 21:00,0
5,09-07-2022 21:00,1
5,20-08-2022 02:00,1
9,19-05-2023 00:00,1
14,15-08-2022 23:00,0
17,13-08-2022 13:00,0
13,09-07-2022 02:00,0
8,21-07-2022 02:00,1
17,16-08-2022 11:00,0
5,14-07-2022 22:00,1
21,13-08-2022 08:00,2
18,30-06-2022 05:00,0
20,27-08-2022 00:00,2
24,19-06-2022 18:00,2
6,29-06-2022 08:00,1
8,31-07-2022 03:00,1
13,07-08-2022 18:00,0
17,30-06-2022 13:00,0
17,11-11-2023 14:00,0
17,22-06-2022 13:00,0
5,01-07-2022 22:00,1
25,08-03-2024 23:00,2
7,08-08-2022 12:00,1
13,12-08-2022 13:00,0
2,15-06-2022 20:00,1
17,01-07-2022 15:00,0
6,04-07-2022 01:00,1
5,24-08-2022 03:00,1
10,07-08-2022 08:00,0
8,07-07-2022 19:00,1
18,23-07-2022 13:00,0
2,05-11-2022 20:00,1
21,06-07-2022 21:00,2
0,03-07-2022 13:00,1
21,19-07-2022 19:00,2
18,24-07-2022 00:00,0
21,16-07-2022 14:00,2
17,10-08-2022 19:00,0
17,13-07-2022 01:00,0
16,10-06-2022 14:00,0
17,20-06-2022 01:00,0
13,20-06-2022 03:00,0
21,29-07-2022 03:00,2
21,10-07-2022 07:00,2
4,24-01-2024 13:00,1
17,02-07-2022 00:00,0
21,27-08-2022 17:00,2
4,13-08-2022 09:00,1
24,12-11-2022 21:00,2
21,27-07-2022 11:00,2
8,28-06-2022 18:00,1
8,29-06-2022 13:00,1
8,04-12-2022 21:00,1
0,11-05-2023 18:00,1
1,17-07-2022 18:00,1
5,10-07-2022 23:00,1
2,19-06-2022 02:00,1
24,17-07-2022 21:00,2
17,08-11-2022 11:00,0
14,30-08-2022 02:00,0
17,10-07-2022 22:00,0
8,06-05-2023 15:00,1
2,25-07-2022 16:00,1
16,09-08-2022 19:00,0
2,31-07-2022 22:00,1
13,24-08-2022 14:00,0
17,26-06-2022 02:00,0
24,01-09-2022 15:00,2
3,11-06-2022 04:00,1
11,10-08-2022 21:00,0
1,29-06-2022 13:00,1
16,28-06-2022 19:00,0
17,23-08-2022 02:00,0
4,18-07-2022 00:00,1
14,22-10-2022 04:00,0
5,18-08-2022 12:00,1
1,29-08-2022 06:00,1
5,06-07-2023 06:00,1
17,03-12-2022 01:00,0
17,12-08-2022 06:00,0
8,17-08-2022 19:00,1
10,02-08-2022 15:00,0
5,29-06-2022 16:00,1
0,03-08-2022 18:00,1
13,10-08-2022 19:00,0
21,22-08-2022 00:00,2
17,13-11-2022 09:00,0
5,23-06-2022 10:00,1
12,30-06-2022 05:00,0
21,02-07-2022 18:00,2
27,11-07-2022 20:00,2
5,01-03-2024 04:00,1
17,30-08-2022 23:00,0
10,01-07-2022 01:00,0
21,14-07-2022 07:00,2
24,03-07-2022 23:00,2
4,14-07-2022 02:00,1
2,08-07-2022 07:00,1
26,21-06-2022 05:00,2
4,01-07-2022 01:00,1
4,01-08-2022 20:00,1
25,15-07-2022 23:00,2
6,09-08-2022 14:00,1
16,10-07-2022 10:00,0
2,04-12-2022 09:00,1
17,23-08-2022 05:00,0
13,09-07-2022 05:00,0
4,15-07-2022 23:00,1
1,29-06-2022 20:00,1
5,20-07-2022 06:00,1
17,04-07-2022 10:00,0
17,03-07-2022 00:00,0
21,06-07-2022 10:00,2
18,20-07-2022 21:00,0
5,16-07-2022 09:00,1
5,31-07-2022 07:00,1
17,21-06-2022 11:00,0
5,15-08-2022 08:00,1
13,25-06-2022 23:00,0
5,05-07-2022 00:00,1
17,02-07-2022 02:00,0
2,13-08-2022 20:00,1
1,17-08-2022 22:00,1
19,08-07-2022 17:00,2
5,09-07-2022 00:00,1
4,25-06-2022 02:00,1
21,25-07-2022 02:00,2
12,09-09-2022 03:00,0
15,08-09-2022 20:00,0
1,24-07-2022 21:00,1
25,07-09-2022 23:00,2
0,11-12-2023 01:00,1
15,09-09-2022 20:00,0
2,15-08-2022 02:00,1
2,30-06-2022 12:00,1
25,27-10-2022 19:00,2
25,26-06-2022 17:00,2
8,23-06-2022 19:00,1
8,02-07-2022 11:00,1
17,28-08-2022 20:00,0
13,16-07-2022 09:00,0
20,19-06-2022 14:00,2
24,29-06-2022 12:00,2
17,15-09-2022 01:00,0
1,30-06-2022 21:00,1
1,29-10-2022 03:00,1
4,03-09-2022 05:00,1
14,30-06-2022 19:00,0
11,12-04-2024 10:00,0
2,03-08-2022 21:00,1
5,11-07-2022 21:00,1
14,11-09-2022 17:00,0
5,29-09-2022 23:00,1
24,03-07-2022 05:00,2
1,02-09-2022 12:00,1
8,11-07-2022 21:00,1
17,29-06-2022 17:00,0
10,10-07-2022 09:00,0
17,26-06-2022 09:00,0
12,13-07-2022 01:00,0
8,27-07-2022 13:00,1
5,27-07-2022 21:00,1
2,14-07-2022 00:00,1
5,25-08-2022 08:00,1
19,08-12-2022 23:00,2
17,13-07-2022 05:00,0
10,26-08-2022 19:00,0
2,15-07-2022 20:00,1
4,30-08-2022 18:00,1
14,14-09-2022 23:00,0
5,13-08-2022 00:00,1
14,04-08-2022 17:00,0
2,02-07-2022 08:00,1
4,31-07-2022 09:00,1
12,21-07-2022 17:00,0
8,14-09-2023 05:00,1
8,12-07-2022 05:00,1
14,12-07-2022 03:00,0
14,11-01-2023 09:00,0
4,08-08-2022 14:00,1
10,20-08-2022 00:00,0
13,26-07-2023 06:00,0
5,10-09-2022 12:00,1
12,27-06-2022 14:00,0
5,13-08-2022 14:00,1
5,18-08-2022 01:00,1
1,14-08-2022 23:00,1
26,14-09-2022 01:00,2
7,24-08-2022 16:00,1
10,02-09-2022 16:00,0
2,17-07-2022 07:00,1
3,22-07-2022 13:00,1
5,19-07-2022 21:00,1
8,01-07-2022 17:00,1
4,28-07-2022 05:00,1
14,30-07-2022 00:00,0
21,06-07-2022 06:00,2
5,09-07-2022 18:00,1
25,04-07-2022 23:00,2
13,11-09-2022 05:00,0
14,06-08-2022 15:00,0
6,30-09-2022 22:00,1
21,04-07-2022 11:00,2
4,01-07-2022 23:00,1
15,08-08-2022 22:00,0
28,01-07-2022 01:00,2
0,09-08-2022 23:00,1
17,18-09-2022 10:00,0
9,23-07-2022 21:00,1
17,28-05-2023 21:00,0
28,19-09-2022 23:00,2
17,16-07-2022 14:00,0
10,01-09-2022 21:00,0
18,28-07-2022 09:00,0
20,31-08-2022 13:00,2
8,22-09-2022 06:00,1
4,30-07-2022 23:00,1
23,01-07-2022 06:00,2
14,08-07-2022 22:00,0
11,17-07-2022 23:00,0
17,24-08-2022 00:00,0
8,24-05-2023 08:00,1
5,12-07-2022 13:00,1
1,29-08-2022 10:00,1
1,23-08-2022 17:00,1
5,26-10-2022 11:00,1
12,02-09-2022 02:00,0
14,29-07-2022 04:00,0
8,21-07-2022 08:00,1
5,02-09-2022 19:00,1
16,31-08-2022 22:00,0
9,01-08-2022 14:00,1
17,08-09-2022 11:00,0
7,19-09-2022 23:00,1
1,30-06-2022 07:00,1
2,06-09-2022 09:00,1
28,19-07-2022 20:00,2
21,15-08-2022 06:00,2
21,25-09-2022 07:00,2
2,31-08-2022 21:00,1
17,10-07-2022 21:00,0
21,23-08-2022 00:00,2
9,07-08-2022 11:00,1
10,27-08-2023 09:00,0
8,22-09-2022 23:00,1
21,16-07-2022 20:00,2
5,15-07-2022 19:00,1
10,07-09-2022 03:00,0
21,02-09-2022 06:00,2
21,05-08-2022 12:00,2
8,18-07-2022 07:00,1
21,28-07-2022 09:00,2
5,15-09-2022 15:00,1
6,31-08-2022 01:00,1
5,12-07-2022 04:00,1
21,10-09-2022 11:00,2
5,21-08-2022 01:00,1
12,07-07-2022 13:00,0
4,16-07-2022 11:00,1
17,18-06-2023 00:00,0
1,16-12-2022 11:00,1
5,16-09-2022 15:00,1
13,25-11-2022 11:00,0
20,25-08-2022 03:00,2
15,13-09-2022 02:00,0
5,24-08-2022 00:00,1
1,13-09-2022 03:00,1
4,14-04-2024 02:00,1
13,25-08-2022 22:00,0
5,07-09-2022 05:00,1
12,17-09-2022 05:00,0
1,19-09-2022 19:00,1
21,31-07-2022 17:00,2
8,26-08-2022 02:00,1
3,06-06-2024 00:00,1
4,23-07-2022 04:00,1
15,31-08-2023 23:00,0
13,22-07-2022 08:00,0
14,23-08-2022 05:00,0
0,31-07-2022 05:00,1
2,05-07-2022 18:00,1
18,13-07-2022 01:00,0
21,03-09-2022 12:00,2
13,17-07-2023 10:00,0
5,04-08-2022 01:00,1
8,14-08-2022 05:00,1
12,16-12-2023 19:00,0
4,27-07-2022 05:00,1
17,08-08-2022 16:00,0
4,14-07-2022 21:00,1
5,17-08-2022 05:00,1
23,15-09-2022 15:00,2
8,22-08-2022 02:00,1
5,26-12-2022 17:00,1
2,12-07-2022 07:00,1
13,10-01-2023 18:00,0
2,05-08-2022 14:00,1
5,22-07-2022 12:00,1
1,07-12-2022 12:00,1
9,02-08-2022 00:00,1
4,19-07-2022 10:00,1
25,28-07-2022 15:00,2
10,10-08-2022 09:00,0
18,22-07-2022 16:00,0
13,25-08-2022 14:00,0
14,15-07-2023 00:00,0
12,21-12-2022 06:00,0
2,22-07-2022 21:00,1
0,09-07-2022 05:00,1
26,27-09-2022 08:00,2
21,09-07-2022 12:00,2
17,18-11-2022 16:00,0
10,23-08-2022 12:00,0
4,11-09-2022 06:00,1
17,04-06-2023 21:00,0
12,21-07-2022 04:00,0
15,05-10-2022 13:00,0
5,01-12-2022 14:00,1
2,21-11-2022 03:00,1
8,27-07-2022 02:00,1
21,12-09-2022 23:00,2
13,15-01-2023 01:00,0
2,06-09-2022 04:00,1
2,27-08-2022 11:00,1
17,23-08-2022 00:00,0
5,20-08-2022 12:00,1
17,16-09-2022 01:00,0
4,07-10-2023 04:00,1
21,27-01-2024 17:00,2
24,08-08-2022 10:00,2
4,13-07-2022 01:00,1
8,30-07-2022 06:00,1
8,16-09-2022 19:00,1
9,27-12-2022 23:00,1
1,04-08-2022 12:00,1
12,15-07-2022 18:00,0
4,13-08-2022 01:00,1
3,22-09-2022 17:00,1
17,31-07-2022 18:00,0
2,07-08-2022 07:00,1
18,17-07-2022 08:00,0
2,20-08-2022 17:00,1
10,06-08-2022 22:00,0
4,29-09-2022 00:00,1
13,13-04-2023 01:00,0
9,22-08-2022 00:00,1
13,02-08-2022 14:00,0
5,21-09-2022 11:00,1
25,03-08-2022 22:00,2
1,25-10-2022 12:00,1
2,23-07-2022 07:00,1
5,26-09-2022 04:00,1
17,21-08-2022 08:00,0
4,19-09-2022 10:00,1
2,03-08-2022 06:00,1
17,13-08-2022 04:00,0
0,14-07-2022 16:00,1
2,08-08-2022 22:00,1
5,11-07-2022 00:00,1
17,16-07-2022 03:00,0
18,18-09-2022 01:00,0
13,13-08-2022 12:00,0
12,15-07-2022 04:00,0
24,16-08-2022 02:00,2
24,23-09-2022 05:00,2
5,04-10-2022 04:00,1
8,06-09-2022 08:00,1
12,11-06-2023 17:00,0
8,01-09-2022 01:00,1
17,21-07-2022 07:00,0
27,25-08-2022 22:00,2
21,30-07-2022 03:00,2
8,01-09-2022 10:00,1
17,07-08-2022 18:00,0
10,29-09-2022 22:00,0
21,11-08-2022 15:00,2
4,01-08-2022 15:00,1
3,08-08-2022 23:00,1
17,24-07-2022 02:00,0
24,28-09-2022 09:00,2
5,06-10-2022 20:00,1
17,17-09-2022 05:00,0
5,06-10-2022 13:00,1
5,28-09-2022 18:00,1
12,26-12-2022 08:00,0
9,04-10-2022 17:00,1
13,08-09-2022 06:00,0
11,23-07-2022 00:00,0
8,02-09-2022 04:00,1
10,08-08-2022 02:00,0
18,05-08-2022 11:00,0
4,29-12-2022 21:00,1
18,20-09-2022 18:00,0
7,05-10-2022 20:00,1
6,01-08-2022 00:00,1
5,27-09-2022 01:00,1
7,03-10-2022 13:00,1
5,15-09-2022 18:00,1
28,26-09-2022 05:00,2
13,15-07-2022 15:00,0
18,23-07-2022 03:00,0
2,30-09-2022 18:00,1
13,18-11-2022 16:00,0
8,23-09-2022 23:00,1
10,28-07-2022 13:00,0
5,10-08-2022 19:00,1
1,28-09-2022 21:00,1
20,12-08-2022 03:00,2
18,22-07-2022 06:00,0
9,01-09-2022 08:00,1
2,23-07-2022 16:00,1
5,24-09-2022 06:00,1
14,18-09-2022 02:00,0
8,31-08-2022 18:00,1
4,19-12-2022 01:00,1
2,22-07-2022 14:00,1
12,23-07-2022 11:00,0
4,31-07-2022 12:00,1
12,19-09-2022 13:00,0
17,01-11-2022 07:00,0
2,05-08-2022 02:00,1
23,26-09-2022 12:00,2
13,04-10-2022 07:00,0
12,11-10-2023 11:00,0
14,02-08-2022 14:00,0
5,09-10-2022 23:00,1
17,21-09-2022 03:00,0
8,11-09-2022 09:00,1
2,30-05-2024 22:00,1
7,21-07-2022 19:00,1
13,23-07-2022 21:00,0
4,08-12-2023 08:00,1
2,05-08-2022 03:00,1
17,29-09-2022 13:00,0
1,29-08-2022 21:00,1
18,11-09-2022 14:00,0
9,27-07-2022 15:00,1
8,01-11-2023 14:00,1
17,23-09-2022 22:00,0
5,13-09-2022 18:00,1
21,10-06-2024 16:00,2
2,07-08-2022 17:00,1
5,23-09-2022 21:00,1
5,22-01-2023 08:00,1
13,02-08-2022 11:00,0
7,03-10-2022 17:00,1
0,30-07-2022 17:00,1
2,08-10-2022 23:00,1
2,15-09-2022 18:00,1
7,31-07-2022 11:00,1
21,17-08-2022 13:00,2
5,12-09-2022 13:00,1
5,11-09-2023 09:00,1
10,06-09-2022 20:00,0
23,11-09-2022 14:00,2
14,19-08-2022 14:00,0
17,03-03-2024 15:00,0
17,09-08-2022 10:00,0
4,11-09-2022 15:00,1
8,27-08-2022 05:00,1
12,22-08-2022 17:00,0
14,17-09-2022 19:00,0
17,14-03-2023 23:00,0
1,15-12-2022 12:00,1
5,09-08-2022 16:00,1
11,21-09-2022 13:00,0
24,24-08-2022 00:00,2
18,14-09-2022 23:00,0
5,26-08-2022 18:00,1
17,05-01-2023 01:00,0
5,09-09-2022 08:00,1
25,18-09-2022 16:00,2
2,01-11-2023 01:00,1
4,03-09-2022 10:00,1
13,11-01-2023 10:00,0
0,28-08-2022 13:00,1
28,20-08-2022 11:00,2
17,08-08-2022 11:00,0
5,21-08-2022 17:00,1
8,26-07-2022 16:00,1
5,11-09-2022 23:00,1
13,16-08-2022 22:00,0
27,15-08-2022 02:00,2
17,03-08-2022 13:00,0
14,28-09-2022 21:00,0
5,19-09-2022 16:00,1
13,04-08-2022 20:00,0
8,30-09-2022 22:00,1
18,01-08-2022 10:00,0
17,08-08-2022 14:00,0
2,20-09-2022 19:00,1
24,13-08-2022 20:00,2
4,15-10-2022 16:00,1
9,02-09-2022 21:00,1
17,29-12-2022 07:00,0
23,06-10-2022 05:00,2
17,13-08-2022 02:00,0
5,06-08-2022 09:00,1
17,09-08-2022 20:00,0
17,26-09-2022 22:00,0
26,13-10-2022 15:00,2
4,16-09-2022 09:00,1
5,12-09-2022 14:00,1
2,09-10-2022 03:00,1
13,28-08-2022 09:00,0
13,30-07-2022 23:00,0
1,07-08-2022 17:00,1
17,08-09-2022 12:00,0
12,30-08-2022 15:00,0
5,03-08-2022 01:00,1
18,03-10-2022 09:00,0
18,31-08-2022 02:00,0
5,29-07-2022 16:00,1
2,07-04-2023 00:00,1
2,19-08-2022 17:00,1
24,12-08-2022 05:00,2
16,04-07-2024 00:00,0
25,07-08-2022 16:00,2
13,02-08-2022 20:00,0
8,19-11-2023 16:00,1
17,27-11-2023 15:00,0
14,18-10-2022 18:00,0
5,22-09-2022 08:00,1
13,21-09-2022 20:00,0
4,17-08-2022 21:00,1
20,23-08-2022 11:00,2
3,08-09-2022 09:00,1
2,09-09-2022 15:00,1
12,16-08-2022 12:00,0
4,07-08-2022 02:00,1
17,03-08-2022 02:00,0
8,15-10-2022 00:00,1
4,07-10-2022 14:00,1
13,10-08-2022 23:00,0
13,19-08-2022 04:00,0
12,09-09-2022 13:00,0
21,13-09-2022 00:00,2
4,05-09-2022 08:00,1
7,04-08-2022 07:00,1
14,01-09-2022 13:00,0
0,25-08-2022 22:00,1
8,06-06-2024 05:00,1
24,26-09-2022 12:00,2
10,20-10-2022 16:00,0
5,09-08-2022 12:00,1
2,13-09-2022 06:00,1
3,02-10-2022 17:00,1
2,08-10-2022 03:00,1
10,02-09-2022 21:00,0
10,16-10-2022 12:00,0
14,08-09-2022 06:00,0
4,12-09-2022 01:00,1
15,09-09-2022 16:00,0
1,04-07-2023 14:00,1
5,16-08-2022 02:00,1
21,28-11-2022 17:00,2
12,08-08-2022 10:00,0
2,25-09-2022 06:00,1
21,06-08-2022 13:00,2
15,22-08-2022 17:00,0
17,18-11-2022 01:00,0
5,29-04-2024 05:00,1
14,21-05-2024 16:00,0
7,07-10-2022 08:00,1
18,23-10-2022 03:00,0
25,17-02-2023 07:00,2
14,21-09-2022 14:00,0
2,24-10-2022 16:00,1
5,27-10-2022 06:00,1
5,17-10-2022 13:00,1
10,10-10-2022 10:00,0
8,10-11-2022 02:00,1
21,17-08-2022 11:00,2
17,15-04-2024 10:00,0
17,19-09-2022 23:00,0
13,05-01-2023 02:00,0
20,08-08-2022 16:00,2
2,09-01-2023 08:00,1
5,18-08-2022 05:00,1
13,28-10-2022 07:00,0
19,31-08-2022 19:00,2
13,05-09-2023 20:00,0
17,17-10-2022 11:00,0
14,11-10-2022 00:00,0
24,21-02-2023 11:00,2
4,18-10-2022 07:00,1
21,31-08-2022 01:00,2
5,24-09-2022 03:00,1
5,21-09-2022 19:00,1
5,22-10-2022 19:00,1
7,10-10-2022 00:00,1
13,05-08-2022 08:00,0
2,24-11-2022 07:00,1
15,23-01-2023 04:00,0
2,12-08-2022 22:00,1
2,17-10-2022 04:00,1
12,17-09-2022 00:00,0
7,20-10-2022 12:00,1
3,07-08-2022 03:00,1
10,26-05-2024 00:00,0
16,08-10-2023 02:00,0
24,15-08-2022 20:00,2
5,26-10-2022 15:00,1
21,11-10-2022 10:00,2
5,03-09-2022 01:00,1
5,13-03-2023 20:00,1
18,18-10-2022 04:00,0
17,28-10-2022 09:00,0
8,25-08-2022 08:00,1
21,02-10-2022 03:00,2
13,22-09-2022 01:00,0
17,16-09-2022 04:00,0
10,03-09-2022 04:00,0
24,27-08-2022 04:00,2
15,21-08-2022 16:00,0
5,06-09-2022 12:00,1
8,01-09-2022 12:00,1
5,25-09-2022 05:00,1
13,03-10-2022 21:00,0
17,14-09-2022 16:00,0
1,20-10-2022 20:00,1
25,27-08-2022 18:00,2
17,13-08-2022 23:00,0
1,21-08-2022 14:00,1
15,13-09-2022 09:00,0
5,17-10-2022 12:00,1
4,07-09-2022 17:00,1
24,10-09-2022 00:00,2
5,18-08-2022 14:00,1
14,28-09-2022 17:00,0
5,17-08-2023 08:00,1
17,22-06-2024 18:00,0
17,14-10-2022 06:00,0
21,31-08-2022 03:00,2
0,14-08-2022 12:00,1
4,10-09-2022 15:00,1
4,24-09-2022 19:00,1
2,19-09-2022 03:00,1
5,30-08-2022 21:00,1
9,09-10-2022 05:00,1
3,04-09-2022 10:00,1
17,11-01-2023 23:00,0
13,13-10-2022 13:00,0
14,12-08-2022 00:00,0
4,26-10-2022 11:00,1
18,15-09-2022 13:00,0
17,24-08-2022 01:00,0
21,25-10-2022 13:00,2
17,15-10-2022 03:00,0
8,20-08-2022 09:00,1
10,23-09-2022 14:00,0
12,23-08-2022 22:00,0
5,24-04-2024 11:00,1
21,12-08-2022 02:00,2
21,03-11-2022 04:00,2
13,13-04-2024 04:00,0
5,28-04-2023 11:00,1
14,15-10-2022 23:00,0
22,27-09-2022 11:00,2
19,02-11-2022 08:00,2
2,24-02-2024 05:00,1
1,17-10-2022 14:00,1
1,31-08-2022 20:00,1
2,25-10-2022 07:00,1
5,14-10-2022 09:00,1
13,20-09-2022 20:00,0
5,08-09-2022 03:00,1
5,14-10-2022 02:00,1
8,13-04-2024 00:00,1
22,17-08-2022 22:00,2
4,15-08-2022 15:00,1
17,01-10-2022 00:00,0
12,06-07-2024 08:00,0
5,29-11-2022 08:00,1
3,16-09-2022 07:00,1
1,23-09-2022 23:00,1
9,15-10-2022 06:00,1
25,19-09-2022 08:00,2
2,23-04-2024 20:00,1
5,20-09-2022 23:00,1
13,28-08-2022 09:00,0
17,29-09-2022 22:00,0
25,22-09-2022 09:00,2
21,17-09-2022 05:00,2
10,13-09-2022 14:00,0
17,22-08-2022 15:00,0
6,27-09-2022 22:00,1
28,02-09-2022 11:00,2
12,24-10-2022 21:00,0
19,29-10-2022 09:00,2
25,19-10-2022 11:00,2
23,27-08-2022 14:00,2
13,26-08-2022 05:00,0
19,24-10-2022 04:00,2
17,23-06-2023 16:00,0
8,15-09-2022 00:00,1
23,05-10-2022 20:00,2
13,04-10-2022 12:00,0
19,30-10-2022 14:00,2
5,28-08-2022 04:00,1
21,20-08-2022 21:00,2
19,08-10-2022 09:00,2
14,28-08-2022 03:00,0
10,08-10-2022 00:00,0
26,08-09-2022 10:00,2
10,25-10-2022 02:00,0
20,08-11-2022 12:00,2
9,16-08-2022 19:00,1
2,12-08-2022 22:00,1
17,04-11-2022 06:00,0
2,10-10-2022 08:00,1
18,13-08-2022 00:00,0
13,07-09-2022 20:00,0
0,21-06-2023 04:00,1
13,14-08-2022 00:00,0
4,28-09-2022 22:00,1
25,09-11-2022 15:00,2
21,10-10-2022 07:00,2
5,27-09-2022 08:00,1
18,10-09-2022 13:00,0
8,15-09-2022 16:00,1
4,29-07-2023 09:00,1
17,29-09-2022 07:00,0
17,10-10-2022 02:00,0
4,24-09-2022 06:00,1
8,14-05-2024 01:00,1
5,19-10-2022 18:00,1
9,18-09-2022 16:00,1
7,02-09-2022 10:00,1
5,06-09-2022 23:00,1
2,17-10-2022 11:00,1
8,27-08-2022 23:00,1
17,07-11-2022 18:00,0
2,02-10-2022 10:00,1
5,25-09-2022 03:00,1
22,17-11-2023 18:00,2
4,21-08-2022 08:00,1
8,24-08-2023 23:00,1
28,10-05-2023 01:00,2
0,20-09-2022 18:00,1
2,02-10-2022 16:00,1
5,15-10-2022 13:00,1
19,16-08-2022 23:00,2
18,21-10-2022 15:00,0
5,18-09-2022 23:00,1
16,21-09-2022 03:00,0
4,24-10-2022 14:00,1
17,14-08-2023 11:00,0
15,27-10-2022 01:00,0
2,19-09-2022 13:00,1
8,11-10-2022 09:00,1
4,31-08-2022 07:00,1
2,01-05-2024 21:00,1
12,31-10-2022 00:00,0
10,01-11-2022 10:00,0
5,07-05-2023 01:00,1
27,05-11-2022 02:00,2
10,17-09-2022 19:00,0
12,23-09-2022 14:00,0
2,04-09-2022 20:00,1
17,23-08-2022 12:00,0
5,04-01-2023 16:00,1
8,26-11-2023 17:00,1
14,04-10-2022 16:00,0
13,04-01-2023 22:00,0
2,05-09-2022 13:00,1
14,10-10-2022 15:00,0
5,23-08-2022 06:00,1
2,28-09-2022 07:00,1
18,08-10-2022 19:00,0
8,18-10-2022 21:00,1
5,05-09-2022 04:00,1
17,10-09-2022 16:00,0
14,21-10-2022 06:00,0
5,27-03-2024 07:00,1
4,01-09-2022 13:00,1
15,12-07-2024 14:00,0
17,11-09-2022 21:00,0
4,26-10-2022 05:00,1
24,12-09-2022 16:00,2
17,03-11-2022 18:00,0
1,25-09-2022 19:00,1
15,22-08-2022 02:00,0
13,09-10-2022 16:00,0
2,10-09-2022 20:00,1
21,12-11-2022 15:00,2
3,11-09-2022 06:00,1
17,23-08-2022 15:00,0
2,06-10-2022 19:00,1
14,21-10-2022 22:00,0
1,09-09-2022 05:00,1
8,25-10-2022 10:00,1
5,06-09-2022 10:00,1
3,13-02-2023 17:00,1
17,12-09-2022 23:00,0
4,24-09-2022 08:00,1
18,17-10-2022 08:00,0
7,08-10-2022 04:00,1
18,06-10-2022 00:00,0
21,29-08-2022 21:00,2
8,25-10-2022 21:00,1
24,15-11-2022 05:00,2
5,20-10-2022 20:00,1
17,08-07-2024 13:00,0
10,07-11-2022 16:00,0
14,04-03-2023 02:00,0
5,02-10-2022 12:00,1
17,02-10-2022 15:00,0
25,27-09-2022 16:00,2
20,02-09-2022 11:00,2
5,18-09-2022 22:00,1
0,07-10-2022 19:00,1
4,20-08-2024 17:00,1
6,26-10-2022 05:00,1
2,20-10-2022 01:00,1
16,07-11-2022 23:00,0
5,06-10-2022 12:00,1
4,11-11-2022 00:00,1
13,15-10-2022 19:00,0
17,09-10-2022 15:00,0
13,15-10-2022 16:00,0
9,18-02-2023 10:00,1
8,13-11-2022 08:00,1
14,30-08-2022 17:00,0
5,30-08-2022 22:00,1
2,27-08-2022 08:00,1
9,06-09-2022 13:00,1
2,15-10-2022 01:00,1
4,20-10-2022 16:00,1
12,01-11-2022 11:00,0
10,31-07-2024 11:00,0
4,18-09-2022 07:00,1
2,04-11-2022 00:00,1
2,16-10-2022 10:00,1
13,20-12-2022 04:00,0
25,15-02-2024 14:00,2
13,14-09-2022 03:00,0
11,20-09-2022 18:00,0
13,18-11-2022 02:00,0
17,22-10-2022 14:00,0
8,01-10-2022 05:00,1
2,08-11-2022 12:00,1
5,28-09-2022 02:00,1
8,22-11-2022 15:00,1
20,21-11-2022 20:00,2
7,15-03-2024 23:00,1
1,16-10-2022 17:00,1
8,16-11-2022 18:00,1
13,25-09-2022 18:00,0
2,13-02-2023 03:00,1
5,24-09-2022 00:00,1
5,25-12-2023 23:00,1
13,23-09-2022 19:00,0
4,12-11-2022 13:00,1
1,12-11-2022 08:00,1
28,06-11-2022 07:00,2
15,30-09-2023 04:00,0
3,22-10-2022 17:00,1
2,25-11-2022 08:00,1
17,06-10-2022 20:00,0
5,29-05-2023 06:00,1
4,11-11-2022 23:00,1
2,14-09-2022 05:00,1
2,11-10-2022 15:00,1
12,22-10-2022 09:00,0
5,29-09-2022 13:00,1
5,27-09-2022 07:00,1
8,16-09-2022 20:00,1
4,12-11-2022 13:00,1
2,26-10-2022 12:00,1
17,21-09-2022 09:00,0
1,15-10-2022 06:00,1
2,03-09-2022 07:00,1
17,25-09-2022 15:00,0
23,25-10-2022 06:00,2
5,01-11-2022 03:00,1
15,13-09-2022 01:00,0
25,03-10-2022 22:00,2
21,21-10-2022 17:00,2
2,17-11-2022 02:00,1
8,03-02-2023 09:00,1
9,16-11-2022 15:00,1
2,27-11-2022 15:00,1
10,16-09-2022 23:00,0
28,10-11-2022 16:00,2
5,03-02-2023 14:00,1
26,28-04-2024 08:00,2
5,25-10-2022 07:00,1
11,18-11-2022 12:00,0
5,10-08-2024 12:00,1
21,17-11-2022 06:00,2
28,19-09-2022 04:00,2
8,10-09-2022 19:00,1
20,25-03-2023 14:00,2
8,30-09-2022 12:00,1
1,13-09-2022 08:00,1
17,27-09-2022 19:00,0
10,28-09-2022 11:00,0
0,11-09-2022 14:00,1
13,22-11-2022 00:00,0
2,18-12-2023 07:00,1
28,18-10-2022 21:00,2
9,30-10-2022 20:00,1
21,12-09-2022 18:00,2
6,31-10-2022 22:00,1
15,21-07-2024 08:00,0
5,16-07-2023 17:00,1
18,02-10-2022 13:00,0
5,14-09-2022 04:00,1
19,15-08-2024 11:00,2
17,21-11-2022 21:00,0
13,22-10-2022 20:00,0
2,03-06-2023 20:00,1
5,10-09-2022 03:00,1
1,14-09-2022 03:00,1
5,04-11-2022 02:00,1
13,01-10-2022 01:00,0
7,25-10-2022 21:00,1
6,04-11-2022 09:00,1
11,22-09-2022 03:00,0
17,07-11-2022 09:00,0
5,21-09-2022 04:00,1
7,16-02-2023 21:00,1
5,02-11-2022 14:00,1
17,15-10-2022 06:00,0
4,28-11-2022 18:00,1
21,21-10-2022 00:00,2
21,11-09-2022 04:00,2
21,15-10-2022 04:00,2
1,19-11-2022 00:00,1
5,03-11-2022 09:00,1
12,18-11-2022 02:00,0
2,14-10-2022 13:00,1
14,26-10-2022 17:00,0
5,16-09-2022 12:00,1
0,21-11-2022 11:00,1
4,02-11-2022 17:00,1
10,23-10-2022 18:00,0
2,28-09-2022 08:00,1
3,01-10-2022 20:00,1
8,14-09-2022 20:00,1
2,14-11-2022 11:00,1
21,05-10-2022 12:00,2
8,23-12-2023 19:00,1
14,24-11-2022 23:00,0
17,12-01-2023 17:00,0
24,08-10-2022 09:00,2
7,16-11-2022 14:00,1
27,17-10-2022 09:00,2
5,17-10-2022 18:00,1
13,09-10-2022 09:00,0
21,03-11-2022 15:00,2
2,03-08-2024 14:00,1
4,24-01-2023 18:00,1
12,27-11-2022 07:00,0
13,24-09-2022 06:00,0
17,03-01-2024 11:00,0
5,17-11-2022 12:00,1
8,10-06-2024 03:00,1
5,21-04-2024 00:00,1
17,08-10-2022 14:00,0
14,05-10-2022 04:00,0
9,03-12-2022 21:00,1
5,14-10-2022 17:00,1
24,18-09-2022 23:00,2
24,23-09-2022 07:00,2
17,03-11-2022 02:00,0
25,10-11-2022 16:00,2
18,08-07-2024 02:00,0
5,28-11-2022 05:00,1
17,18-11-2022 00:00,0
25,19-11-2022 02:00,2
14,30-12-2022 21:00,0
5,24-01-2023 16:00,1
5,14-09-2022 16:00,1
2,21-11-2022 23:00,1
17,26-11-2022 22:00,0
17,01-06-2023 23:00,0
8,09-10-2022 04:00,1
21,18-09-2022 04:00,2
17,03-10-2022 02:00,0
5,05-02-2023 20:00,1
17,30-09-2022 16:00,0
24,03-10-2022 21:00,2
16,03-12-2022 19:00,0
1,04-11-2022 15:00,1
17,26-09-2022 08:00,0
25,01-10-2022 13:00,2
8,07-12-2022 23:00,1
14,16-07-2023 21:00,0
6,09-10-2022 13:00,1
5,19-10-2022 04:00,1
25,14-02-2023 09:00,2
15,03-11-2022 08:00,0
1,11-09-2022 14:00,1
8,29-10-2022 22:00,1
14,16-09-2022 20:00,0
1,05-10-2022 22:00,1
21,20-09-2022 06:00,2
5,13-10-2023 00:00,1
7,25-09-2022 11:00,1
8,26-11-2022 02:00,1
17,01-11-2022 13:00,0
3,03-10-2022 16:00,1
5,13-10-2022 13:00,1
2,06-10-2022 11:00,1
14,02-10-2022 10:00,0
2,25-07-2024 12:00,1
0,25-11-2022 17:00,1
1,24-09-2022 10:00,1
10,13-10-2022 13:00,0
13,11-11-2022 18:00,0
5,14-09-2022 05:00,1
25,13-10-2022 20:00,2
20,10-10-2022 22:00,2
8,06-02-2023 20:00,1
13,01-11-2022 21:00,0
19,27-10-2022 10:00,2
14,10-10-2023 18:00,0
24,10-10-2022 01:00,2
13,29-09-2022 05:00,0
13,28-10-2022 18:00,0
4,21-09-2022 17:00,1
16,20-11-2022 08:00,0
14,14-02-2023 04:00,0
5,20-10-2022 02:00,1
1,29-09-2022 16:00,1
21,09-02-2023 15:00,2
5,18-12-2022 03:00,1
8,28-09-2023 15:00,1
21,09-12-2022 01:00,2
18,27-10-2022 12:00,0
26,19-09-2022 14:00,2
12,25-09-2022 16:00,0
8,14-11-2022 07:00,1
21,11-10-2022 21:00,2
13,09-10-2022 16:00,0
11,23-09-2022 22:00,0
7,22-11-2022 16:00,1
15,20-11-2022 23:00,0
14,22-09-2022 05:00,0
17,09-11-2022 03:00,0
17,25-09-2022 15:00,0
17,24-11-2022 09:00,0
2,26-10-2022 06:00,1
27,09-11-2022 00:00,2
5,11-11-2022 23:00,1
4,27-11-2022 17:00,1
12,11-12-2022 05:00,0
9,18-11-2022 08:00,1
10,29-09-2022 07:00,0
13,25-09-2022 05:00,0
17,04-11-2022 07:00,0
17,10-11-2022 09:00,0
5,04-12-2022 10:00,1
1,17-11-2022 16:00,1
12,02-11-2022 15:00,0
17,23-10-2022 12:00,0
5,22-09-2022 07:00,1
5,09-12-2022 12:00,1
2,26-11-2022 16:00,1
17,25-11-2022 10:00,0
6,04-11-2022 01:00,1
1,20-09-2022 04:00,1
14,19-11-2022 07:00,0
12,30-11-2022 21:00,0
1,04-10-2022 14:00,1
17,25-11-2022 16:00,0
25,19-07-2023 20:00,2
21,30-09-2022 11:00,2
2,18-10-2022 06:00,1
17,29-11-2022 16:00,0
13,28-09-2022 08:00,0
21,18-11-2022 09:00,2
1,14-12-2022 07:00,1
17,02-10-2022 22:00,0
27,18-10-2022 12:00,2
13,05-10-2022 07:00,0
10,22-10-2022 05:00,0
12,02-11-2022 17:00,0
8,23-09-2023 15:00,1
24,28-11-2022 15:00,2
17,28-09-2022 12:00,0
17,07-12-2022 02:00,0
1,24-03-2024 18:00,1
17,07-11-2022 06:00,0
2,18-10-2022 16:00,1
1,25-10-2022 00:00,1
10,04-12-2022 03:00,0
13,14-11-2022 08:00,0
25,23-11-2022 02:00,2
2,17-10-2022 22:00,1
17,19-10-2022 16:00,0
25,20-12-2022 13:00,2
17,04-11-2022 20:00,0
18,28-10-2022 00:00,0
13,21-10-2022 03:00,0
8,13-12-2022 14:00,1
8,15-12-2022 04:00,1
5,15-12-2022 09:00,1
6,27-09-2022 02:00,1
21,11-03-2023 19:00,2
21,05-11-2022 12:00,2
5,02-10-2022 04:00,1
1,13-11-2022 18:00,1
9,16-11-2022 18:00,1
27,13-10-2022 08:00,2
17,12-10-2022 18:00,0
19,27-09-2022 02:00,2
17,28-11-2022 12:00,0
17,29-11-2022 22:00,0
12,21-09-2022 15:00,0
10,23-11-2022 07:00,0
10,08-12-2022 14:00,0
2,03-10-2022 09:00,1
12,04-11-2022 07:00,0
2,06-12-2022 08:00,1
4,29-11-2022 11:00,1
20,08-12-2022 22:00,2
0,22-10-2022 01:00,1
1,08-10-2022 19:00,1
24,06-10-2022 23:00,2
26,17-11-2022 13:00,2
21,02-12-2022 11:00,2
16,08-11-2022 21:00,0
8,15-10-2022 23:00,1
4,24-06-2024 13:00,1
24,19-11-2022 11:00,2
5,24-11-2022 19:00,1
8,13-12-2022 09:00,1
14,28-11-2022 15:00,0
8,18-11-2022 16:00,1
17,19-11-2022 04:00,0
1,01-12-2022 07:00,1
18,24-11-2022 07:00,0
15,12-11-2022 18:00,0
4,27-10-2022 05:00,1
3,16-02-2024 12:00,1
8,23-10-2022 14:00,1
5,12-10-2022 21:00,1
4,22-02-2023 17:00,1
5,29-11-2022 12:00,1
22,18-12-2022 05:00,2
13,11-10-2022 13:00,0
13,15-12-2022 18:00,0
8,21-10-2022 21:00,1
2,28-10-2022 12:00,1
17,22-11-2022 09:00,0
26,27-12-2022 23:00,2
21,19-03-2023 11:00,2
12,07-11-2022 19:00,0
4,03-10-2022 02:00,1
21,04-12-2022 15:00,2
28,31-01-2023 20:00,2
17,22-11-2022 02:00,0
1,06-12-2022 03:00,1
2,13-12-2022 20:00,1
21,22-12-2022 19:00,2
15,17-11-2022 20:00,0
1,22-11-2022 15:00,1
15,29-07-2023 05:00,0
0,08-07-2024 23:00,1
4,19-11-2022 18:00,1
5,03-10-2022 13:00,1
13,10-10-2022 19:00,0
2,14-12-2022 01:00,1
27,13-11-2022 07:00,2
25,03-10-2022 13:00,2
8,24-11-2022 17:00,1
13,11-10-2022 12:00,0
5,25-05-2024 22:00,1
19,13-11-2022 04:00,2
17,13-09-2023 07:00,0
2,29-10-2022 13:00,1
17,14-03-2024 21:00,0
24,14-10-2022 18:00,2
5,17-11-2022 09:00,1
14,17-10-2022 06:00,0
10,22-11-2022 11:00,0
5,29-11-2022 14:00,1
14,27-11-2022 13:00,0
4,10-10-2022 20:00,1
4,23-11-2022 22:00,1
7,19-10-2022 18:00,1
2,10-12-2022 07:00,1
24,09-04-2023 15:00,2
1,15-10-2022 03:00,1
15,07-11-2022 07:00,0
17,20-10-2022 17:00,0
5,15-11-2022 06:00,1
17,31-10-2022 16:00,0
17,15-11-2022 17:00,0
5,11-10-2022 02:00,1
0,25-10-2022 01:00,1
4,11-10-2022 13:00,1
1,08-12-2022 14:00,1
17,24-10-2022 20:00,0
23,25-10-2022 20:00,2
5,15-10-2022 21:00,1
12,29-10-2022 09:00,0
21,05-11-2022 12:00,2
2,11-11-2022 15:00,1
8,06-04-2024 18:00,1
3,30-11-2022 20:00,1
17,17-12-2022 16:00,0
0,13-12-2022 20:00,1
2,11-10-2022 18:00,1
12,12-07-2023 04:00,0
2,24-12-2022 14:00,1
1,24-10-2022 14:00,1
18,07-12-2023 04:00,0
14,29-10-2022 21:00,0
4,08-10-2022 02:00,1
18,27-11-2022 15:00,0
2,17-12-2022 12:00,1
8,21-10-2022 01:00,1
5,22-12-2022 23:00,1
24,23-11-2022 01:00,2
5,14-10-2022 21:00,1
17,19-10-2022 11:00,0
2,07-12-2022 05:00,1
0,08-10-2022 10:00,1
17,25-10-2022 21:00,0
13,22-12-2022 08:00,0
4,16-11-2022 18:00,1
10,01-12-2022 08:00,0
17,08-11-2022 07:00,0
0,19-12-2022 06:00,1
23,16-03-2023 11:00,2
17,22-10-2022 16:00,0
2,26-10-2022 07:00,1
5,16-05-2024 13:00,1
25,28-10-2022 13:00,2
24,23-12-2022 00:00,2
4,14-12-2022 16:00,1
14,31-08-2024 20:00,0
2,04-05-2024 21:00,1
17,21-11-2022 02:00,0
11,29-10-2022 21:00,0
25,29-11-2022 11:00,2
8,03-11-2022 03:00,1
7,27-10-2022 10:00,1
5,16-06-2023 01:00,1
17,01-11-2022 10:00,0
2,13-07-2024 02:00,1
9,31-10-2022 19:00,1
9,13-10-2022 10:00,1
13,16-12-2022 05:00,0
21,10-11-2022 09:00,2
8,15-10-2022 09:00,1
24,01-01-2023 05:00,2
17,20-11-2022 14:00,0
2,01-11-2022 06:00,1
18,08-10-2022 21:00,0
2,18-10-2022 19:00,1
17,08-11-2022 01:00,0
20,13-10-2022 16:00,2
9,22-12-2022 17:00,1
6,20-11-2022 04:00,1
2,08-08-2023 14:00,1
4,06-11-2022 20:00,1
17,10-12-2022 00:00,0
5,16-11-2022 02:00,1
10,19-12-2022 16:00,0
21,15-10-2022 04:00,2
11,14-10-2022 19:00,0
1,07-10-2022 08:00,1
4,16-12-2022 15:00,1
8,27-10-2022 17:00,1
21,05-11-2022 18:00,2
10,03-12-2022 15:00,0
5,22-12-2022 18:00,1
5,23-12-2022 23:00,1
25,09-11-2022 18:00,2
8,29-10-2022 10:00,1
8,20-12-2022 02:00,1
1,28-10-2022 04:00,1
8,14-10-2022 21:00,1
8,30-10-2022 00:00,1
24,02-01-2023 10:00,2
15,29-12-2022 12:00,0
5,03-11-2022 16:00,1
25,30-10-2022 23:00,2
21,24-11-2022 15:00,2
5,28-10-2022 22:00,1
13,08-11-2022 11:00,0
0,15-10-2022 23:00,1
19,09-10-2022 05:00,2
5,16-12-2022 00:00,1
13,14-12-2022 14:00,0
8,19-10-2022 02:00,1
6,16-11-2022 02:00,1
21,30-03-2024 00:00,2
5,28-12-2022 07:00,1
12,01-12-2022 21:00,0
4,04-11-2022 07:00,1
5,31-10-2022 08:00,1
15,21-10-2022 07:00,0
9,15-10-2022 03:00,1
4,31-10-2022 04:00,1
17,22-10-2022 16:00,0
8,01-02-2023 12:00,1
17,06-12-2022 22:00,0
1,18-02-2023 23:00,1
5,15-01-2023 15:00,1
0,02-11-2022 10:00,1
11,17-12-2022 00:00,0
8,28-11-2022 18:00,1
17,19-03-2023 02:00,0
17,05-12-2022 08:00,0
2,12-03-2024 08:00,1
4,29-11-2022 16:00,1
12,12-12-2022 01:00,0
14,19-10-2022 07:00,0
10,26-10-2022 00:00,0
21,13-12-2022 13:00,2
21,08-11-2022 04:00,2
12,13-10-2022 16:00,0
8,09-11-2022 09:00,1
8,19-02-2023 19:00,1
4,06-01-2023 20:00,1
17,19-12-2022 15:00,0
8,29-12-2022 20:00,1
4,28-04-2024 23:00,1
14,11-11-2022 20:00,0
17,04-11-2022 02:00,0
5,02-01-2023 01:00,1
2,30-11-2022 11:00,1
7,19-11-2022 09:00,1
10,28-12-2022 05:00,0
8,22-01-2023 12:00,1
18,03-11-2022 18:00,0
8,15-11-2022 10:00,1
5,21-12-2022 09:00,1
5,27-10-2022 14:00,1
12,11-12-2022 08:00,0
17,30-10-2022 21:00,0
18,19-12-2022 18:00,0
24,04-04-2023 18:00,2
5,12-11-2022 12:00,1
0,01-11-2022 17:00,1
5,26-12-2022 22:00,1
18,20-11-2022 08:00,0
1,17-11-2022 06:00,1
5,30-11-2022 07:00,1
17,22-10-2022 05:00,0
17,24-10-2022 12:00,0
2,29-12-2022 06:00,1
1,18-09-2024 15:00,1
5,16-10-2022 07:00,1
13,01-12-2022 06:00,0
8,26-10-2022 01:00,1
15,14-11-2022 03:00,0
4,19-11-2022 04:00,1
7,11-11-2022 15:00,1
9,10-11-2022 11:00,1
5,15-12-2022 01:00,1
4,05-01-2023 20:00,1
17,25-03-2023 19:00,0
4,27-01-2023 05:00,1
17,28-05-2024 04:00,0
5,04-12-2022 05:00,1
18,02-01-2023 01:00,0
2,25-10-2022 15:00,1
8,05-11-2022 20:00,1
17,06-01-2023 18:00,0
5,12-11-2022 10:00,1
13,23-10-2022 06:00,0
7,20-10-2022 15:00,1
5,11-01-2023 19:00,1
23,12-01-2023 01:00,2
23,26-12-2022 13:00,2
17,29-11-2022 05:00,0
4,06-11-2022 02:00,1
8,04-12-2022 07:00,1
18,26-11-2022 21:00,0
15,02-01-2023 18:00,0
5,29-10-2022 01:00,1
13,25-11-2022 07:00,0
2,01-01-2023 08:00,1
15,06-03-2023 17:00,0
1,04-12-2022 18:00,1
17,03-06-2023 02:00,0
14,01-11-2022 13:00,0
19,30-11-2022 08:00,2
17,26-11-2022 13:00,0
2,09-01-2023 15:00,1
8,03-12-2022 01:00,1
8,16-12-2023 10:00,1
4,08-11-2022 14:00,1
13,09-01-2023 15:00,0
17,14-11-2022 22:00,0
5,13-12-2022 01:00,1
8,12-01-2023 16:00,1
2,02-06-2023 07:00,1
13,07-01-2023 03:00,0
12,06-12-2022 22:00,0
5,09-12-2022 14:00,1
5,11-01-2023 05:00,1
21,06-01-2023 17:00,2
10,10-01-2023 10:00,0
4,30-12-2022 12:00,1
25,08-04-2023 22:00,2
10,03-11-2022 07:00,0
10,12-12-2022 08:00,0
4,19-12-2022 09:00,1
17,31-12-2022 20:00,0
2,28-11-2022 06:00,1
17,12-12-2022 23:00,0
20,05-11-2022 23:00,2
4,14-12-2022 20:00,1
6,22-12-2022 21:00,1
10,11-01-2023 16:00,0
17,06-12-2022 01:00,0
12,29-10-2022 19:00,0
2,30-11-2022 17:00,1
13,10-12-2022 18:00,0
3,20-11-2022 21:00,1
10,24-10-2022 22:00,0
17,05-11-2022 09:00,0
27,09-02-2024 01:00,2
21,10-04-2023 08:00,2
5,09-01-2023 17:00,1
8,31-12-2022 12:00,1
20,04-11-2022 05:00,2
2,23-11-2022 10:00,1
9,26-10-2022 11:00,1
12,08-02-2024 19:00,0
13,07-01-2023 02:00,0
6,30-11-2022 07:00,1
5,05-11-2022 19:00,1
7,31-12-2022 06:00,1
17,18-11-2022 00:00,0
10,27-11-2022 19:00,0
17,15-11-2022 06:00,0
9,10-01-2023 12:00,1
17,28-12-2022 02:00,0
1,25-10-2022 23:00,1
5,29-12-2022 23:00,1
21,10-12-2022 03:00,2
0,22-01-2023 02:00,1
8,30-10-2022 10:00,1
24,16-12-2022 03:00,2
2,15-01-2023 08:00,1
28,15-01-2023 21:00,2
7,14-01-2023 22:00,1
4,12-11-2023 06:00,1
12,09-11-2022 11:00,0
5,30-01-2023 06:00,1
27,05-11-2022 07:00,2
4,07-11-2022 17:00,1
1,24-12-2022 20:00,1
1,27-12-2022 14:00,1
15,10-01-2023 06:00,0
12,17-11-2022 06:00,0
10,03-01-2023 08:00,0
25,11-12-2022 17:00,2
18,07-11-2022 16:00,0
21,12-11-2022 15:00,2
17,08-01-2023 11:00,0
17,17-11-2022 00:00,0
10,21-11-2022 18:00,0
1,06-08-2023 07:00,1
17,25-10-2022 18:00,0
18,08-01-2023 22:00,0
8,10-11-2022 17:00,1
28,31-10-2022 05:00,2
21,21-11-2022 22:00,2
12,11-12-2022 13:00,0
24,13-11-2022 09:00,2
10,20-11-2022 11:00,0
8,25-12-2022 19:00,1
12,17-12-2022 07:00,0
2,01-02-2023 21:00,1
2,06-04-2023 15:00,1
12,06-11-2022 15:00,0
25,25-10-2022 05:00,2
16,02-01-2023 05:00,0
2,03-10-2024 11:00,1
22,16-01-2023 14:00,2
5,09-11-2022 12:00,1
4,09-04-2024 09:00,1
25,28-12-2022 04:00,2
12,13-11-2022 19:00,0
14,25-12-2022 09:00,0
13,08-08-2024 14:00,0
12,07-11-2022 13:00,0
11,13-11-2022 01:00,0
8,19-11-2022 18:00,1
14,12-01-2023 08:00,0
7,04-01-2023 02:00,1
2,07-01-2023 03:00,1
18,02-12-2022 01:00,0
1,10-01-2023 14:00,1
16,31-03-2023 00:00,0
5,18-01-2023 09:00,1
8,16-12-2022 01:00,1
17,09-11-2022 22:00,0
1,22-11-2022 08:00,1
5,10-11-2022 14:00,1
13,06-11-2022 08:00,0
14,10-01-2023 16:00,0
1,09-11-2022 14:00,1
13,16-01-2023 16:00,0
2,09-12-2022 02:00,1
26,26-11-2022 16:00,2
7,07-11-2022 03:00,1
17,14-11-2022 04:00,0
14,12-11-2022 01:00,0
27,11-01-2023 00:00,2
17,15-01-2023 09:00,0
4,08-11-2022 11:00,1
4,22-04-2023 04:00,1
28,12-01-2023 02:00,2
5,09-06-2024 03:00,1
13,15-06-2024 09:00,0
24,03-12-2022 23:00,2
7,28-11-2022 05:00,1
23,09-11-2022 09:00,2
2,15-01-2023 10:00,1
17,18-12-2022 07:00,0
1,04-01-2023 11:00,1
15,26-12-2022 10:00,0
17,05-01-2023 06:00,0
17,28-12-2022 07:00,0
1,27-01-2023 08:00,1
2,25-01-2023 20:00,1
21,05-01-2023 17:00,2
21,15-01-2023 00:00,2
1,14-11-2022 00:00,1
13,18-12-2022 09:00,0
17,17-12-2022 13:00,0
17,08-12-2022 02:00,0
2,21-11-2022 08:00,1
2,03-01-2023 09:00,1
15,24-12-2022 01:00,0
13,21-12-2022 02:00,0
17,06-02-2023 05:00,0
8,23-11-2022 16:00,1
17,30-05-2023 06:00,0
17,07-11-2023 03:00,0
13,18-06-2023 17:00,0
9,08-12-2022 03:00,1
14,27-11-2022 15:00,0
20,08-03-2023 05:00,2
14,22-01-2023 00:00,0
1,10-12-2022 11:00,1
17,14-01-2023 04:00,0
8,18-11-2022 16:00,1
8,05-01-2023 00:00,1
21,03-01-2023 18:00,2
21,14-01-2023 13:00,2
24,20-11-2022 01:00,2
5,24-12-2022 02:00,1
5,24-02-2023 08:00,1
8,10-11-2022 16:00,1
8,24-11-2022 19:00,1
2,12-11-2023 04:00,1
12,20-11-2022 09:00,0
23,30-06-2023 04:00,2
13,13-11-2022 06:00,0
17,09-11-2022 10:00,0
24,20-01-2023 21:00,2
4,29-01-2023 11:00,1
3,09-11-2022 16:00,1
2,23-11-2022 08:00,1
2,23-11-2022 13:00,1
17,18-11-2022 11:00,0
8,30-11-2022 02:00,1
5,01-12-2022 12:00,1
8,15-01-2023 07:00,1
28,14-12-2022 09:00,2
17,21-11-2022 07:00,0
19,20-11-2023 07:00,2
15,07-01-2023 19:00,0
1,28-04-2023 15:00,1
14,21-11-2022 03:00,0
9,31-01-2023 19:00,1
5,08-02-2024 11:00,1
16,23-12-2022 18:00,0
5,16-12-2022 04:00,1
8,19-11-2022 14:00,1
2,16-12-2022 15:00,1
5,31-01-2023 20:00,1
25,01-01-2023 09:00,2
5,18-11-2022 06:00,1
18,10-01-2023 09:00,0
2,19-12-2022 04:00,1
27,26-01-2023 06:00,2
8,19-12-2022 01:00,1
12,25-01-2023 14:00,0
4,07-10-2023 14:00,1
14,07-01-2023 14:00,0
18,06-01-2023 04:00,0
15,16-12-2022 05:00,0
17,14-12-2022 00:00,0
21,31-01-2023 14:00,2
14,22-11-2022 20:00,0
5,17-01-2023 01:00,1
4,24-12-2022 18:00,1
14,06-01-2023 12:00,0
5,01-02-2023 19:00,1
11,23-11-2022 07:00,0
0,20-12-2022 18:00,1
2,29-12-2022 02:00,1
21,14-01-2023 16:00,2
2,29-01-2023 20:00,1
2,11-12-2022 16:00,1
4,03-12-2022 16:00,1
20,31-12-2022 04:00,2
2,28-01-2023 06:00,1
10,03-12-2022 16:00,0
4,01-04-2023 22:00,1
13,15-12-2022 07:00,0
24,21-12-2022 17:00,2
2,07-12-2022 03:00,1
13,10-11-2022 17:00,0
2,31-01-2023 04:00,1
5,11-12-2022 21:00,1
17,07-02-2023 05:00,0
2,25-03-2023 23:00,1
5,07-01-2023 05:00,1
9,22-12-2022 01:00,1
5,15-01-2023 09:00,1
26,23-11-2022 00:00,2
8,01-12-2022 13:00,1
15,27-01-2023 08:00,0
5,06-01-2023 16:00,1
1,17-06-2024 18:00,1
17,03-02-2023 13:00,0
21,05-05-2023 17:00,2
5,23-12-2022 07:00,1
8,31-01-2023 16:00,1
4,11-01-2023 10:00,1
4,08-12-2022 05:00,1
4,22-11-2022 19:00,1
8,14-12-2022 18:00,1
17,19-01-2023 17:00,0
13,28-11-2022 17:00,0
4,01-01-2023 10:00,1
15,08-12-2022 10:00,0
21,14-12-2022 23:00,2
8,27-12-2022 15:00,1
2,16-01-2023 10:00,1
4,06-01-2023 13:00,1
14,12-01-2023 01:00,0
17,19-11-2022 01:00,0
6,23-11-2022 14:00,1
21,21-11-2022 17:00,2
20,18-01-2023 19:00,2
19,16-12-2022 00:00,2
24,19-09-2023 21:00,2
22,21-11-2022 20:00,2
2,08-01-2023 00:00,1
15,11-01-2023 21:00,0
12,16-01-2023 11:00,0
4,02-11-2024 16:00,1
3,03-12-2022 12:00,1
4,31-03-2024 11:00,1
5,01-12-2022 22:00,1
2,13-01-2023 12:00,1
4,20-01-2023 14:00,1
5,23-01-2023 09:00,1
4,20-12-2022 08:00,1
8,08-12-2022 22:00,1
8,02-01-2023 08:00,1
27,18-11-2023 08:00,2
8,25-11-2022 10:00,1
8,30-12-2022 10:00,1
5,26-12-2022 23:00,1
5,26-11-2022 21:00,1
18,02-02-2023 00:00,0
15,04-05-2023 03:00,0
2,27-01-2023 20:00,1
17,07-02-2023 17:00,0
16,04-05-2024 12:00,0
4,18-01-2023 06:00,1
1,08-02-2024 09:00,1
5,31-01-2023 22:00,1
24,09-04-2023 23:00,2
24,01-12-2022 03:00,2
10,28-11-2022 03:00,0
21,28-11-2022 13:00,2
20,23-12-2022 23:00,2
2,02-12-2022 11:00,1
17,21-11-2022 15:00,0
2,11-02-2023 12:00,1
13,29-11-2022 09:00,0
1,28-01-2023 14:00,1
17,03-02-2023 08:00,0
2,10-10-2024 17:00,1
5,04-03-2023 11:00,1
28,28-11-2022 22:00,2
8,26-04-2023 00:00,1
28,09-12-2022 20:00,2
27,04-02-2023 20:00,2
13,07-12-2022 20:00,0
13,13-09-2024 12:00,0
17,27-12-2022 15:00,0
3,18-01-2023 14:00,1
5,05-01-2023 03:00,1
8,05-01-2023 11:00,1
3,20-12-2023 15:00,1
18,15-05-2023 12:00,0
8,21-01-2023 00:00,1
8,03-12-2022 13:00,1
7,18-12-2022 06:00,1
2,09-12-2022 13:00,1
17,14-01-2023 04:00,0
14,29-01-2023 02:00,0
17,25-01-2023 18:00,0
12,30-11-2022 19:00,0
12,18-12-2022 19:00,0
4,02-12-2022 05:00,1
5,26-11-2022 05:00,1
17,16-03-2023 04:00,0
13,25-01-2023 10:00,0
20,11-02-2023 10:00,2
2,14-01-2023 19:00,1
18,05-04-2024 21:00,0
15,25-12-2022 11:00,0
2,14-12-2022 07:00,1
3,11-12-2022 22:00,1
4,05-12-2022 21:00,1
7,08-01-2023 08:00,1
15,24-04-2023 19:00,0
11,23-11-2022 16:00,0
5,09-03-2024 00:00,1
2,31-01-2023 08:00,1
7,22-12-2022 04:00,1
4,17-12-2022 19:00,1
21,12-01-2023 19:00,2
7,02-01-2023 17:00,1
5,01-02-2023 16:00,1
2,01-12-2022 02:00,1
2,29-01-2023 17:00,1
20,20-01-2023 20:00,2
17,05-01-2023 03:00,0
8,28-11-2022 20:00,1
14,06-02-2023 21:00,0
4,09-02-2023 08:00,1
1,13-02-2023 11:00,1
5,21-12-2022 15:00,1
4,02-12-2022 05:00,1
10,05-02-2023 11:00,0
5,01-02-2023 14:00,1
4,19-01-2023 11:00,1
19,22-01-2023 16:00,2
2,09-12-2022 09:00,1
2,26-12-2022 02:00,1
14,03-12-2022 22:00,0
16,12-12-2022 16:00,0
20,20-08-2023 13:00,2
13,09-05-2023 19:00,0
18,04-04-2023 19:00,0
15,15-01-2023 17:00,0
22,27-01-2023 07:00,2
4,04-02-2023 05:00,1
10,16-05-2023 03:00,0
17,17-01-2023 22:00,0
19,07-01-2023 09:00,2
28,12-02-2023 03:00,2
20,30-11-2022 21:00,2
2,03-01-2023 03:00,1
5,26-12-2022 06:00,1
9,23-12-2022 06:00,1
9,28-01-2023 18:00,1
10,23-11-2023 07:00,0
5,10-09-2024 02:00,1
14,20-01-2023 21:00,0
5,17-02-2023 07:00,1
1,08-01-2023 05:00,1
21,14-06-2024 21:00,2
22,07-02-2023 13:00,2
10,18-02-2023 22:00,0
5,14-01-2023 08:00,1
23,09-04-2023 14:00,2
23,25-12-2022 00:00,2
14,27-12-2022 11:00,0
1,18-12-2022 06:00,1
13,21-03-2023 10:00,0
16,11-02-2023 06:00,0
2,07-12-2022 06:00,1
25,12-01-2023 19:00,2
4,15-01-2023 18:00,1
8,21-04-2023 22:00,1
15,31-01-2023 22:00,0
15,04-01-2023 03:00,0
8,31-12-2022 05:00,1
18,18-12-2022 18:00,0
4,07-12-2022 10:00,1
16,24-12-2022 21:00,0
5,18-12-2022 22:00,1
13,27-12-2022 14:00,0
17,08-01-2023 23:00,0
8,24-12-2022 03:00,1
19,03-01-2023 02:00,2
4,20-01-2023 18:00,1
4,30-01-2023 19:00,1
5,02-08-2023 02:00,1
22,20-01-2024 22:00,2
2,27-01-2023 02:00,1
21,20-04-2023 21:00,2
12,25-12-2022 09:00,0
10,11-12-2022 05:00,0
20,02-08-2023 08:00,2
12,22-12-2022 17:00,0
14,23-12-2022 17:00,0
4,08-01-2023 23:00,1
12,22-12-2022 04:00,0
17,03-04-2024 10:00,0
15,09-12-2022 13:00,0
2,08-12-2022 23:00,1
4,17-01-2023 17:00,1
27,07-12-2022 02:00,2
12,04-02-2023 16:00,0
5,19-12-2022 03:00,1
8,10-04-2023 17:00,1
17,17-06-2023 18:00,0
8,13-11-2024 02:00,1
15,08-06-2023 07:00,0
24,01-01-2023 05:00,2
24,04-02-2023 15:00,2
18,29-01-2023 04:00,0
2,05-01-2023 12:00,1
24,13-02-2023 21:00,2
21,24-01-2023 14:00,2
2,28-02-2023 22:00,1
13,26-12-2022 15:00,0
11,24-12-2022 08:00,0
4,19-12-2022 17:00,1
10,29-12-2022 05:00,0
13,22-02-2023 09:00,0
25,01-01-2023 19:00,2
21,14-01-2023 04:00,2
2,27-02-2023 11:00,1
2,01-11-2023 11:00,1
8,15-01-2023 08:00,1
3,13-02-2023 06:00,1
2,25-02-2023 00:00,1
17,22-01-2023 02:00,0
17,25-12-2022 18:00,0
9,08-07-2024 07:00,1
8,31-01-2023 01:00,1
5,28-12-2022 13:00,1
18,23-01-2023 23:00,0
14,13-12-2022 02:00,0
23,22-12-2022 09:00,2
21,02-02-2024 12:00,2
19,17-02-2023 02:00,2
3,02-01-2023 11:00,1
2,25-07-2023 02:00,1
9,27-12-2022 03:00,1
13,08-02-2023 22:00,0
10,02-02-2023 08:00,0
17,18-04-2023 21:00,0
17,03-03-2023 10:00,0
5,26-12-2022 19:00,1
21,27-01-2023 10:00,2
5,13-02-2023 19:00,1
5,05-07-2023 05:00,1
7,28-12-2023 17:00,1
13,16-01-2023 19:00,0
13,31-12-2022 12:00,0
17,02-02-2023 12:00,0
18,20-03-2024 21:00,0
5,02-01-2023 12:00,1
12,13-12-2022 10:00,0
24,16-01-2023 10:00,2
18,02-06-2023 16:00,0
8,19-12-2022 01:00,1
10,16-12-2022 19:00,0
1,17-12-2022 00:00,1
5,24-01-2023 09:00,1
3,27-12-2022 08:00,1
12,23-02-2023 17:00,0
15,15-12-2022 01:00,0
5,12-01-2023 12:00,1
10,22-12-2022 19:00,0
17,11-01-2023 13:00,0
13,09-02-2023 18:00,0
14,10-12-2022 08:00,0
2,18-12-2022 12:00,1
1,19-12-2022 15:00,1
4,07-05-2023 08:00,1
3,12-12-2022 23:00,1
2,06-01-2023 22:00,1
2,17-12-2022 11:00,1
15,15-02-2023 23:00,0
14,07-02-2023 23:00,0
0,20-12-2022 03:00,1
17,28-12-2022 14:00,0
4,01-02-2023 22:00,1
24,21-04-2023 08:00,2
17,15-12-2022 22:00,0
12,21-01-2023 21:00,0
2,25-01-2023 12:00,1
4,12-02-2023 17:00,1
19,29-12-2022 12:00,2
28,30-01-2023 07:00,2
5,21-02-2023 10:00,1
17,20-12-2022 05:00,0
28,23-02-2023 09:00,2
15,14-11-2024 19:00,0
5,05-05-2023 23:00,1
1,12-01-2023 22:00,1
8,13-01-2023 14:00,1
17,21-03-2024 04:00,0
9,07-02-2023 09:00,1
17,23-01-2023 15:00,0
4,14-02-2023 07:00,1
15,07-01-2023 05:00,0
4,27-12-2022 17:00,1
17,01-01-2023 14:00,0
27,17-01-2023 00:00,2
21,25-02-2023 07:00,2
5,30-12-2022 06:00,1
5,15-02-2023 07:00,1
9,09-03-2023 03:00,1
13,28-12-2022 02:00,0
8,27-01-2023 22:00,1
2,14-02-2023 11:00,1
21,23-02-2023 00:00,2
5,23-09-2024 21:00,1
8,17-02-2023 17:00,1
2,01-02-2023 19:00,1
4,01-03-2023 18:00,1
4,30-04-2023 14:00,1
12,23-02-2023 13:00,0
13,20-02-2023 12:00,0
12,23-01-2023 21:00,0
14,24-01-2023 12:00,0
5,21-03-2024 20:00,1
12,25-01-2023 05:00,0
13,30-04-2023 08:00,0
0,09-01-2023 20:00,1
24,08-01-2023 01:00,2
10,18-12-2022 13:00,0
5,15-02-2023 04:00,1
17,16-01-2023 12:00,0
28,12-02-2023 19:00,2
2,09-03-2023 05:00,1
17,13-03-2023 07:00,0
25,08-03-2023 06:00,2
2,12-02-2023 21:00,1
11,21-02-2023 18:00,0
2,07-06-2023 18:00,1
15,30-12-2022 00:00,0
7,06-01-2023 22:00,1
1,22-01-2023 20:00,1
8,06-04-2023 08:00,1
4,13-02-2023 08:00,1
4,27-02-2023 19:00,1
5,07-08-2024 23:00,1
14,28-02-2023 09:00,0
17,12-01-2023 03:00,0
8,17-06-2024 11:00,1
28,28-12-2022 10:00,2
17,19-02-2023 04:00,0
1,17-10-2023 14:00,1
21,18-02-2023 23:00,2
28,08-02-2023 15:00,2
2,03-02-2023 11:00,1
14,09-01-2023 22:00,0
4,15-01-2024 02:00,1
5,06-03-2023 20:00,1
13,30-01-2023 13:00,0
9,10-03-2023 12:00,1
8,19-01-2023 16:00,1
4,03-03-2023 06:00,1
5,06-06-2024 13:00,1
5,27-02-2023 10:00,1
8,06-02-2023 13:00,1
7,25-01-2023 01:00,1
5,08-01-2023 17:00,1
20,06-12-2023 03:00,2
11,31-12-2022 11:00,0
8,25-01-2023 00:00,1
14,07-06-2023 04:00,0
17,25-12-2022 02:00,0
2,16-01-2023 02:00,1
5,30-05-2023 05:00,1
13,18-01-2023 05:00,0
5,20-02-2023 11:00,1
5,17-01-2023 15:00,1
21,18-02-2023 03:00,2
4,29-12-2022 17:00,1
0,02-01-2023 00:00,1
2,15-01-2023 12:00,1
19,14-01-2024 02:00,2
5,12-03-2023 23:00,1
17,01-03-2023 08:00,0
14,02-01-2023 21:00,0
21,25-12-2022 18:00,2
2,24-01-2023 18:00,1
17,22-01-2023 13:00,0
17,22-12-2022 17:00,0
2,16-02-2023 20:00,1
5,28-12-2022 22:00,1
11,20-12-2022 06:00,0
28,31-01-2023 03:00,2
21,14-03-2023 22:00,2
4,12-03-2023 05:00,1
18,23-01-2023 12:00,0
17,24-01-2023 11:00,0
17,28-12-2022 20:00,0
19,17-03-2023 09:00,2
5,21-01-2023 08:00,1
24,04-01-2023 23:00,2
21,30-01-2023 15:00,2
0,28-11-2023 09:00,1
26,13-03-2023 14:00,2
17,19-03-2023 09:00,0
5,26-02-2023 06:00,1
25,09-10-2024 04:00,2
2,05-02-2023 04:00,1
7,09-02-2023 20:00,1
23,21-02-2023 09:00,2
18,25-01-2023 03:00,0
13,03-03-2023 09:00,0
15,14-02-2023 19:00,0
22,17-04-2023 17:00,2
2,10-12-2024 20:00,1
1,28-12-2022 21:00,1
2,28-12-2022 02:00,1
8,21-03-2023 02:00,1
2,16-01-2023 02:00,1
8,24-01-2023 17:00,1
0,20-02-2023 11:00,1
1,08-01-2023 10:00,1
5,21-01-2023 21:00,1
26,09-02-2023 20:00,2
8,06-01-2023 20:00,1
5,10-03-2023 11:00,1
5,08-03-2023 23:00,1
4,07-03-2023 02:00,1
13,18-02-2023 17:00,0
13,12-03-2023 15:00,0
17,18-03-2023 09:00,0
12,01-02-2023 22:00,0
2,13-07-2023 05:00,1
17,02-02-2023 08:00,0
14,23-01-2023 10:00,0
2,05-02-2023 00:00,1
24,14-03-2023 17:00,2
21,07-10-2023 14:00,2
28,18-02-2023 23:00,2
25,06-02-2023 10:00,2
14,16-01-2023 06:00,0
23,29-01-2023 06:00,2
2,12-02-2023 00:00,1
2,14-01-2023 15:00,1
5,27-01-2023 06:00,1
17,09-01-2023 10:00,0
5,24-01-2023 05:00,1
6,13-03-2023 21:00,1
21,14-02-2023 19:00,2
5,27-01-2023 05:00,1
10,13-12-2023 16:00,0
5,24-11-2023 10:00,1
1,14-03-2023 07:00,1
5,17-02-2023 09:00,1
10,24-03-2023 06:00,0
18,26-02-2023 09:00,0
2,23-03-2023 10:00,1
5,15-02-2023 14:00,1
24,27-01-2023 11:00,2
4,08-03-2023 20:00,1
13,07-02-2023 23:00,0
2,17-02-2023 09:00,1
4,29-12-2022 08:00,1
25,20-02-2023 03:00,2
12,12-01-2023 06:00,0
8,17-01-2024 10:00,1
18,01-03-2023 22:00,0
24,29-01-2023 13:00,2
15,19-03-2023 12:00,0
17,13-03-2023 23:00,0
13,22-01-2023 17:00,0
17,23-09-2024 11:00,0
2,24-03-2023 07:00,1
17,31-12-2023 12:00,0
2,07-02-2023 16:00,1
24,22-01-2023 12:00,2
20,29-01-2023 00:00,2
14,14-02-2023 15:00,0
5,12-03-2023 22:00,1
13,04-02-2023 15:00,0
5,04-01-2023 04:00,1
13,20-02-2023 18:00,0
2,15-03-2023 05:00,1
26,07-02-2023 11:00,2
15,16-12-2024 03:00,0
13,27-01-2023 06:00,0
2,16-02-2023 06:00,1
6,09-01-2023 06:00,1
17,28-03-2023 01:00,0
13,10-03-2023 15:00,0
18,08-02-2023 04:00,0
1,03-01-2023 11:00,1
4,07-01-2023 14:00,1
24,21-01-2023 19:00,2
4,23-03-2023 03:00,1
13,16-01-2023 05:00,0
28,11-04-2024 21:00,2
13,13-03-2023 00:00,0
8,19-01-2023 04:00,1
8,18-01-2023 17:00,1
1,12-02-2023 14:00,1
2,01-02-2023 12:00,1
8,03-02-2023 22:00,1
21,21-01-2023 18:00,2
17,14-04-2024 05:00,0
2,13-09-2023 01:00,1
8,29-01-2023 14:00,1
5,21-03-2023 09:00,1
13,27-01-2023 04:00,0
24,24-03-2023 04:00,2
4,08-02-2023 04:00,1
8,19-02-2023 19:00,1
8,28-03-2023 12:00,1
1,01-05-2023 05:00,1
12,24-03-2023 02:00,0
8,05-08-2023 06:00,1
20,20-01-2023 21:00,2
25,28-03-2023 03:00,2
5,08-05-2023 05:00,1
28,07-03-2023 02:00,2
6,18-02-2023 23:00,1
10,03-01-2023 09:00,0
5,13-02-2023 00:00,1
15,15-03-2023 00:00,0
13,01-02-2023 17:00,0
1,25-03-2023 19:00,1
18,12-03-2023 21:00,0
8,19-02-2023 22:00,1
6,13-01-2023 00:00,1
24,27-02-2023 19:00,2
21,01-04-2023 11:00,2
5,02-04-2023 07:00,1
28,30-03-2023 01:00,2
21,22-01-2023 17:00,2
17,06-08-2024 14:00,0
9,26-03-2023 14:00,1
16,30-01-2023 20:00,0
25,01-02-2023 23:00,2
20,10-01-2023 06:00,2
2,18-01-2023 20:00,1
13,09-07-2024 22:00,0
17,10-01-2023 06:00,0
10,30-01-2023 16:00,0
2,18-03-2023 01:00,1
1,21-03-2023 22:00,1
4,04-02-2023 09:00,1
2,09-02-2023 05:00,1
17,01-04-2023 11:00,0
0,05-06-2024 00:00,1
7,24-03-2023 12:00,1
16,27-01-2023 07:00,0
17,30-03-2023 20:00,0
3,16-01-2023 14:00,1
2,25-02-2023 11:00,1
24,07-02-2023 17:00,2
5,18-01-2023 15:00,1
14,08-01-2023 19:00,0
17,30-03-2023 18:00,0
21,21-02-2024 18:00,2
1,01-02-2023 08:00,1
13,14-03-2023 14:00,0
5,26-03-2023 22:00,1
2,02-03-2023 02:00,1
5,30-06-2023 20:00,1
13,02-03-2023 17:00,0
8,01-02-2023 11:00,1
2,28-03-2023 04:00,1
4,26-07-2024 14:00,1
17,23-01-2023 03:00,0
17,25-02-2023 21:00,0
1,18-04-2023 21:00,1
5,08-02-2023 17:00,1
5,04-03-2023 08:00,1
17,14-02-2023 04:00,0
12,11-01-2024 10:00,0
4,26-03-2023 02:00,1
21,06-03-2023 05:00,2
2,15-05-2023 07:00,1
0,03-02-2023 06:00,1
21,02-02-2023 13:00,2
21,17-01-2023 13:00,2
21,21-03-2023 23:00,2
8,01-03-2023 17:00,1
3,05-04-2023 03:00,1
1,10-01-2023 06:00,1
10,29-04-2023 09:00,0
4,06-02-2023 00:00,1
5,11-02-2023 20:00,1
14,17-08-2024 13:00,0
28,29-09-2024 15:00,2
13,02-04-2023 21:00,0
5,03-10-2024 14:00,1
10,05-03-2023 11:00,0
17,10-05-2024 06:00,0
9,20-03-2023 12:00,1
4,14-03-2023 02:00,1
5,17-01-2023 05:00,1
15,05-04-2023 16:00,0
13,16-01-2023 09:00,0
4,09-02-2023 05:00,1
24,04-02-2023 22:00,2
25,27-02-2023 12:00,2
4,30-01-2023 06:00,1
14,21-01-2023 10:00,0
13,02-04-2023 05:00,0
20,26-01-2023 02:00,2
24,10-03-2023 11:00,2
2,02-03-2023 07:00,1
22,14-02-2023 18:00,2
24,05-03-2023 05:00,2
17,13-03-2023 22:00,0
5,24-01-2023 07:00,1
5,21-02-2023 22:00,1
13,30-03-2023 05:00,0
2,18-03-2023 06:00,1
25,20-02-2023 16:00,2
12,24-03-2023 18:00,0
17,26-03-2023 08:00,0
23,22-01-2023 17:00,2
4,16-01-2023 17:00,1
18,27-03-2023 04:00,0
24,30-11-2023 16:00,2
0,27-03-2023 21:00,1
28,27-02-2023 23:00,2
5,14-03-2023 10:00,1
24,09-03-2023 10:00,2
25,15-03-2023 12:00,2
8,15-03-2023 15:00,1
21,09-02-2023 14:00,2
25,11-04-2023 10:00,2
5,23-01-2023 19:00,1
15,30-01-2023 11:00,0
19,06-02-2023 13:00,2
24,25-02-2023 16:00,2
4,19-02-2023 03:00,1
21,15-02-2023 02:00,2
20,08-07-2024 08:00,2
12,05-03-2023 17:00,0
5,03-02-2023 13:00,1
18,16-01-2023 08:00,0
5,31-03-2023 04:00,1
17,20-03-2023 00:00,0
21,19-02-2023 17:00,2
18,28-02-2023 09:00,0
21,29-12-2023 19:00,2
8,17-02-2023 07:00,1
1,16-03-2023 08:00,1
17,14-04-2023 01:00,0
1,18-02-2023 00:00,1
1,12-03-2023 18:00,1
1,15-01-2023 01:00,1
17,14-03-2023 11:00,0
13,09-03-2023 02:00,0
3,07-04-2023 06:00,1
8,28-02-2023 23:00,1
2,25-01-2023 04:00,1
4,05-03-2023 21:00,1
3,23-03-2023 07:00,1
5,09-04-2023 02:00,1
5,21-02-2023 15:00,1
14,10-03-2023 17:00,0
12,17-03-2023 02:00,0
4,02-04-2023 17:00,1
8,25-01-2023 05:00,1
12,21-03-2023 11:00,0
21,19-07-2023 03:00,2
1,18-02-2023 08:00,1
5,03-04-2023 00:00,1
2,05-02-2023 14:00,1
28,07-04-2023 19:00,2
13,04-02-2023 22:00,0
15,18-03-2023 19:00,0
4,03-11-2023 20:00,1
28,17-03-2023 04:00,2
17,29-03-2023 06:00,0
8,21-07-2023 05:00,1
19,26-01-2023 01:00,2
9,30-05-2024 19:00,1
17,03-02-2023 06:00,0
8,16-02-2023 04:00,1
1,02-04-2023 10:00,1
5,23-01-2023 10:00,1
2,24-03-2023 15:00,1
25,19-03-2023 19:00,2
21,02-03-2023 04:00,2
17,27-10-2023 06:00,0
1,15-04-2023 07:00,1
4,26-01-2023 20:00,1
4,26-02-2023 22:00,1
10,16-02-2023 09:00,0
18,03-03-2023 05:00,0
5,10-02-2023 11:00,1
2,12-11-2023 18:00,1
19,24-02-2023 04:00,2
5,14-04-2023 14:00,1
3,28-11-2024 19:00,1
8,13-03-2023 12:00,1
5,16-04-2023 15:00,1
8,05-03-2023 12:00,1
21,11-02-2023 16:00,2
4,13-03-2023 23:00,1
28,11-02-2023 21:00,2
21,27-02-2023 10:00,2
1,24-06-2023 06:00,1
9,30-07-2023 22:00,1
0,20-03-2023 16:00,1
2,14-03-2023 11:00,1
13,13-02-2023 04:00,0
17,29-03-2023 19:00,0
4,09-02-2023 16:00,1
12,28-02-2023 07:00,0
8,28-03-2023 10:00,1
21,15-04-2023 02:00,2
2,18-02-2023 21:00,1
13,16-02-2023 22:00,0
17,03-04-2023 03:00,0
2,16-04-2023 15:00,1
17,09-03-2023 01:00,0
8,04-02-2023 15:00,1
24,21-02-2023 19:00,2
25,04-04-2023 15:00,2
1,25-02-2023 21:00,1
11,01-04-2023 23:00,0
4,06-04-2023 07:00,1
17,19-02-2023 12:00,0
5,25-02-2023 06:00,1
2,05-02-2023 19:00,1
5,19-04-2023 02:00,1
2,24-05-2024 00:00,1
7,20-06-2023 00:00,1
2,10-02-2023 12:00,1
15,28-01-2023 22:00,0
13,24-02-2023 00:00,0
21,24-02-2023 16:00,2
5,14-03-2023 10:00,1
5,22-02-2023 09:00,1
3,01-03-2023 23:00,1
26,20-04-2023 17:00,2
20,01-03-2023 13:00,2
14,24-03-2023 05:00,0
15,20-04-2023 09:00,0
13,04-02-2023 20:00,0
14,16-02-2023 21:00,0
5,24-02-2023 22:00,1
1,30-03-2023 12:00,1
17,06-03-2023 15:00,0
5,19-02-2023 03:00,1
17,27-02-2023 11:00,0
17,19-03-2024 20:00,0
7,08-03-2023 03:00,1
12,24-03-2023 10:00,0
12,01-02-2023 22:00,0
5,27-02-2023 15:00,1
25,20-02-2023 21:00,2
17,26-03-2023 01:00,0
10,03-08-2023 09:00,0
2,16-02-2023 07:00,1
1,02-02-2023 20:00,1
21,12-01-2025 08:00,2
5,02-02-2023 10:00,1
24,04-02-2023 20:00,2
8,24-02-2023 05:00,1
1,23-02-2023 14:00,1
16,09-02-2023 20:00,0
25,07-03-2023 10:00,2
12,03-06-2023 02:00,0
8,22-02-2023 18:00,1
18,01-04-2023 23:00,0
17,26-02-2023 18:00,0
17,06-02-2023 13:00,0
10,29-03-2023 05:00,0
5,12-04-2023 13:00,1
28,27-04-2023 12:00,2
5,02-05-2023 03:00,1
4,05-03-2023 20:00,1
15,06-02-2023 05:00,0
12,17-02-2023 10:00,0
18,21-04-2023 11:00,0
10,14-05-2023 08:00,0
14,03-02-2023 06:00,0
6,05-04-2023 04:00,1
21,12-03-2023 13:00,2
28,23-02-2023 23:00,2
17,11-03-2023 17:00,0
1,05-12-2024 23:00,1
10,08-07-2023 12:00,0
4,18-02-2023 00:00,1
0,05-04-2023 04:00,1
4,09-04-2023 22:00,1
17,05-04-2023 11:00,0
12,16-03-2023 13:00,0
11,16-03-2023 22:00,0
0,02-04-2023 05:00,1
8,07-04-2023 10:00,1
13,20-06-2023 08:00,0
13,05-04-2023 07:00,0
20,16-06-2023 07:00,2
2,04-02-2023 18:00,1
17,31-03-2023 03:00,0
11,14-02-2023 17:00,0
4,03-04-2024 04:00,1
28,07-02-2023 02:00,2
17,28-02-2023 14:00,0
5,05-02-2023 10:00,1
3,01-04-2023 18:00,1
17,26-02-2023 18:00,0
14,31-03-2023 09:00,0
21,15-02-2023 01:00,2
26,17-04-2023 06:00,2
5,06-02-2023 01:00,1
21,12-07-2024 05:00,2
1,13-04-2023 04:00,1
21,07-02-2023 02:00,2
17,07-03-2023 12:00,0
8,09-05-2023 13:00,1
16,11-03-2023 20:00,0
8,28-03-2023 03:00,1
8,14-04-2023 14:00,1
25,08-04-2023 00:00,2
21,14-12-2023 06:00,2
2,31-03-2023 12:00,1
5,09-02-2023 21:00,1
21,16-04-2023 17:00,2
20,25-04-2023 05:00,2
10,16-10-2023 14:00,0
21,17-03-2023 23:00,2
7,09-03-2023 02:00,1
4,10-03-2023 16:00,1
14,27-02-2023 14:00,0
13,09-04-2023 04:00,0
24,24-02-2023 19:00,2
17,14-02-2023 10:00,0
2,25-02-2023 11:00,1
17,31-03-2023 02:00,0
13,25-04-2023 13:00,0
12,05-03-2023 03:00,0
2,21-02-2023 03:00,1
4,29-04-2023 07:00,1
8,02-05-2023 00:00,1
21,18-02-2023 10:00,2
17,18-09-2024 03:00,0
2,24-04-2023 22:00,1
3,16-03-2023 07:00,1
8,11-03-2023 04:00,1
17,15-07-2023 23:00,0
6,22-02-2023 01:00,1
4,14-03-2023 20:00,1
12,23-03-2023 21:00,0
14,03-02-2023 19:00,0
18,20-03-2023 02:00,0
6,14-02-2023 00:00,1
8,25-06-2023 01:00,1
12,29-04-2023 10:00,0
17,17-03-2023 08:00,0
13,10-02-2023 21:00,0
8,08-06-2024 16:00,1
24,11-02-2023 05:00,2
21,19-04-2023 23:00,2
8,26-02-2023 05:00,1
17,27-02-2023 16:00,0
17,31-03-2023 06:00,0
5,11-04-2023 09:00,1
18,29-03-2023 07:00,0
2,17-03-2023 23:00,1
26,26-03-2023 21:00,2
21,19-04-2023 04:00,2
2,04-03-2023 19:00,1
1,26-02-2023 23:00,1
28,14-11-2023 14:00,2
0,10-03-2023 02:00,1
0,16-02-2023 07:00,1
17,25-04-2023 04:00,0
0,06-03-2023 21:00,1
20,31-12-2023 10:00,2
4,24-02-2023 14:00,1
15,16-05-2023 16:00,0
4,13-04-2023 20:00,1
22,12-03-2023 00:00,2
17,20-04-2023 21:00,0
5,15-02-2023 15:00,1
4,05-03-2023 05:00,1
21,23-02-2023 22:00,2
21,26-04-2023 23:00,2
4,13-02-2023 07:00,1
17,14-03-2023 15:00,0
27,09-03-2023 09:00,2
18,05-04-2023 13:00,0
24,18-03-2023 23:00,2
8,14-05-2023 02:00,1
17,09-03-2023 07:00,0
17,03-03-2023 22:00,0
1,22-02-2023 08:00,1
20,28-03-2023 05:00,2
17,19-04-2023 09:00,0
24,19-04-2023 18:00,2
22,16-02-2023 14:00,2
2,06-05-2023 21:00,1
17,04-03-2023 20:00,0
2,29-04-2023 09:00,1
14,01-03-2023 19:00,0
18,28-05-2023 06:00,0
14,08-01-2024 08:00,0
7,28-02-2023 20:00,1
10,27-04-2023 13:00,0
15,14-02-2023 13:00,0
10,19-03-2023 23:00,0
4,04-05-2023 23:00,1
1,09-02-2023 16:00,1
27,03-04-2023 12:00,2
2,10-04-2023 20:00,1
24,13-04-2023 03:00,2
17,20-06-2024 11:00,0
2,22-02-2023 07:00,1
17,05-04-2023 07:00,0
2,14-02-2023 15:00,1
2,24-03-2023 20:00,1
9,29-04-2023 21:00,1
8,01-04-2023 20:00,1
25,21-03-2023 00:00,2
8,22-02-2023 23:00,1
23,23-09-2024 07:00,2
18,25-04-2023 03:00,0
17,30-03-2023 19:00,0
9,21-03-2023 08:00,1
23,04-05-2023 18:00,2
17,12-03-2023 08:00,0
22,20-03-2023 17:00,2
8,30-04-2023 09:00,1
17,23-02-2023 18:00,0
7,24-02-2023 09:00,1
4,17-04-2023 05:00,1
8,15-11-2023 19:00,1
7,02-04-2023 23:00,1
4,27-02-2023 19:00,1
5,09-07-2023 18:00,1
21,24-02-2023 04:00,2
10,03-03-2023 01:00,0
18,17-04-2023 15:00,0
13,05-04-2023 06:00,0
13,20-02-2023 16:00,0
8,17-07-2024 02:00,1
5,31-07-2023 14:00,1
17,06-03-2023 15:00,0
2,10-03-2023 13:00,1
21,22-06-2023 20:00,2
7,02-08-2023 19:00,1
0,16-04-2023 07:00,1
8,16-04-2023 01:00,1
17,19-04-2023 06:00,0
14,26-02-2023 21:00,0
24,08-05-2023 23:00,2
17,09-03-2023 12:00,0
0,07-03-2023 02:00,1
8,17-09-2023 19:00,1
8,19-04-2023 11:00,1
2,15-04-2023 20:00,1
5,28-02-2023 18:00,1
7,10-03-2023 20:00,1
8,22-02-2023 21:00,1
28,15-02-2023 19:00,2
2,04-02-2024 00:00,1
5,14-03-2023 13:00,1
5,16-04-2023 17:00,1
13,09-05-2023 00:00,0
15,28-03-2023 03:00,0
21,05-03-2023 22:00,2
13,06-03-2023 11:00,0
23,19-04-2023 18:00,2
10,06-04-2023 14:00,0
21,09-03-2023 10:00,2
5,01-03-2023 12:00,1
14,02-04-2024 00:00,0
1,08-03-2023 19:00,1
1,01-04-2023 00:00,1
2,21-03-2023 14:00,1
0,04-05-2023 16:00,1
25,22-04-2024 08:00,2
1,23-02-2023 23:00,1
3,21-04-2023 18:00,1
10,16-04-2023 11:00,0
14,28-02-2023 08:00,0
15,20-03-2023 13:00,0
5,20-03-2023 23:00,1
3,12-03-2023 00:00,1
17,21-04-2023 14:00,0
24,04-04-2023 22:00,2
12,28-03-2023 17:00,0
13,04-04-2023 00:00,0
5,08-01-2024 15:00,1
1,23-03-2023 08:00,1
1,04-03-2023 13:00,1
1,08-04-2023 12:00,1
5,18-12-2024 19:00,1
5,13-05-2023 00:00,1
3,04-01-2025 08:00,1
23,09-03-2023 07:00,2
4,06-04-2023 15:00,1
13,22-03-2023 03:00,0
4,19-03-2023 02:00,1
8,12-04-2023 17:00,1
17,16-04-2023 16:00,0
0,23-04-2023 01:00,1
15,23-04-2023 11:00,0
24,27-02-2023 13:00,2
21,07-05-2023 00:00,2
15,14-05-2023 19:00,0
25,26-02-2023 17:00,2
8,03-03-2023 16:00,1
13,14-04-2023 10:00,0
13,03-03-2023 11:00,0
8,10-04-2023 02:00,1
28,12-04-2023 21:00,2
24,17-08-2023 23:00,2
14,17-04-2023 00:00,0
12,30-03-2023 07:00,0
22,03-05-2023 09:00,2
4,06-03-2023 14:00,1
5,02-04-2023 21:00,1
5,30-11-2024 08:00,1
24,01-03-2023 18:00,2
14,23-03-2023 04:00,0
24,07-05-2023 00:00,2
2,14-03-2023 16:00,1
26,21-03-2023 08:00,2
8,27-03-2023 00:00,1
5,28-02-2023 03:00,1
2,28-04-2023 09:00,1
4,14-05-2023 02:00,1
2,19-03-2023 18:00,1
21,03-04-2023 05:00,2
2,05-03-2023 11:00,1
4,26-04-2023 20:00,1
14,15-03-2023 05:00,0
25,28-03-2023 19:00,2
20,03-04-2023 10:00,2
19,22-02-2023 06:00,2
14,11-05-2023 03:00,0
21,30-03-2024 16:00,2
2,11-06-2024 23:00,1
13,20-04-2023 10:00,0
9,06-05-2023 22:00,1
7,12-05-2023 14:00,1
21,11-03-2023 19:00,2
4,15-04-2023 18:00,1
14,17-04-2023 05:00,0
20,29-12-2024 20:00,2
17,03-03-2023 06:00,0
26,24-04-2023 13:00,2
20,12-05-2023 13:00,2
21,03-09-2024 17:00,2
23,30-04-2023 01:00,2
8,30-03-2023 21:00,1
17,26-03-2023 09:00,0
10,16-05-2023 05:00,0
2,10-05-2023 11:00,1
24,09-03-2023 00:00,2
1,30-03-2024 00:00,1
5,09-04-2023 23:00,1
18,26-04-2023 09:00,0
17,02-08-2023 20:00,0
28,28-03-2023 03:00,2
5,14-03-2023 17:00,1
12,01-12-2024 14:00,0
2,18-03-2023 07:00,1
4,22-03-2023 00:00,1
25,19-03-2023 04:00,2
5,26-03-2023 05:00,1
17,08-05-2023 09:00,0
4,22-05-2023 04:00,1
17,29-03-2023 02:00,0
14,09-03-2023 11:00,0
14,22-03-2023 18:00,0
8,03-03-2023 21:00,1
18,17-04-2023 22:00,0
5,20-07-2023 03:00,1
6,01-04-2023 06:00,1
5,10-04-2023 12:00,1
18,12-05-2023 01:00,0
5,24-02-2024 05:00,1
1,04-04-2023 15:00,1
1,11-04-2023 12:00,1
27,16-03-2024 00:00,2
17,15-04-2023 07:00,0
16,18-03-2023 13:00,0
7,25-05-2023 15:00,1
5,29-03-2023 04:00,1
8,20-03-2023 06:00,1
17,31-03-2023 21:00,0
8,12-05-2023 01:00,1
5,25-04-2023 04:00,1
5,29-03-2023 23:00,1
5,20-10-2024 19:00,1
15,14-04-2023 06:00,0
24,06-05-2023 15:00,2
12,18-05-2023 09:00,0
17,14-03-2023 04:00,0
4,15-05-2023 14:00,1
21,16-04-2023 19:00,2
14,24-04-2023 18:00,0
10,25-04-2023 23:00,0
2,22-04-2023 21:00,1
18,31-03-2023 21:00,0
2,06-05-2023 16:00,1
1,21-07-2023 20:00,1
5,10-05-2023 11:00,1
15,15-03-2023 07:00,0
0,09-03-2023 23:00,1
10,09-03-2023 21:00,0
3,27-05-2023 13:00,1
15,19-01-2024 14:00,0
21,15-03-2023 13:00,2
10,09-04-2024 07:00,0
26,21-03-2023 12:00,2
5,05-05-2023 18:00,1
4,28-05-2023 08:00,1
21,23-04-2023 20:00,2
19,27-05-2023 18:00,2
1,06-04-2023 01:00,1
3,08-05-2023 10:00,1
17,20-06-2023 01:00,0
7,26-04-2023 18:00,1
17,07-06-2024 14:00,0
17,19-03-2023 11:00,0
5,24-04-2023 06:00,1
8,12-04-2023 10:00,1
10,31-10-2023 15:00,0
0,19-04-2023 06:00,1
17,01-04-2023 13:00,0
25,27-04-2023 03:00,2
5,17-03-2023 09:00,1
5,24-04-2023 09:00,1
21,15-04-2023 14:00,2
18,21-03-2023 08:00,0
4,22-03-2023 01:00,1
5,17-05-2023 14:00,1
7,13-04-2023 07:00,1
13,12-04-2023 01:00,0
10,25-03-2023 20:00,0
17,29-04-2023 14:00,0
1,21-05-2023 02:00,1
1,04-04-2023 20:00,1
17,02-04-2023 12:00,0
14,21-05-2023 08:00,0
17,21-05-2023 04:00,0
20,24-03-2023 08:00,2
18,24-05-2023 11:00,0
18,19-03-2023 09:00,0
17,07-05-2023 17:00,0
9,26-04-2023 03:00,1
10,03-04-2023 05:00,0
5,29-03-2023 02:00,1
0,09-05-2023 07:00,1
21,27-05-2023 13:00,2
1,13-04-2023 08:00,1
1,07-05-2023 08:00,1
5,13-03-2023 15:00,1
13,17-05-2023 05:00,0
9,03-04-2023 13:00,1
1,20-03-2023 12:00,1
13,31-03-2023 02:00,0
12,14-03-2023 11:00,0
8,29-03-2023 23:00,1
0,07-05-2023 20:00,1
18,27-04-2023 17:00,0
15,23-03-2023 11:00,0
3,31-03-2023 17:00,1
10,02-06-2023 23:00,0
17,18-04-2023 23:00,0
10,05-05-2023 06:00,0
4,19-03-2023 19:00,1
14,09-04-2023 14:00,0
7,11-05-2023 22:00,1
1,09-09-2024 14:00,1
2,21-03-2023 20:00,1
8,03-08-2023 06:00,1
17,27-02-2025 20:00,0
2,13-05-2023 19:00,1
5,03-05-2024 11:00,1
17,01-04-2023 19:00,0
17,04-05-2023 07:00,0
17,01-06-2023 03:00,0
14,28-03-2023 23:00,0
24,21-04-2023 18:00,2
21,19-05-2023 10:00,2
22,03-04-2023 23:00,2
24,04-05-2023 13:00,2
18,13-04-2023 00:00,0
11,15-05-2023 02:00,0
5,28-09-2024 04:00,1
17,21-04-2023 01:00,0
5,30-03-2023 03:00,1
2,01-04-2023 02:00,1
8,31-03-2023 03:00,1
17,06-05-2023 00:00,0
25,12-03-2023 15:00,2
14,15-04-2023 08:00,0
21,08-04-2023 07:00,2
13,22-06-2023 23:00,0
17,08-04-2023 13:00,0
17,06-04-2023 16:00,0
9,21-04-2023 17:00,1
4,26-04-2023 07:00,1
9,24-04-2023 23:00,1
17,22-03-2023 05:00,0
21,20-03-2023 20:00,2
17,27-05-2023 10:00,0
17,14-05-2023 13:00,0
17,25-10-2023 05:00,0
15,26-04-2023 11:00,0
5,19-04-2023 17:00,1
2,26-05-2023 03:00,1
4,25-05-2023 12:00,1
4,07-09-2024 14:00,1
17,22-06-2023 04:00,0
13,30-08-2023 10:00,0
11,15-07-2023 05:00,0
25,20-05-2023 03:00,2
21,08-12-2024 21:00,2
2,04-06-2023 02:00,1
24,21-04-2023 08:00,2
23,17-05-2023 12:00,2
12,25-06-2023 16:00,0
24,06-05-2023 23:00,2
3,23-03-2023 06:00,1
5,04-05-2023 21:00,1
20,10-06-2023 06:00,2
13,26-05-2023 20:00,0
5,01-06-2023 11:00,1
18,12-06-2023 10:00,0
5,18-03-2023 05:00,1
2,25-03-2023 14:00,1
10,05-05-2023 19:00,0
14,30-03-2023 04:00,0
15,19-11-2023 12:00,0
7,17-04-2023 15:00,1
2,01-04-2023 19:00,1
2,10-04-2023 01:00,1
5,22-03-2023 22:00,1
2,06-05-2023 02:00,1
1,17-09-2023 17:00,1
13,10-05-2023 16:00,0
5,12-04-2023 01:00,1
13,22-03-2023 10:00,0
5,01-06-2023 13:00,1
12,03-04-2023 02:00,0
5,15-04-2023 16:00,1
13,13-06-2023 17:00,0
1,24-04-2023 06:00,1
1,22-12-2023 03:00,1
15,16-05-2023 07:00,0
8,24-03-2023 22:00,1
17,07-05-2023 10:00,0
17,16-05-2023 11:00,0
17,01-06-2023 22:00,0
18,10-04-2023 04:00,0
1,28-03-2023 12:00,1
2,16-07-2023 15:00,1
8,24-05-2023 19:00,1
5,02-07-2023 21:00,1
14,30-03-2023 13:00,0
27,10-05-2023 03:00,2
12,08-06-2023 19:00,0
24,23-04-2023 14:00,2
4,11-07-2023 20:00,1
10,06-05-2023 02:00,0
9,12-04-2023 17:00,1
21,25-11-2023 09:00,2
17,28-03-2023 09:00,0
2,05-05-2023 23:00,1
4,01-05-2023 06:00,1
17,23-03-2023 13:00,0
8,28-04-2023 21:00,1
2,31-05-2023 07:00,1
14,01-04-2023 10:00,0
15,07-04-2023 21:00,0
17,28-05-2023 07:00,0
2,19-05-2023 09:00,1
12,30-05-2023 02:00,0
22,24-05-2023 06:00,2
2,20-03-2023 06:00,1
10,09-05-2023 06:00,0
8,05-04-2023 09:00,1
13,29-06-2024 09:00,0
27,23-03-2023 21:00,2
5,07-06-2023 14:00,1
4,22-02-2024 15:00,1
2,28-08-2023 18:00,1
13,15-06-2023 13:00,0
4,22-02-2024 21:00,1
14,20-07-2023 13:00,0
17,17-05-2023 09:00,0
5,31-05-2023 14:00,1
23,26-03-2023 19:00,2
27,31-05-2023 22:00,2
25,06-04-2023 10:00,2
13,29-11-2023 04:00,0
21,25-05-2023 11:00,2
8,28-04-2023 05:00,1
14,14-05-2023 09:00,0
5,20-04-2023 09:00,1
5,26-04-2023 00:00,1
13,29-05-2023 00:00,0
13,30-04-2023 00:00,0
18,09-04-2023 20:00,0
3,16-04-2023 01:00,1
4,28-06-2023 00:00,1
14,27-04-2023 18:00,0
1,08-05-2023 04:00,1
22,24-05-2023 01:00,2
8,02-12-2024 16:00,1
2,09-05-2023 09:00,1
5,03-08-2023 16:00,1
5,16-04-2023 10:00,1
21,24-02-2024 14:00,2
8,03-05-2023 07:00,1
1,05-04-2023 22:00,1
8,15-06-2023 05:00,1
4,10-06-2024 15:00,1
7,11-05-2023 17:00,1
16,30-03-2023 17:00,0
19,16-05-2023 04:00,2
4,09-02-2025 11:00,1
17,09-05-2023 20:00,0
5,16-06-2023 12:00,1
5,13-05-2023 12:00,1
17,26-04-2023 20:00,0
26,20-04-2023 05:00,2
21,19-05-2023 17:00,2
14,11-06-2023 21:00,0
5,20-04-2023 23:00,1
13,13-05-2023 00:00,0
10,10-04-2023 05:00,0
17,18-03-2025 19:00,0
6,15-04-2023 19:00,1
4,01-06-2023 10:00,1
8,09-04-2023 21:00,1
2,31-03-2023 22:00,1
10,25-05-2023 10:00,0
5,03-08-2023 13:00,1
6,08-05-2023 23:00,1
13,12-05-2023 21:00,0
13,24-04-2023 15:00,0
8,05-05-2023 14:00,1
17,08-06-2023 19:00,0
2,26-04-2023 06:00,1
2,23-05-2023 07:00,1
2,05-10-2024 16:00,1
5,25-05-2023 08:00,1
5,09-04-2023 06:00,1
5,24-05-2023 06:00,1
7,07-08-2023 10:00,1
2,02-06-2023 07:00,1
21,25-05-2023 01:00,2
20,09-06-2023 01:00,2
2,02-09-2023 12:00,1
21,29-05-2023 01:00,2
5,06-07-2024 01:00,1
27,15-12-2023 09:00,2
5,21-05-2023 10:00,1
1,03-04-2023 11:00,1
1,04-04-2023 05:00,1
10,11-04-2023 17:00,0
1,04-05-2023 11:00,1
2,01-05-2023 00:00,1
15,07-05-2023 02:00,0
5,29-07-2024 00:00,1
20,03-05-2023 16:00,2
12,08-04-2023 05:00,0
10,14-05-2023 03:00,0
25,17-07-2023 04:00,2
25,27-05-2023 15:00,2
2,22-05-2023 14:00,1
8,13-05-2023 03:00,1
2,10-04-2023 13:00,1
0,20-04-2023 00:00,1
21,11-05-2023 02:00,2
28,30-04-2023 05:00,2
21,18-04-2023 01:00,2
20,17-04-2023 12:00,2
17,20-05-2023 12:00,0
21,03-05-2023 18:00,2
8,26-04-2023 19:00,1
3,26-05-2023 20:00,1
5,03-05-2023 10:00,1
8,29-05-2023 07:00,1
21,08-04-2023 13:00,2
27,19-11-2024 03:00,2
12,26-04-2023 12:00,0
12,01-01-2024 07:00,0
2,17-05-2023 18:00,1
25,02-04-2023 06:00,2
17,01-05-2023 19:00,0
5,04-04-2023 06:00,1
2,10-04-2023 08:00,1
21,14-05-2023 11:00,2
8,01-06-2023 03:00,1
21,21-05-2023 22:00,2
15,13-05-2023 11:00,0
5,04-04-2023 14:00,1
14,24-04-2023 22:00,0
17,10-03-2024 21:00,0
2,17-04-2023 11:00,1
1,22-07-2023 21:00,1
14,18-04-2023 00:00,0
17,11-04-2023 17:00,0
10,21-04-2023 19:00,0
21,08-04-2023 08:00,2
24,19-04-2023 03:00,2
12,07-05-2023 16:00,0
24,26-06-2023 00:00,2
17,31-05-2023 01:00,0
17,23-05-2023 20:00,0
12,08-05-2023 16:00,0
11,25-04-2023 20:00,0
7,25-06-2023 05:00,1
27,02-06-2023 21:00,2
18,07-05-2023 23:00,0
12,04-05-2023 10:00,0
15,27-06-2023 04:00,0
13,31-03-2023 14:00,0
5,28-04-2023 18:00,1
1,31-05-2023 05:00,1
1,26-05-2023 18:00,1
1,21-05-2023 09:00,1
21,20-05-2023 17:00,2
4,30-05-2023 13:00,1
5,04-06-2023 01:00,1
18,24-05-2023 20:00,0
5,26-06-2023 03:00,1
8,15-04-2023 01:00,1
2,21-04-2023 14:00,1
4,15-05-2023 15:00,1
5,17-04-2023 19:00,1
12,17-06-2023 19:00,0
24,29-04-2023 02:00,2
27,27-04-2023 13:00,2
9,21-05-2023 01:00,1
2,04-06-2023 06:00,1
8,19-06-2023 23:00,1
12,14-05-2023 18:00,0
5,17-05-2023 09:00,1
23,11-06-2023 10:00,2
7,16-07-2023 07:00,1
18,01-06-2023 20:00,0
1,21-04-2023 23:00,1
17,14-04-2023 23:00,0
8,05-05-2023 05:00,1
19,05-06-2023 13:00,2
4,29-04-2023 14:00,1
21,15-06-2023 17:00,2
24,19-05-2023 12:00,2
5,17-06-2023 00:00,1
6,11-06-2023 06:00,1
17,23-04-2023 12:00,0
2,21-05-2023 00:00,1
14,12-06-2023 22:00,0
17,20-05-2023 03:00,0
17,04-07-2023 23:00,0
27,16-04-2023 11:00,2
5,18-04-2023 04:00,1
13,17-04-2023 02:00,0
17,17-05-2023 21:00,0
27,22-05-2023 06:00,2
15,19-05-2023 14:00,0
21,31-05-2023 23:00,2
13,17-04-2023 18:00,0
21,24-03-2024 16:00,2
5,30-04-2023 18:00,1
4,23-05-2023 12:00,1
5,27-05-2023 01:00,1
8,20-05-2023 20:00,1
2,15-06-2023 12:00,1
5,03-06-2024 20:00,1
17,07-09-2023 15:00,0
17,22-09-2023 02:00,0
5,27-06-2023 02:00,1
8,27-04-2023 17:00,1
8,01-07-2023 01:00,1
13,23-05-2023 15:00,0
21,18-06-2023 13:00,2
10,31-01-2024 14:00,0
19,29-05-2023 10:00,2
8,14-07-2024 03:00,1
4,22-04-2023 06:00,1
26,12-04-2023 05:00,2
21,04-05-2023 23:00,2
2,21-05-2023 13:00,1
1,16-05-2023 02:00,1
17,23-06-2023 03:00,0
20,27-04-2023 19:00,2
17,24-04-2023 20:00,0
5,08-05-2023 21:00,1
5,22-01-2025 01:00,1
2,17-04-2023 13:00,1
17,06-05-2023 19:00,0
15,18-05-2023 18:00,0
4,11-06-2023 05:00,1
5,19-09-2023 23:00,1
14,10-04-2023 15:00,0
13,29-05-2023 01:00,0
20,23-06-2023 06:00,2
17,18-04-2023 22:00,0
8,06-05-2023 21:00,1
24,30-06-2023 10:00,2
25,09-05-2023 20:00,2
13,22-05-2023 19:00,0
4,30-06-2023 03:00,1
9,26-06-2023 23:00,1
4,28-04-2023 21:00,1
14,26-06-2023 01:00,0
13,29-04-2023 22:00,0
3,20-05-2023 11:00,1
4,22-04-2023 07:00,1
26,06-06-2023 04:00,2
21,08-05-2023 03:00,2
17,08-06-2023 06:00,0
28,09-06-2023 11:00,2
12,17-04-2023 05:00,0
1,28-09-2024 07:00,1
5,27-05-2023 08:00,1
8,05-07-2023 10:00,1
14,23-05-2023 13:00,0
10,17-04-2023 14:00,0
5,01-05-2023 16:00,1
12,15-06-2023 12:00,0
14,31-05-2023 17:00,0
13,31-12-2024 22:00,0
5,24-04-2023 22:00,1
4,14-05-2023 16:00,1
9,15-05-2023 10:00,1
8,12-05-2023 09:00,1
17,05-06-2023 13:00,0
17,23-06-2023 15:00,0
17,08-05-2023 09:00,0
24,30-04-2023 07:00,2
24,06-05-2023 09:00,2
2,03-07-2023 19:00,1
17,24-06-2023 13:00,0
15,31-07-2024 14:00,0
2,18-04-2023 05:00,1
4,20-04-2023 15:00,1
2,05-05-2023 14:00,1
0,24-07-2023 04:00,1
5,17-06-2023 09:00,1
24,12-05-2023 00:00,2
17,30-04-2023 22:00,0
14,01-06-2023 18:00,0
17,01-06-2023 08:00,0
17,22-06-2023 00:00,0
5,16-05-2023 21:00,1
3,27-06-2023 17:00,1
8,31-05-2023 02:00,1
2,13-06-2024 11:00,1
2,29-01-2025 00:00,1
17,16-05-2023 14:00,0
1,23-06-2023 01:00,1
1,09-06-2023 13:00,1
18,30-05-2023 15:00,0
18,05-06-2023 02:00,0
1,28-06-2023 00:00,1
1,28-04-2023 16:00,1
14,04-07-2023 09:00,0
17,06-07-2023 07:00,0
5,29-04-2023 14:00,1
8,09-07-2023 01:00,1
17,08-06-2023 12:00,0
17,27-06-2023 09:00,0
20,25-04-2023 18:00,2
5,10-05-2023 03:00,1
5,15-04-2023 08:00,1
4,20-05-2023 08:00,1
17,02-05-2023 02:00,0
5,18-05-2023 14:00,1
15,13-05-2023 14:00,0
14,23-04-2024 03:00,0
17,19-05-2023 10:00,0
1,18-05-2023 01:00,1
13,13-06-2023 04:00,0
18,09-07-2023 23:00,0
5,19-04-2023 21:00,1
28,14-05-2023 20:00,2
4,30-12-2024 09:00,1
11,05-06-2023 21:00,0
5,08-12-2024 13:00,1
17,28-04-2023 09:00,0
20,12-07-2023 00:00,2
12,10-09-2023 22:00,0
15,25-09-2023 11:00,0
5,20-04-2023 12:00,1
23,26-06-2023 08:00,2
17,07-05-2023 18:00,0
13,20-06-2023 19:00,0
17,27-06-2023 13:00,0
12,05-07-2023 10:00,0
2,26-06-2023 19:00,1
1,20-04-2023 10:00,1
14,01-05-2023 13:00,0
8,16-05-2023 03:00,1
17,12-06-2024 01:00,0
15,22-12-2024 17:00,0
10,27-04-2023 00:00,0
4,08-06-2023 04:00,1
10,26-06-2023 17:00,0
3,19-06-2023 09:00,1
24,25-07-2023 02:00,2
21,09-06-2023 10:00,2
5,12-05-2023 20:00,1
2,21-11-2023 13:00,1
5,25-04-2023 03:00,1
21,11-07-2023 21:00,2
8,10-05-2023 01:00,1
1,13-06-2023 08:00,1
14,15-05-2023 05:00,0
17,01-08-2023 23:00,0
13,15-05-2023 03:00,0
22,05-05-2023 00:00,2
17,11-05-2023 19:00,0
15,26-05-2023 13:00,0
7,20-05-2023 11:00,1
5,18-05-2023 04:00,1
5,05-07-2023 19:00,1
28,12-07-2023 13:00,2
4,04-07-2023 18:00,1
8,27-06-2023 23:00,1
13,27-04-2023 17:00,0
9,18-06-2023 08:00,1
8,03-05-2023 18:00,1
17,27-05-2023 15:00,0
10,16-06-2023 10:00,0
5,24-06-2023 14:00,1
17,13-07-2023 15:00,0
2,03-05-2023 04:00,1
9,22-06-2023 02:00,1
4,30-04-2023 08:00,1
28,27-05-2023 04:00,2
2,19-06-2023 08:00,1
13,22-10-2024 04:00,0
2,20-06-2023 22:00,1
4,11-12-2024 11:00,1
2,30-05-2023 23:00,1
17,28-04-2023 15:00,0
2,05-06-2023 04:00,1
4,06-07-2023 18:00,1
4,14-07-2023 14:00,1
8,27-02-2024 12:00,1
2,24-05-2023 11:00,1
27,11-07-2023 22:00,2
21,27-06-2023 11:00,2
17,07-07-2023 16:00,0
8,15-05-2023 06:00,1
1,28-05-2023 06:00,1
11,07-05-2023 12:00,0
15,09-05-2023 01:00,0
2,23-05-2023 12:00,1
5,16-05-2023 08:00,1
6,02-06-2023 12:00,1
17,20-06-2023 08:00,0
1,12-10-2023 03:00,1
17,04-06-2023 04:00,0
2,20-05-2023 17:00,1
2,19-06-2023 13:00,1
8,28-05-2023 08:00,1
19,15-05-2023 11:00,2
6,06-07-2023 21:00,1
8,13-07-2023 15:00,1
8,23-06-2023 19:00,1
17,25-04-2023 11:00,0
18,08-07-2023 07:00,0
2,18-09-2023 11:00,1
10,28-04-2023 11:00,0
14,11-06-2023 22:00,0
25,04-07-2023 14:00,2
4,27-05-2023 22:00,1
17,22-06-2023 17:00,0
2,07-07-2023 06:00,1
14,15-05-2023 15:00,0
5,29-06-2023 13:00,1
12,05-07-2023 14:00,0
5,06-10-2023 22:00,1
21,16-05-2023 00:00,2
4,14-10-2023 00:00,1
8,05-05-2023 21:00,1
3,06-07-2023 23:00,1
25,06-07-2023 03:00,2
27,22-05-2023 04:00,2
2,02-07-2023 03:00,1
13,15-07-2023 19:00,0
2,12-05-2023 08:00,1
5,06-10-2023 13:00,1
1,08-07-2023 18:00,1
5,05-06-2023 21:00,1
8,10-01-2025 02:00,1
9,22-05-2023 16:00,1
5,30-05-2023 22:00,1
5,21-05-2023 08:00,1
3,18-05-2023 01:00,1
0,08-07-2023 22:00,1
25,17-05-2023 15:00,2
10,24-08-2023 15:00,0
0,22-05-2023 01:00,1
20,01-05-2023 17:00,2
2,20-05-2023 07:00,1
5,12-05-2023 14:00,1
9,20-05-2023 09:00,1
27,04-05-2023 07:00,2
20,20-10-2023 01:00,2
17,01-07-2023 02:00,0
6,18-05-2023 10:00,1
17,28-05-2023 03:00,0
8,27-06-2023 20:00,1
19,05-05-2023 14:00,2
28,20-10-2023 21:00,2
2,11-09-2023 04:00,1
21,05-06-2023 02:00,2
2,11-06-2023 22:00,1
17,16-05-2023 07:00,0
8,15-07-2023 00:00,1
1,26-05-2023 02:00,1
21,05-07-2023 03:00,2
10,30-06-2023 05:00,0
1,07-10-2023 19:00,1
28,05-06-2023 06:00,2
2,12-05-2023 12:00,1
10,10-12-2023 04:00,0
17,10-05-2023 19:00,0
7,19-06-2023 21:00,1
25,01-07-2023 08:00,2
8,23-06-2023 00:00,1
13,30-04-2023 20:00,0
28,22-05-2023 15:00,2
17,08-05-2023 11:00,0
5,19-07-2023 03:00,1
4,13-07-2023 11:00,1
7,24-04-2025 21:00,1
5,16-05-2023 06:00,1
18,16-07-2023 04:00,0
21,16-07-2023 03:00,2
1,03-09-2023 17:00,1
9,27-07-2023 10:00,1
21,02-05-2023 04:00,2
21,18-05-2023 22:00,2
6,20-07-2023 06:00,1
12,17-05-2023 22:00,0
8,20-06-2024 05:00,1
14,23-06-2023 22:00,0
0,20-06-2023 01:00,1
0,01-07-2023 10:00,1
1,02-10-2023 23:00,1
4,07-10-2023 18:00,1
4,23-07-2023 00:00,1
21,13-05-2023 19:00,2
18,14-10-2023 08:00,0
5,14-07-2023 06:00,1
5,28-01-2025 08:00,1
5,06-05-2023 01:00,1
21,25-10-2023 23:00,2
4,11-07-2023 19:00,1
16,30-06-2023 19:00,0
5,07-06-2023 01:00,1
8,01-07-2023 23:00,1
1,19-05-2023 20:00,1
3,10-07-2023 15:00,1
10,31-05-2023 23:00,0
1,15-06-2023 14:00,1
8,23-05-2023 10:00,1
5,20-06-2023 00:00,1
13,14-07-2023 17:00,0
13,28-12-2024 19:00,0
8,17-07-2023 06:00,1
13,27-05-2023 18:00,0
1,26-07-2023 23:00,1
13,13-07-2023 09:00,0
13,18-07-2023 17:00,0
17,09-08-2024 03:00,0
5,05-06-2023 04:00,1
4,17-07-2023 06:00,1
12,28-05-2023 05:00,0
3,28-06-2023 04:00,1
8,21-10-2023 04:00,1
10,13-07-2023 19:00,0
3,06-06-2023 01:00,1
27,17-09-2023 09:00,2
21,26-05-2024 00:00,2
13,27-05-2023 21:00,0
20,08-07-2023 21:00,2
8,19-05-2023 16:00,1
10,27-05-2023 01:00,0
8,19-07-2023 03:00,1
5,31-07-2023 23:00,1
18,09-06-2023 09:00,0
2,11-07-2023 14:00,1
22,13-07-2023 13:00,2
12,04-05-2023 12:00,0
17,24-07-2023 08:00,0
21,13-06-2023 00:00,2
8,26-06-2023 08:00,1
17,24-05-2023 14:00,0
5,10-05-2023 12:00,1
4,21-06-2023 12:00,1
14,28-07-2023 19:00,0
9,11-07-2023 07:00,1
5,26-07-2023 01:00,1
17,14-07-2023 03:00,0
5,19-07-2023 20:00,1
7,07-06-2023 00:00,1
21,01-06-2023 06:00,2
8,21-06-2023 02:00,1
5,06-06-2023 18:00,1
8,18-05-2023 21:00,1
5,15-05-2023 05:00,1
21,16-06-2023 00:00,2
1,04-02-2024 04:00,1
1,18-05-2023 14:00,1
5,26-05-2023 07:00,1
8,27-07-2023 19:00,1
11,19-09-2023 15:00,0
17,23-06-2023 13:00,0
6,03-07-2023 05:00,1
13,02-07-2023 16:00,0
2,03-07-2023 16:00,1
25,17-06-2023 12:00,2
5,28-07-2023 01:00,1
27,02-06-2023 12:00,2
25,28-07-2023 06:00,2
13,04-11-2024 23:00,0
15,11-07-2023 03:00,0
22,06-05-2023 14:00,2
19,17-07-2023 03:00,2
7,22-07-2023 14:00,1
17,13-05-2023 09:00,0
13,01-06-2023 04:00,0
5,27-05-2023 23:00,1
27,26-07-2023 04:00,2
2,26-07-2023 10:00,1
17,26-07-2023 12:00,0
15,22-04-2025 03:00,0
5,14-07-2023 09:00,1
21,07-07-2023 20:00,2
5,27-05-2023 17:00,1
0,12-07-2023 03:00,1
4,07-06-2023 19:00,1
8,05-07-2023 17:00,1
2,31-07-2023 09:00,1
6,24-07-2023 21:00,1
25,20-05-2023 13:00,2
13,25-06-2023 13:00,0
13,31-08-2023 14:00,0
4,19-05-2023 04:00,1
12,18-05-2023 23:00,0
2,12-06-2023 21:00,1
6,06-07-2023 03:00,1
22,15-05-2023 03:00,2
17,31-07-2023 13:00,0
3,19-07-2023 02:00,1
17,18-06-2023 11:00,0
13,04-08-2023 01:00,0
24,11-08-2023 23:00,2
13,08-06-2023 17:00,0
24,02-07-2023 04:00,2
24,05-06-2023 10:00,2
2,12-06-2023 18:00,1
21,12-06-2023 00:00,2
8,20-07-2023 14:00,1
5,05-07-2023 10:00,1
9,18-05-2023 18:00,1
12,24-07-2023 23:00,0
5,09-03-2025 20:00,1
14,11-05-2024 12:00,0
2,15-07-2023 00:00,1
18,03-08-2023 15:00,0
14,20-06-2023 15:00,0
2,29-05-2023 11:00,1
22,30-05-2023 12:00,2
3,10-06-2023 10:00,1
2,25-06-2023 23:00,1
2,03-06-2023 16:00,1
5,30-05-2023 15:00,1
1,18-07-2023 23:00,1
8,05-08-2023 10:00,1
4,07-07-2023 13:00,1
13,19-05-2023 06:00,0
18,24-05-2023 03:00,0
21,16-06-2023 07:00,2
13,08-06-2023 04:00,0
2,28-05-2023 10:00,1
25,09-06-2023 21:00,2
1,23-07-2023 11:00,1
15,27-07-2023 09:00,0
21,16-06-2023 16:00,2
3,30-05-2023 08:00,1
14,07-09-2023 08:00,0
3,09-08-2023 06:00,1
13,21-07-2023 15:00,0
10,19-07-2023 13:00,0
2,14-05-2023 23:00,1
2,26-06-2023 17:00,1
17,08-07-2023 12:00,0
5,06-08-2023 11:00,1
4,07-04-2025 23:00,1
5,03-07-2023 00:00,1
2,25-02-2025 01:00,1
15,27-05-2023 01:00,0
16,03-10-2024 23:00,0
17,27-06-2023 01:00,0
5,13-06-2023 22:00,1
11,07-08-2023 18:00,0
27,16-11-2023 18:00,2
6,16-05-2024 12:00,1
21,27-07-2023 10:00,2
14,21-05-2023 23:00,0
5,02-06-2023 16:00,1
10,08-08-2023 11:00,0
9,27-05-2023 12:00,1
8,31-05-2023 06:00,1
21,02-06-2023 22:00,2
10,06-06-2023 22:00,0
2,13-08-2023 03:00,1
21,05-06-2023 04:00,2
13,06-07-2023 09:00,0
11,21-06-2023 09:00,0
18,05-08-2023 12:00,0
8,06-12-2024 05:00,1
2,23-06-2023 04:00,1
2,31-05-2023 12:00,1
18,23-07-2023 20:00,0
3,26-07-2023 13:00,1
27,05-10-2024 07:00,2
16,15-06-2023 12:00,0
5,01-06-2023 20:00,1
17,19-02-2025 10:00,0
5,10-06-2023 17:00,1
13,09-06-2023 01:00,0
5,04-06-2023 06:00,1
21,26-05-2023 15:00,2
13,19-10-2023 20:00,0
18,15-06-2023 03:00,0
14,15-06-2023 23:00,0
17,18-07-2023 07:00,0
12,14-06-2023 21:00,0
4,04-07-2023 17:00,1
8,16-06-2023 05:00,1
5,19-06-2023 11:00,1
26,02-07-2023 01:00,2
8,28-05-2023 17:00,1
17,24-05-2023 08:00,0
25,12-08-2023 13:00,2
18,03-06-2023 05:00,0
5,10-08-2023 20:00,1
2,14-07-2023 15:00,1
24,30-05-2024 09:00,2
10,22-10-2023 23:00,0
25,12-05-2025 22:00,2
5,06-07-2023 07:00,1
21,26-11-2024 13:00,2
10,13-09-2023 06:00,0
1,19-06-2023 08:00,1
5,29-05-2023 07:00,1
4,10-06-2023 15:00,1
13,30-07-2023 08:00,0
4,09-06-2023 14:00,1
17,28-07-2023 21:00,0
14,13-11-2023 01:00,0
13,16-06-2023 10:00,0
8,21-06-2023 13:00,1
9,10-08-2023 10:00,1
8,29-06-2023 01:00,1
8,14-06-2023 08:00,1
25,20-07-2023 09:00,2
0,15-12-2024 19:00,1
24,21-07-2023 22:00,2
5,05-06-2023 18:00,1
17,17-07-2023 08:00,0
1,28-05-2023 04:00,1
17,05-11-2023 18:00,0
3,15-06-2023 16:00,1
18,14-08-2023 10:00,0
25,02-08-2023 09:00,2
4,14-08-2023 16:00,1
9,01-11-2023 10:00,1
3,03-06-2023 04:00,1
2,12-11-2023 03:00,1
17,06-08-2024 05:00,0
10,10-06-2023 21:00,0
22,05-08-2023 18:00,2
17,28-06-2023 04:00,0
18,04-04-2025 01:00,0
18,01-07-2023 17:00,0
13,12-07-2023 03:00,0
14,05-07-2023 03:00,0
13,11-07-2023 07:00,0
5,14-08-2023 10:00,1
17,06-06-2023 18:00,0
24,05-08-2023 20:00,2
18,17-06-2023 08:00,0
17,21-06-2023 09:00,0
21,27-06-2023 06:00,2
17,02-08-2023 21:00,0
7,08-06-2023 20:00,1
4,26-07-2023 18:00,1
15,04-07-2023 09:00,0
25,11-11-2023 12:00,2
21,31-05-2023 05:00,2
5,13-07-2023 07:00,1
8,19-06-2023 08:00,1
0,03-08-2023 10:00,1
4,30-05-2023 10:00,1
9,30-07-2023 12:00,1
5,26-01-2024 22:00,1
14,13-08-2023 11:00,0
14,29-05-2023 12:00,0
22,05-06-2023 14:00,2
9,04-08-2023 22:00,1
14,21-06-2023 22:00,0
1,12-06-2023 15:00,1
10,25-06-2023 21:00,0
28,15-07-2023 20:00,2
8,20-06-2023 08:00,1
10,29-07-2023 08:00,0
25,30-06-2023 23:00,2
0,30-07-2023 13:00,1
23,28-07-2023 13:00,2
5,15-05-2025 00:00,1
13,14-08-2023 00:00,0
15,24-07-2023 11:00,0
21,14-06-2023 22:00,2
4,11-06-2023 14:00,1
15,08-08-2023 09:00,0
14,23-08-2023 22:00,0
21,02-08-2023 19:00,2
20,24-06-2023 15:00,2
22,06-08-2023 02:00,2
4,22-06-2023 16:00,1
13,11-09-2023 01:00,0
10,15-06-2023 06:00,0
21,25-07-2023 09:00,2
17,16-07-2023 04:00,0
1,23-07-2023 01:00,1
21,22-07-2023 20:00,2
8,24-02-2025 06:00,1
13,06-06-2023 17:00,0
17,04-06-2023 02:00,0
16,12-06-2023 06:00,0
14,11-06-2023 02:00,0
17,05-08-2023 06:00,0
5,20-07-2023 06:00,1
23,09-06-2023 14:00,2
4,11-07-2023 13:00,1
15,27-07-2023 02:00,0
27,23-07-2023 06:00,2
5,30-06-2023 02:00,1
17,17-06-2023 06:00,0
12,18-04-2025 11:00,0
5,17-06-2023 10:00,1
17,23-06-2023 21:00,0
18,18-06-2023 23:00,0
4,06-06-2023 16:00,1
17,30-06-2023 23:00,0
13,14-08-2023 14:00,0
5,28-07-2024 02:00,1
17,29-07-2023 03:00,0
19,11-06-2023 11:00,2
4,17-08-2023 11:00,1
17,05-08-2023 02:00,0
24,06-07-2023 13:00,2
24,14-08-2023 17:00,2
14,19-07-2023 02:00,0
5,27-06-2023 01:00,1
7,19-07-2023 07:00,1
17,16-06-2023 13:00,0
8,11-06-2023 18:00,1
22,16-07-2023 17:00,2
5,21-07-2023 14:00,1
13,10-08-2023 03:00,0
5,18-07-2023 06:00,1
28,01-08-2023 16:00,2
27,20-08-2023 15:00,2
2,03-07-2023 00:00,1
21,11-11-2023 21:00,2
10,16-06-2023 13:00,0
4,30-06-2023 06:00,1
5,12-07-2023 01:00,1
11,24-08-2023 21:00,0
4,23-08-2023 04:00,1
4,30-07-2023 17:00,1
17,06-08-2023 06:00,0
5,26-07-2023 05:00,1
8,26-08-2023 12:00,1
6,09-11-2024 13:00,1
12,20-06-2023 09:00,0
23,09-08-2023 10:00,2
11,09-08-2023 22:00,0
5,27-07-2023 01:00,1
18,30-08-2023 11:00,0
1,04-07-2023 12:00,1
2,15-07-2023 09:00,1
5,09-06-2023 21:00,1
24,04-08-2023 07:00,2
21,12-06-2023 15:00,2
28,16-07-2023 11:00,2
17,18-08-2023 20:00,0
2,03-07-2023 14:00,1
17,01-07-2023 15:00,0
17,04-07-2023 14:00,0
5,11-08-2023 13:00,1
1,03-06-2023 23:00,1
17,11-05-2025 17:00,0
16,19-06-2023 00:00,0
5,16-07-2023 05:00,1
2,06-08-2023 21:00,1
28,14-06-2024 02:00,2
13,27-08-2023 20:00,0
2,09-06-2023 19:00,1
18,05-10-2023 14:00,0
10,06-08-2023 23:00,0
2,03-11-2023 06:00,1
9,17-07-2023 19:00,1
17,26-06-2023 16:00,0
13,21-11-2023 08:00,0
8,13-08-2023 10:00,1
9,16-08-2023 08:00,1
1,23-07-2023 06:00,1
13,18-01-2024 10:00,0
9,31-07-2023 08:00,1
17,12-06-2023 00:00,0
21,03-08-2023 00:00,2
21,23-06-2023 07:00,2
2,08-07-2023 15:00,1
8,24-06-2023 18:00,1
26,11-07-2023 09:00,2
27,30-06-2023 09:00,2
8,24-06-2023 10:00,1
18,22-07-2023 01:00,0
3,24-07-2023 02:00,1
4,12-06-2023 02:00,1
1,30-08-2023 17:00,1
14,24-07-2023 22:00,0
1,23-04-2024 16:00,1
10,17-08-2023 02:00,0
2,27-06-2023 20:00,1
16,19-08-2023 01:00,0
28,22-08-2023 16:00,2
2,25-10-2023 09:00,1
5,15-11-2024 00:00,1
2,26-07-2023 14:00,1
17,26-06-2023 02:00,0
4,18-01-2025 04:00,1
5,03-07-2023 12:00,1
7,28-07-2023 13:00,1
24,06-10-2023 23:00,2
13,29-06-2023 15:00,0
1,05-07-2023 23:00,1
8,26-06-2023 11:00,1
14,14-06-2023 03:00,0
10,05-08-2023 18:00,0
2,05-08-2023 05:00,1
4,08-07-2023 20:00,1
5,02-09-2023 16:00,1
8,20-08-2023 23:00,1
17,16-08-2023 23:00,0
5,21-06-2023 11:00,1
0,09-06-2023 15:00,1
8,17-10-2023 23:00,1
4,19-06-2023 07:00,1
8,28-06-2023 20:00,1
3,21-07-2023 02:00,1
13,31-07-2023 01:00,0
13,01-07-2023 19:00,0
5,24-08-2023 04:00,1
8,21-06-2023 17:00,1
2,15-06-2024 20:00,1
13,30-06-2023 12:00,0
17,23-07-2023 19:00,0
2,19-06-2023 11:00,1
10,24-06-2023 02:00,0
17,31-07-2023 15:00,0
25,23-07-2023 00:00,2
17,28-06-2023 08:00,0
17,28-09-2024 12:00,0
5,26-08-2023 21:00,1
17,16-06-2023 01:00,0
8,24-08-2023 09:00,1
5,02-09-2023 22:00,1
5,04-08-2023 19:00,1
24,10-08-2023 20:00,2
17,22-07-2023 09:00,0
10,22-06-2023 07:00,0
5,20-06-2023 02:00,1
28,06-09-2023 16:00,2
8,06-09-2023 06:00,1
21,24-06-2023 18:00,2
2,04-09-2023 17:00,1
2,02-07-2023 22:00,1
5,22-07-2023 21:00,1
1,10-07-2023 02:00,1
8,06-08-2023 02:00,1
24,23-03-2024 13:00,2
5,16-09-2024 16:00,1
5,13-07-2023 23:00,1
5,31-08-2023 15:00,1
21,25-06-2023 05:00,2
5,09-08-2023 22:00,1
17,23-07-2023 21:00,0
13,21-08-2023 12:00,0
5,28-09-2023 02:00,1
2,04-07-2023 19:00,1
24,04-07-2023 20:00,2
8,15-10-2023 22:00,1
17,28-06-2023 07:00,0
16,27-07-2023 10:00,0
9,05-08-2023 18:00,1
4,21-08-2023 21:00,1
13,25-06-2023 18:00,0
8,06-07-2023 02:00,1
5,04-09-2023 14:00,1
25,31-07-2023 17:00,2
17,08-07-2023 09:00,0
15,24-08-2023 20:00,0
25,28-07-2023 20:00,2
20,25-07-2023 01:00,2
12,10-07-2023 21:00,0
22,05-07-2023 04:00,2
0,13-07-2023 04:00,1
9,09-08-2023 00:00,1
24,12-06-2023 05:00,2
16,16-07-2023 21:00,0
2,02-09-2023 15:00,1
12,04-08-2023 18:00,0
5,26-06-2023 17:00,1
2,21-06-2023 03:00,1
24,12-04-2024 22:00,2
6,20-07-2023 06:00,1
21,29-06-2024 17:00,2
1,23-08-2023 03:00,1
12,27-08-2023 06:00,0
17,30-08-2023 18:00,0
1,21-08-2023 09:00,1
17,21-08-2023 20:00,0
25,29-06-2023 22:00,2
12,11-08-2023 21:00,0
12,19-08-2023 15:00,0
17,23-07-2023 18:00,0
5,19-06-2023 22:00,1
21,07-07-2023 04:00,2
17,17-07-2023 03:00,0
0,14-07-2023 17:00,1
8,09-07-2023 02:00,1
5,11-07-2023 16:00,1
2,04-10-2023 21:00,1
17,01-07-2023 04:00,0
20,07-07-2023 23:00,2
18,27-07-2023 15:00,0
6,21-10-2023 15:00,1
14,05-09-2023 18:00,0
8,31-07-2023 22:00,1
12,11-07-2023 16:00,0
24,04-07-2023 10:00,2
4,30-07-2023 05:00,1
4,06-06-2024 04:00,1
21,30-07-2023 07:00,2
5,06-08-2023 22:00,1
18,01-08-2023 05:00,0
24,01-07-2023 04:00,2
17,05-07-2023 13:00,0
2,12-12-2023 23:00,1
5,29-07-2023 21:00,1
6,27-08-2023 23:00,1
25,29-06-2023 23:00,2
5,15-08-2023 14:00,1
17,17-08-2023 17:00,0
10,24-06-2023 22:00,0
2,08-07-2023 06:00,1
4,28-06-2023 23:00,1
8,26-10-2023 23:00,1
7,30-08-2023 13:00,1
5,26-08-2023 15:00,1
1,06-07-2023 10:00,1
8,10-09-2023 14:00,1
8,29-08-2023 15:00,1
25,04-07-2023 15:00,2
1,12-08-2023 23:00,1
5,08-08-2023 15:00,1
5,18-08-2023 11:00,1
2,29-07-2023 05:00,1
1,20-07-2023 05:00,1
1,09-07-2023 06:00,1
2,20-06-2023 17:00,1
5,26-04-2024 19:00,1
4,12-09-2023 16:00,1
10,03-09-2023 22:00,0
14,10-09-2023 04:00,0
6,27-06-2023 13:00,1
10,29-08-2023 23:00,0
9,14-12-2023 00:00,1
17,29-06-2023 22:00,0
6,17-07-2023 11:00,1
17,09-08-2023 08:00,0
8,30-08-2023 06:00,1
8,21-07-2023 09:00,1
9,13-07-2023 16:00,1
17,03-09-2023 19:00,0
5,12-07-2023 17:00,1
5,07-09-2023 09:00,1
4,01-09-2023 01:00,1
25,17-09-2023 02:00,2
7,22-01-2024 03:00,1
1,07-07-2023 23:00,1
1,03-08-2023 12:00,1
4,27-07-2023 06:00,1
17,08-07-2023 09:00,0
13,31-07-2023 15:00,0
21,13-09-2023 12:00,2
9,24-08-2023 05:00,1
16,10-09-2023 18:00,0
26,29-06-2023 06:00,2
10,25-07-2023 10:00,0
18,22-07-2023 16:00,0
8,28-08-2023 20:00,1
2,23-08-2023 15:00,1
8,17-08-2023 21:00,1
8,06-08-2023 01:00,1
17,04-08-2023 10:00,0
2,16-07-2023 19:00,1
18,14-09-2023 16:00,0
25,21-08-2023 16:00,2
16,21-08-2023 17:00,0
2,03-07-2023 09:00,1
26,04-09-2023 07:00,2
17,08-08-2023 13:00,0
8,18-07-2023 19:00,1
27,22-08-2023 11:00,2
5,08-07-2023 15:00,1
2,14-07-2023 11:00,1
11,28-07-2023 16:00,0
5,05-07-2023 10:00,1
17,10-08-2023 10:00,0
12,21-08-2023 07:00,0
24,09-07-2023 02:00,2
28,26-12-2024 14:00,2
2,12-08-2023 14:00,1
4,06-07-2023 21:00,1
8,16-07-2023 22:00,1
2,05-08-2023 12:00,1
21,02-09-2023 11:00,2
24,25-08-2023 07:00,2
7,11-07-2023 10:00,1
4,25-09-2024 18:00,1
1,27-07-2023 06:00,1
4,18-08-2023 19:00,1
8,30-08-2023 02:00,1
27,15-09-2023 14:00,2
20,07-07-2023 07:00,2
13,08-09-2023 23:00,0
17,13-09-2023 01:00,0
8,31-07-2023 07:00,1
12,19-07-2023 23:00,0
5,16-08-2023 02:00,1
5,29-07-2023 14:00,1
4,10-09-2023 13:00,1
6,10-07-2023 06:00,1
21,13-07-2023 06:00,2
20,30-06-2023 11:00,2
17,18-09-2023 20:00,0
2,31-08-2023 14:00,1
5,25-08-2023 07:00,1
18,04-08-2023 04:00,0
5,09-07-2023 08:00,1
17,11-09-2023 19:00,0
5,30-07-2023 14:00,1
6,24-07-2023 18:00,1
1,11-09-2023 15:00,1
4,23-07-2023 19:00,1
3,19-07-2023 04:00,1
27,30-07-2023 00:00,2
14,26-08-2023 12:00,0
1,22-08-2023 10:00,1
18,10-07-2023 04:00,0
25,07-09-2023 20:00,2
2,22-08-2023 23:00,1
13,07-07-2023 11:00,0
4,14-12-2023 09:00,1
14,23-01-2024 17:00,0
17,20-07-2023 22:00,0
5,12-07-2023 21:00,1
10,19-09-2023 03:00,0
1,13-09-2023 08:00,1
13,27-08-2023 11:00,0
8,30-08-2023 18:00,1
17,05-07-2023 18:00,0
4,17-09-2023 07:00,1
2,09-07-2023 11:00,1
14,04-09-2023 13:00,0
5,22-09-2023 10:00,1
5,20-09-2023 03:00,1
5,09-08-2023 13:00,1
2,09-09-2023 07:00,1
18,14-07-2023 15:00,0
10,31-10-2023 07:00,0
12,26-09-2023 23:00,0
7,27-07-2023 12:00,1
23,07-07-2023 04:00,2
5,02-07-2023 04:00,1
17,12-07-2023 03:00,0
2,12-09-2023 14:00,1
2,10-07-2023 05:00,1
5,15-09-2023 19:00,1
2,16-03-2025 05:00,1
2,27-08-2023 07:00,1
2,11-09-2023 20:00,1
2,16-08-2023 02:00,1
17,21-12-2024 17:00,0
1,05-09-2023 14:00,1
10,30-07-2023 20:00,0
2,31-07-2023 02:00,1
10,12-09-2023 03:00,0
21,10-08-2023 10:00,2
20,20-09-2023 13:00,2
2,26-08-2023 10:00,1
17,16-12-2024 20:00,0
2,30-08-2023 16:00,1
5,07-07-2023 20:00,1
17,17-08-2023 01:00,0
21,21-07-2023 19:00,2
4,16-07-2023 17:00,1
24,24-05-2025 00:00,2
1,16-09-2023 08:00,1
8,06-07-2023 23:00,1
8,29-09-2023 18:00,1
16,30-09-2023 03:00,0
17,10-09-2023 09:00,0
8,25-01-2024 17:00,1
8,29-07-2023 20:00,1
1,01-09-2023 19:00,1
5,13-09-2023 12:00,1
17,18-08-2023 01:00,0
7,27-07-2023 10:00,1
10,15-07-2023 05:00,0
22,17-02-2025 15:00,2
17,22-04-2024 21:00,0
22,25-07-2023 16:00,2
5,23-09-2023 06:00,1
2,09-07-2023 23:00,1
4,29-11-2023 23:00,1
7,11-09-2023 03:00,1
4,30-08-2023 00:00,1
20,28-07-2023 03:00,2
8,31-07-2023 13:00,1
2,25-07-2023 04:00,1
8,09-08-2023 20:00,1
13,16-07-2023 06:00,0
9,05-08-2023 04:00,1
8,13-08-2023 14:00,1
4,18-09-2023 22:00,1
0,16-07-2023 02:00,1
20,25-09-2023 00:00,2
8,12-07-2023 20:00,1
5,11-07-2023 05:00,1
20,28-07-2023 06:00,2
24,06-09-2023 18:00,2
3,20-12-2023 01:00,1
5,09-09-2023 04:00,1
3,28-06-2024 06:00,1
2,13-08-2023 11:00,1
21,30-07-2023 16:00,2
2,08-10-2023 07:00,1
19,08-08-2023 21:00,2
1,24-07-2023 18:00,1
10,07-09-2023 05:00,0
1,01-10-2023 11:00,1
21,29-08-2023 19:00,2
5,27-11-2023 01:00,1
5,15-08-2023 06:00,1
8,20-07-2023 23:00,1
24,27-07-2023 13:00,2
4,15-09-2023 20:00,1
17,22-07-2023 14:00,0
13,02-10-2023 07:00,0
17,02-09-2023 01:00,0
24,15-07-2023 12:00,2
17,31-08-2023 11:00,0
5,13-08-2023 19:00,1
7,30-07-2023 09:00,1
18,12-08-2023 11:00,0
15,03-04-2025 09:00,0
4,31-12-2024 12:00,1
8,21-08-2023 20:00,1
10,16-10-2023 06:00,0
26,27-09-2023 19:00,2
5,27-08-2023 05:00,1
13,28-08-2023 06:00,0
1,22-08-2023 06:00,1
4,14-08-2023 06:00,1
4,01-08-2023 12:00,1
12,14-08-2023 12:00,0
13,29-10-2023 16:00,0
10,31-08-2023 17:00,0
17,11-08-2023 11:00,0
14,01-10-2023 21:00,0
4,18-07-2023 09:00,1
2,18-08-2023 17:00,1
24,21-09-2023 03:00,2
2,23-08-2023 19:00,1
3,23-08-2023 01:00,1
0,26-09-2023 15:00,1
28,08-08-2023 17:00,2
5,27-09-2023 02:00,1
14,29-07-2023 03:00,0
1,24-05-2024 21:00,1
8,22-08-2023 03:00,1
13,22-08-2023 11:00,0
4,12-08-2023 17:00,1
4,14-09-2023 11:00,1
15,06-08-2023 11:00,0
0,19-07-2023 13:00,1
7,06-09-2023 20:00,1
8,25-07-2023 17:00,1
24,03-08-2023 01:00,2
24,28-09-2023 20:00,2
23,25-09-2023 05:00,2
1,25-07-2023 19:00,1
9,17-09-2023 21:00,1
5,16-08-2023 14:00,1
0,28-08-2024 01:00,1
14,10-08-2023 16:00,0
4,23-07-2023 19:00,1
2,18-07-2023 18:00,1
13,29-07-2023 02:00,0
18,07-10-2023 12:00,0
5,17-07-2023 16:00,1
21,08-10-2023 00:00,2
21,05-08-2023 08:00,2
5,31-08-2023 07:00,1
21,07-08-2023 07:00,2
13,31-07-2023 10:00,0
4,21-07-2023 08:00,1
5,11-08-2023 05:00,1
14,28-08-2023 20:00,0
26,04-08-2023 17:00,2
5,22-08-2024 06:00,1
1,24-07-2023 15:00,1
8,25-10-2023 02:00,1
8,01-10-2023 19:00,1
5,24-03-2025 19:00,1
10,19-09-2023 21:00,0
14,11-10-2023 22:00,0
0,25-07-2023 01:00,1
5,07-09-2023 23:00,1
12,13-08-2023 11:00,0
25,28-08-2023 17:00,2
2,03-12-2023 15:00,1
2,03-10-2023 13:00,1
18,02-11-2024 16:00,0
8,12-04-2024 08:00,1
15,22-08-2023 04:00,0
7,21-09-2023 05:00,1
5,03-08-2023 20:00,1
2,26-08-2023 23:00,1
25,03-10-2023 09:00,2
4,26-09-2023 07:00,1
18,24-08-2023 18:00,0
5,21-07-2023 03:00,1
15,29-07-2023 21:00,0
17,29-08-2023 07:00,0
2,11-08-2023 00:00,1
8,20-07-2023 16:00,1
5,07-08-2023 03:00,1
17,05-08-2023 00:00,0
5,19-09-2023 11:00,1
16,19-07-2023 17:00,0
4,02-08-2023 17:00,1
14,11-08-2023 07:00,0
5,19-08-2023 14:00,1
12,20-08-2023 01:00,0
17,11-08-2023 15:00,0
13,07-09-2023 14:00,0
12,11-10-2023 06:00,0
17,06-10-2023 09:00,0
2,01-10-2023 06:00,1
14,29-07-2023 13:00,0
26,18-08-2023 06:00,2
17,16-09-2023 14:00,0
17,14-07-2024 03:00,0
2,23-07-2023 22:00,1
18,19-08-2023 09:00,0
5,09-08-2023 21:00,1
14,07-09-2023 01:00,0
28,25-08-2024 06:00,2
2,02-10-2023 04:00,1
13,06-10-2023 07:00,0
5,16-11-2023 04:00,1
5,10-07-2025 22:00,1
17,28-09-2023 16:00,0
15,02-01-2024 23:00,0
13,14-08-2023 04:00,0
2,05-10-2023 02:00,1
14,06-08-2023 01:00,0
17,22-08-2023 16:00,0
4,12-08-2023 13:00,1
21,12-08-2023 02:00,2
18,11-09-2023 23:00,0
5,01-09-2023 14:00,1
2,20-08-2023 20:00,1
2,08-09-2023 02:00,1
21,13-08-2023 07:00,2
10,16-08-2023 06:00,0
0,26-08-2023 11:00,1
8,24-09-2023 18:00,1
17,15-08-2023 04:00,0
5,16-08-2023 06:00,1
28,02-09-2023 04:00,2
24,19-10-2024 15:00,2
5,21-08-2023 22:00,1
5,11-08-2023 13:00,1
15,05-09-2023 04:00,0
5,26-07-2023 10:00,1
21,29-08-2023 20:00,2
3,04-10-2023 15:00,1
4,02-08-2024 09:00,1
17,24-12-2023 09:00,0
25,09-10-2023 16:00,2
0,24-08-2023 04:00,1
27,12-09-2023 06:00,2
18,11-10-2023 00:00,0
17,03-08-2023 01:00,0
18,16-10-2023 22:00,0
0,26-09-2023 05:00,1
21,14-09-2023 08:00,2
5,11-08-2023 22:00,1
6,26-08-2023 06:00,1
17,17-10-2023 23:00,0
0,07-08-2023 07:00,1
15,18-09-2023 14:00,0
14,01-08-2023 07:00,0
24,12-09-2023 18:00,2
5,24-07-2023 18:00,1
5,20-08-2023 12:00,1
22,13-09-2023 20:00,2
8,17-12-2023 11:00,1
3,12-12-2023 21:00,1
8,07-10-2023 01:00,1
10,02-10-2023 14:00,0
13,24-08-2023 22:00,0
24,03-08-2023 12:00,2
2,31-08-2023 21:00,1
5,29-09-2023 13:00,1
14,28-08-2023 16:00,0
13,31-07-2024 06:00,0
8,20-10-2023 10:00,1
17,03-09-2023 08:00,0
13,29-10-2023 11:00,0
9,28-08-2023 15:00,1
8,12-08-2023 07:00,1
5,03-08-2023 06:00,1
3,13-09-2023 01:00,1
25,04-09-2023 22:00,2
21,11-10-2023 01:00,2
4,30-09-2023 08:00,1
13,11-09-2023 06:00,0
13,13-08-2023 00:00,0
13,01-06-2024 04:00,0
5,17-09-2024 16:00,1
24,23-09-2023 00:00,2
6,13-08-2023 02:00,1
5,03-09-2023 02:00,1
13,13-09-2023 01:00,0
17,22-10-2023 05:00,0
11,03-09-2023 11:00,0
14,01-09-2023 20:00,0
22,13-08-2023 01:00,2
13,03-08-2023 14:00,0
5,28-08-2023 03:00,1
17,29-07-2023 01:00,0
20,18-10-2023 07:00,2
1,06-09-2023 07:00,1
13,12-07-2024 11:00,0
15,12-10-2023 19:00,0
8,11-08-2023 12:00,1
5,01-09-2023 04:00,1
17,07-10-2023 08:00,0
10,16-10-2023 23:00,0
5,11-09-2023 21:00,1
8,28-09-2023 07:00,1
22,08-02-2024 13:00,2
8,15-12-2023 16:00,1
4,26-08-2023 00:00,1
17,20-09-2023 19:00,0
21,23-10-2023 13:00,2
8,31-07-2023 19:00,1
2,23-10-2023 17:00,1
1,07-11-2023 00:00,1
2,15-08-2023 11:00,1
17,25-08-2023 14:00,0
4,01-10-2023 08:00,1
21,03-10-2023 00:00,2
8,15-08-2023 18:00,1
2,22-08-2023 09:00,1
4,30-09-2023 08:00,1
10,15-09-2023 10:00,0
13,22-08-2023 12:00,0
3,01-10-2023 01:00,1
16,18-08-2023 20:00,0
21,13-09-2023 12:00,2
2,14-08-2023 17:00,1
5,09-08-2023 03:00,1
1,24-09-2023 13:00,1
24,04-10-2023 16:00,2
16,21-08-2023 16:00,0
14,03-10-2023 18:00,0
2,05-10-2023 09:00,1
12,14-01-2024 16:00,0
21,20-09-2023 03:00,2
17,21-08-2023 23:00,0
13,31-12-2024 14:00,0
4,23-11-2023 10:00,1
5,23-09-2023 09:00,1
25,28-07-2024 21:00,2
4,02-09-2023 22:00,1
8,17-10-2023 08:00,1
17,14-08-2023 12:00,0
17,10-10-2023 09:00,0
2,05-10-2023 00:00,1
2,27-09-2023 18:00,1
5,14-09-2024 11:00,1
8,10-10-2023 15:00,1
0,14-08-2023 08:00,1
17,03-09-2023 15:00,0
8,07-01-2024 21:00,1
0,29-09-2023 08:00,1
14,08-08-2023 13:00,0
24,22-08-2023 22:00,2
14,01-09-2023 17:00,0
1,11-10-2023 23:00,1
4,15-08-2023 09:00,1
5,18-12-2023 17:00,1
21,05-08-2023 07:00,2
1,02-10-2023 04:00,1
15,30-10-2023 01:00,0
5,16-09-2023 16:00,1
17,13-09-2023 06:00,0
3,28-02-2024 18:00,1
13,23-10-2023 08:00,0
5,12-10-2023 22:00,1
13,25-10-2023 12:00,0
4,11-01-2024 02:00,1
4,20-05-2025 15:00,1
21,23-08-2023 09:00,2
14,08-10-2023 15:00,0
25,08-10-2023 14:00,2
8,26-08-2023 14:00,1
20,29-08-2023 09:00,2
13,13-08-2023 12:00,0
0,14-08-2023 03:00,1
23,11-08-2023 18:00,2
1,21-08-2023 13:00,1
3,25-08-2023 14:00,1
13,08-10-2023 07:00,0
26,20-09-2023 05:00,2
5,11-09-2023 09:00,1
21,31-08-2023 18:00,2
9,13-09-2023 08:00,1
18,22-09-2023 17:00,0
8,03-09-2023 05:00,1
5,31-08-2023 10:00,1
8,28-08-2023 11:00,1
17,21-10-2023 15:00,0
9,21-12-2023 11:00,1
5,29-08-2023 15:00,1
14,01-09-2023 23:00,0
0,11-09-2023 07:00,1
13,17-08-2023 12:00,0
5,11-04-2024 23:00,1
17,01-11-2023 03:00,0
24,02-10-2023 07:00,2
6,25-10-2023 01:00,1
24,09-10-2024 22:00,2
12,06-09-2023 16:00,0
1,03-12-2023 22:00,1
18,03-11-2023 18:00,0
25,15-10-2023 08:00,2
24,16-10-2023 09:00,2
12,16-08-2023 18:00,0
5,01-10-2023 15:00,1
5,01-10-2023 11:00,1
20,03-10-2023 12:00,2
4,23-10-2024 18:00,1
2,25-08-2023 23:00,1
5,26-10-2024 23:00,1
4,07-10-2023 07:00,1
1,29-10-2023 19:00,1
4,18-10-2023 18:00,1
5,26-08-2023 00:00,1
18,11-09-2023 00:00,0
1,08-09-2023 21:00,1
4,19-09-2023 19:00,1
5,18-09-2023 13:00,1
1,21-08-2023 21:00,1
25,20-09-2023 15:00,2
14,31-10-2023 09:00,0
5,22-09-2023 13:00,1
1,16-08-2023 19:00,1
17,14-09-2023 04:00,0
2,07-10-2023 20:00,1
21,24-02-2024 04:00,2
2,25-10-2023 14:00,1
2,08-10-2023 19:00,1
7,05-11-2023 05:00,1
5,21-09-2023 17:00,1
17,11-09-2023 12:00,0
10,27-09-2023 08:00,0
17,19-09-2023 05:00,0
5,06-01-2024 04:00,1
17,29-09-2023 18:00,0
17,24-09-2023 21:00,0
28,28-08-2023 19:00,2
17,10-11-2023 03:00,0
13,29-08-2023 09:00,0
4,20-09-2023 07:00,1
17,21-10-2023 23:00,0
5,18-08-2023 10:00,1
0,15-10-2023 17:00,1
17,17-10-2023 04:00,0
1,03-09-2023 08:00,1
5,26-10-2023 14:00,1
8,06-11-2023 04:00,1
5,14-10-2023 03:00,1
17,07-11-2023 19:00,0
7,27-08-2023 16:00,1
2,08-10-2023 21:00,1
4,30-08-2023 16:00,1
2,29-10-2023 00:00,1
4,23-10-2023 23:00,1
17,22-10-2023 14:00,0
17,03-08-2025 10:00,0
4,27-09-2023 16:00,1
18,22-09-2023 13:00,0
8,31-10-2023 08:00,1
8,22-03-2025 04:00,1
12,06-10-2023 18:00,0
5,26-09-2023 08:00,1
13,25-10-2023 05:00,0
13,15-10-2023 23:00,0
14,23-08-2023 15:00,0
17,24-09-2023 23:00,0
17,27-10-2023 02:00,0
4,21-09-2023 17:00,1
10,02-09-2023 01:00,0
2,14-02-2025 01:00,1
26,24-09-2023 07:00,2
17,04-10-2023 06:00,0
5,18-09-2023 23:00,1
5,08-09-2023 14:00,1
17,18-09-2023 11:00,0
2,18-10-2023 16:00,1
13,25-10-2023 16:00,0
10,14-09-2023 14:00,0
13,16-09-2023 05:00,0
21,13-08-2023 23:00,2
13,30-08-2023 06:00,0
24,29-08-2023 04:00,2
17,28-08-2023 21:00,0
15,10-09-2023 02:00,0
20,09-06-2024 14:00,2
8,13-10-2023 04:00,1
5,29-08-2023 02:00,1
13,08-09-2023 16:00,0
2,01-09-2023 18:00,1
5,03-11-2023 07:00,1
21,07-10-2023 23:00,2
26,29-10-2023 22:00,2
12,18-08-2023 01:00,0
24,05-11-2023 13:00,2
18,30-08-2023 15:00,0
17,29-10-2023 03:00,0
28,24-03-2024 10:00,2
4,30-08-2023 22:00,1
2,07-11-2023 03:00,1
7,24-08-2023 10:00,1
13,16-02-2024 09:00,0
2,06-09-2023 12:00,1
1,01-11-2023 15:00,1
5,12-05-2025 06:00,1
2,28-09-2023 17:00,1
17,12-11-2023 12:00,0
8,29-08-2023 08:00,1
5,05-09-2023 15:00,1
23,25-10-2023 13:00,2
17,06-09-2023 06:00,0
4,13-09-2024 16:00,1
5,04-09-2023 16:00,1
9,21-09-2023 20:00,1
5,31-08-2023 00:00,1
17,31-10-2023 23:00,0
5,17-10-2023 20:00,1
5,25-10-2023 02:00,1
18,07-11-2023 16:00,0
13,14-11-2023 03:00,0
5,11-09-2023 04:00,1
15,19-09-2023 19:00,0
18,03-11-2023 15:00,0
10,02-09-2023 22:00,0
10,03-04-2024 10:00,0
17,17-10-2023 11:00,0
7,27-08-2023 00:00,1
23,11-10-2023 01:00,2
3,02-04-2025 19:00,1
5,03-09-2023 08:00,1
8,20-10-2023 11:00,1
17,23-09-2023 02:00,0
5,17-10-2023 05:00,1
14,02-11-2023 20:00,0
4,01-10-2023 21:00,1
27,15-10-2023 03:00,2
5,07-11-2023 13:00,1
10,26-10-2023 12:00,0
4,26-08-2023 14:00,1
21,17-09-2023 00:00,2
8,16-01-2025 09:00,1
24,11-10-2023 06:00,2
8,28-10-2023 13:00,1
21,23-09-2023 19:00,2
8,13-11-2023 20:00,1
2,30-08-2023 10:00,1
2,03-09-2023 00:00,1
14,12-10-2023 14:00,0
17,18-10-2023 12:00,0
24,12-09-2023 06:00,2
14,09-12-2023 11:00,0
8,23-09-2023 16:00,1
16,24-09-2023 11:00,0
20,14-09-2023 04:00,2
17,22-09-2023 11:00,0
13,06-10-2023 16:00,0
6,07-09-2023 15:00,1
8,26-09-2023 18:00,1
5,08-09-2023 02:00,1
2,12-10-2023 22:00,1
17,23-08-2023 12:00,0
13,23-10-2023 12:00,0
21,30-08-2023 00:00,2
2,13-09-2023 12:00,1
4,17-10-2023 06:00,1
2,03-11-2023 00:00,1
4,03-10-2023 15:00,1
19,01-11-2023 23:00,2
13,15-09-2023 11:00,0
28,18-11-2024 09:00,2
21,01-09-2023 16:00,2
15,03-09-2023 22:00,0
2,08-11-2023 05:00,1
2,29-06-2024 04:00,1
20,01-11-2023 06:00,2
2,12-11-2023 23:00,1
10,22-09-2023 10:00,0
24,07-09-2023 20:00,2
17,01-11-2023 17:00,0
15,12-09-2024 12:00,0
10,10-11-2023 23:00,0
17,02-07-2024 01:00,0
24,13-03-2025 08:00,2
13,05-09-2023 17:00,0
13,12-10-2023 02:00,0
5,17-11-2023 22:00,1
8,26-10-2023 22:00,1
4,07-10-2023 05:00,1
12,06-11-2023 02:00,0
17,05-10-2023 15:00,0
17,25-12-2023 08:00,0
17,28-08-2023 19:00,0
4,30-09-2023 13:00,1
13,15-10-2023 17:00,0
5,03-11-2023 20:00,1
17,11-10-2023 11:00,0
21,21-10-2023 14:00,2
5,08-10-2023 03:00,1
5,09-09-2023 23:00,1
12,23-09-2023 04:00,0
2,09-11-2023 09:00,1
17,18-09-2023 08:00,0
10,11-09-2023 23:00,0
13,03-10-2023 14:00,0
18,06-09-2023 13:00,0
16,16-09-2023 13:00,0
5,04-10-2023 00:00,1
27,01-10-2023 12:00,2
24,15-09-2023 10:00,2
5,19-11-2023 07:00,1
5,30-10-2023 21:00,1
6,13-11-2023 23:00,1
10,30-09-2023 08:00,0
10,20-09-2023 11:00,0
5,14-11-2023 06:00,1
17,11-10-2023 05:00,0
8,15-09-2023 20:00,1
3,04-10-2023 20:00,1
5,02-01-2025 18:00,1
2,18-09-2023 17:00,1
8,12-11-2023 23:00,1
13,28-08-2024 03:00,0
21,30-09-2023 17:00,2
17,05-10-2023 03:00,0
8,21-11-2023 18:00,1
15,08-10-2023 05:00,0
10,04-11-2023 18:00,0
13,11-11-2023 14:00,0
6,22-11-2023 16:00,1
5,16-02-2024 16:00,1
18,23-10-2023 00:00,0
4,09-10-2023 15:00,1
14,21-10-2023 23:00,0
2,09-10-2023 06:00,1
22,04-11-2023 19:00,2
12,07-11-2023 12:00,0
5,22-09-2023 20:00,1
25,10-09-2023 22:00,2
14,10-09-2023 19:00,0
2,05-09-2023 04:00,1
17,18-09-2023 17:00,0
4,13-09-2023 21:00,1
17,18-10-2023 22:00,0
11,14-11-2023 03:00,0
12,27-10-2023 07:00,0
6,20-09-2023 06:00,1
5,19-03-2025 22:00,1
8,05-09-2023 07:00,1
10,24-10-2023 03:00,0
17,16-01-2025 19:00,0
10,21-10-2023 00:00,0
12,18-05-2025 15:00,0
2,30-10-2023 22:00,1
0,15-11-2023 16:00,1
17,01-10-2023 09:00,0
15,19-09-2023 08:00,0
5,30-10-2023 20:00,1
17,22-10-2023 08:00,0
28,25-09-2023 03:00,2
12,07-10-2023 23:00,0
21,24-05-2025 03:00,2
2,11-09-2023 16:00,1
8,23-08-2024 20:00,1
0,02-10-2023 17:00,1
21,04-09-2023 19:00,2
17,11-10-2023 23:00,0
24,30-09-2023 06:00,2
17,01-10-2023 17:00,0
8,22-09-2023 23:00,1
25,14-02-2024 01:00,2
5,19-11-2023 10:00,1
23,03-11-2023 14:00,2
7,12-10-2023 01:00,1
8,19-10-2023 11:00,1
20,02-08-2024 00:00,2
21,06-10-2023 05:00,2
8,10-08-2025 23:00,1
17,08-11-2024 17:00,0
5,08-10-2023 20:00,1
5,08-10-2023 09:00,1
13,22-11-2023 11:00,0
14,30-03-2025 14:00,0
7,03-10-2023 01:00,1
15,18-01-2024 06:00,0
13,23-09-2023 11:00,0
20,28-09-2023 14:00,2
5,24-11-2023 06:00,1
21,03-11-2023 14:00,2
17,20-11-2023 14:00,0
4,09-10-2023 18:00,1
14,04-11-2023 01:00,0
8,27-10-2023 21:00,1
14,03-12-2023 20:00,0
24,02-09-2023 10:00,2
1,09-10-2023 12:00,1
8,04-07-2024 16:00,1
5,10-11-2023 06:00,1
22,19-10-2023 08:00,2
25,23-09-2023 18:00,2
10,09-09-2023 21:00,0
18,07-12-2023 20:00,0
9,14-05-2025 12:00,1
1,10-10-2023 23:00,1
15,20-11-2023 01:00,0
10,11-11-2023 19:00,0
11,07-11-2023 00:00,0
20,16-11-2023 11:00,2
17,07-09-2023 20:00,0
4,25-10-2023 01:00,1
5,13-10-2023 00:00,1
19,01-10-2023 01:00,2
8,25-11-2023 06:00,1
10,19-11-2023 13:00,0
17,20-09-2023 15:00,0
2,18-09-2023 05:00,1
21,27-10-2023 18:00,2
21,24-10-2023 19:00,2
21,09-11-2023 21:00,2
17,20-10-2023 03:00,0
21,30-10-2023 19:00,2
24,19-09-2023 05:00,2
21,15-09-2023 07:00,2
15,12-12-2023 02:00,0
8,08-09-2023 16:00,1
5,22-09-2023 00:00,1
25,24-06-2024 08:00,2
17,12-01-2025 02:00,0
0,23-11-2023 20:00,1
17,23-09-2023 14:00,0
9,09-10-2023 17:00,1
28,22-11-2023 09:00,2
25,09-10-2023 12:00,2
8,22-09-2023 10:00,1
10,20-10-2023 13:00,0
1,23-12-2023 11:00,1
15,24-12-2023 21:00,0
15,09-10-2023 21:00,0
14,12-11-2023 15:00,0
15,01-03-2024 03:00,0
8,09-10-2023 18:00,1
10,23-09-2023 19:00,0
25,13-09-2023 09:00,2
1,10-10-2023 14:00,1
21,18-11-2023 19:00,2
13,15-01-2024 11:00,0
21,15-10-2023 03:00,2
2,22-09-2023 22:00,1
17,01-10-2023 10:00,0
2,11-09-2023 05:00,1
11,15-09-2023 11:00,0
13,18-10-2023 16:00,0
13,09-10-2023 14:00,0
17,06-11-2023 16:00,0
4,01-11-2023 04:00,1
4,03-12-2023 14:00,1
14,12-10-2023 11:00,0
14,23-01-2024 16:00,0
5,23-09-2023 12:00,1
28,16-09-2023 12:00,2
9,20-11-2023 23:00,1
17,29-09-2023 04:00,0
13,26-09-2023 09:00,0
10,23-09-2023 21:00,0
0,17-11-2023 22:00,1
17,18-09-2023 10:00,0
21,27-11-2023 23:00,2
25,23-10-2023 18:00,2
21,23-11-2023 09:00,2
4,03-07-2025 01:00,1
24,23-10-2023 00:00,2
17,03-10-2023 09:00,0
14,06-12-2023 21:00,0
8,21-10-2023 03:00,1
8,02-12-2023 19:00,1
4,28-02-2024 06:00,1
13,28-11-2023 01:00,0
2,17-11-2023 17:00,1
4,20-09-2023 03:00,1
13,18-09-2023 18:00,0
13,09-12-2023 17:00,0
2,09-07-2024 19:00,1
8,02-10-2023 07:00,1
10,07-10-2023 22:00,0
21,17-09-2023 11:00,2
6,08-10-2023 16:00,1
2,29-09-2023 04:00,1
5,06-10-2023 04:00,1
0,29-12-2023 01:00,1
4,25-08-2024 23:00,1
5,05-10-2023 06:00,1
2,29-03-2025 03:00,1
17,28-09-2023 03:00,0
2,08-12-2023 20:00,1
6,19-09-2023 22:00,1
17,29-09-2023 16:00,0
5,09-10-2023 14:00,1
14,23-09-2023 17:00,0
17,02-11-2023 10:00,0
10,21-09-2024 10:00,0
16,06-10-2023 08:00,0
21,26-10-2023 19:00,2
12,19-10-2023 07:00,0
1,04-10-2024 20:00,1
9,21-10-2023 15:00,1
17,15-11-2023 23:00,0
20,06-12-2023 23:00,2
25,20-04-2024 18:00,2
8,14-11-2023 20:00,1
8,15-05-2025 17:00,1
1,16-10-2023 11:00,1
8,07-11-2023 16:00,1
5,20-11-2023 14:00,1
9,29-11-2023 14:00,1
16,24-10-2023 05:00,0
13,24-09-2023 06:00,0
21,15-10-2023 03:00,2
19,06-08-2025 04:00,2
5,28-09-2023 11:00,1
0,20-11-2023 07:00,1
24,03-07-2024 09:00,2
13,03-10-2023 00:00,0
1,20-09-2023 16:00,1
25,24-10-2023 12:00,2
21,18-10-2023 21:00,2
17,04-10-2023 06:00,0
5,30-09-2023 03:00,1
10,24-11-2023 16:00,0
5,02-11-2023 11:00,1
12,15-10-2023 19:00,0
5,28-10-2023 12:00,1
5,01-10-2023 22:00,1
2,15-12-2023 00:00,1
2,22-09-2023 07:00,1
0,16-10-2023 22:00,1
17,11-08-2025 11:00,0
28,05-10-2023 17:00,2
8,01-12-2023 23:00,1
5,09-12-2023 12:00,1
13,03-10-2023 10:00,0
4,11-11-2023 13:00,1
17,05-11-2023 13:00,0
1,14-12-2023 23:00,1
14,28-10-2023 22:00,0
10,05-05-2024 07:00,0
28,12-11-2023 00:00,2
17,30-11-2023 19:00,0
5,05-10-2023 17:00,1
24,05-10-2023 20:00,2
0,01-11-2023 03:00,1
28,06-10-2023 13:00,2
22,06-12-2023 06:00,2
5,02-12-2023 02:00,1
17,10-12-2024 13:00,0
13,04-11-2023 13:00,0
2,03-02-2024 20:00,1
6,20-09-2023 19:00,1
10,02-12-2023 11:00,0
4,31-10-2023 19:00,1
20,14-12-2023 02:00,2
5,09-10-2023 00:00,1
2,07-11-2023 10:00,1
1,13-11-2023 02:00,1
8,31-08-2024 16:00,1
12,30-10-2023 16:00,0
13,04-07-2025 16:00,0
27,16-10-2023 04:00,2
1,03-12-2023 01:00,1
7,28-11-2023 20:00,1
8,24-11-2023 03:00,1
28,04-11-2023 06:00,2
1,11-10-2023 21:00,1
8,02-10-2023 11:00,1
8,20-10-2023 21:00,1
11,04-10-2023 17:00,0
4,09-10-2023 12:00,1
7,03-02-2024 10:00,1
5,15-12-2023 17:00,1
14,28-09-2023 08:00,0
13,13-12-2023 07:00,0
13,18-01-2024 21:00,0
5,07-10-2023 11:00,1
4,16-11-2023 03:00,1
8,18-11-2023 02:00,1
5,17-10-2023 23:00,1
22,04-10-2023 05:00,2
3,07-11-2023 08:00,1
2,31-03-2025 11:00,1
2,23-11-2023 12:00,1
20,30-10-2023 00:00,2
8,26-10-2024 19:00,1
5,02-11-2023 21:00,1
10,14-10-2023 17:00,0
10,12-10-2023 19:00,0
5,03-10-2023 22:00,1
17,20-10-2023 20:00,0
24,04-12-2023 10:00,2
10,27-11-2023 09:00,0
2,24-10-2023 04:00,1
13,29-11-2023 16:00,0
8,01-01-2025 04:00,1
0,07-11-2023 18:00,1
13,17-10-2023 20:00,0
8,20-10-2023 13:00,1
21,16-11-2023 20:00,2
8,09-10-2023 14:00,1
15,01-10-2023 15:00,0
2,02-10-2023 14:00,1
10,14-10-2023 17:00,0
15,22-03-2025 00:00,0
17,13-11-2023 16:00,0
5,02-01-2024 14:00,1
5,12-12-2023 20:00,1
13,07-10-2023 09:00,0
14,29-11-2023 03:00,0
5,29-10-2023 22:00,1
28,07-10-2023 20:00,2
8,27-10-2023 21:00,1
17,10-09-2025 20:00,0
5,14-10-2023 06:00,1
27,09-02-2024 07:00,2
4,08-10-2023 09:00,1
9,23-10-2023 06:00,1
14,26-11-2023 06:00,0
5,18-12-2023 05:00,1
5,23-06-2024 19:00,1
25,12-01-2024 15:00,2
2,27-09-2023 10:00,1
4,25-10-2023 12:00,1
2,07-10-2023 23:00,1
4,12-10-2023 03:00,1
28,21-12-2023 21:00,2
14,01-11-2023 11:00,0
5,21-11-2023 03:00,1
2,14-10-2023 18:00,1
2,17-11-2023 03:00,1
2,28-09-2023 13:00,1
2,01-10-2023 18:00,1
10,10-10-2023 22:00,0
15,31-10-2023 23:00,0
9,08-10-2023 18:00,1
5,30-10-2023 23:00,1
17,10-11-2023 03:00,0
4,18-03-2025 15:00,1
1,29-11-2023 21:00,1
9,24-10-2023 02:00,1
18,29-10-2023 05:00,0
5,24-11-2023 16:00,1
20,20-10-2023 19:00,2
19,07-05-2024 14:00,2
12,26-11-2023 02:00,0
0,16-11-2023 21:00,1
13,21-10-2023 11:00,0
25,27-11-2023 00:00,2
19,08-12-2023 18:00,2
17,14-12-2023 15:00,0
10,29-11-2023 05:00,0
22,13-12-2023 05:00,2
2,18-03-2025 14:00,1
24,27-11-2023 22:00,2
5,11-10-2023 17:00,1
5,29-05-2025 08:00,1
17,11-11-2023 06:00,0
3,18-11-2023 00:00,1
17,12-10-2023 06:00,0
19,20-11-2024 19:00,2
4,22-07-2025 10:00,1
18,21-01-2025 10:00,0
13,24-12-2023 03:00,0
21,10-11-2023 08:00,2
22,22-11-2023 14:00,2
21,06-10-2023 22:00,2
17,20-07-2025 22:00,0
28,14-11-2023 03:00,2
13,09-12-2023 06:00,0
8,26-11-2023 07:00,1
21,18-11-2023 01:00,2
5,04-11-2023 11:00,1
19,08-10-2023 22:00,2
5,12-11-2023 10:00,1
12,11-11-2023 12:00,0
2,01-11-2023 16:00,1
22,29-10-2023 16:00,2
24,18-11-2024 07:00,2
26,19-12-2023 22:00,2
0,21-10-2023 07:00,1
15,13-10-2023 07:00,0
12,12-12-2023 22:00,0
23,25-11-2023 07:00,2
17,03-11-2023 16:00,0
7,10-10-2023 15:00,1
16,17-10-2023 16:00,0
5,20-11-2023 16:00,1
8,16-11-2023 09:00,1
14,30-11-2023 17:00,0
9,29-12-2023 12:00,1
8,28-10-2023 00:00,1
7,20-12-2023 04:00,1
3,07-04-2025 03:00,1
24,18-10-2023 02:00,2
2,22-11-2023 20:00,1
20,18-11-2023 10:00,2
22,25-10-2023 08:00,2
4,28-02-2025 14:00,1
24,20-12-2023 20:00,2
1,11-10-2023 12:00,1
10,17-12-2023 23:00,0
21,13-11-2023 09:00,2
17,01-11-2024 18:00,0
8,19-12-2023 08:00,1
2,03-04-2024 15:00,1
10,13-12-2023 13:00,0
5,24-11-2023 05:00,1
3,13-02-2024 10:00,1
17,28-11-2023 16:00,0
5,31-12-2023 00:00,1
5,20-01-2024 20:00,1
20,10-11-2023 16:00,2
4,16-10-2023 06:00,1
10,08-11-2023 15:00,0
8,09-12-2023 08:00,1
18,30-12-2023 15:00,0
2,24-11-2023 10:00,1
2,07-10-2023 12:00,1
8,16-12-2023 14:00,1
17,11-12-2023 10:00,0
17,24-12-2023 14:00,0
17,17-11-2023 12:00,0
17,20-10-2023 08:00,0
20,10-12-2023 07:00,2
5,12-10-2023 00:00,1
13,20-11-2023 07:00,0
13,10-11-2023 09:00,0
17,09-12-2023 04:00,0
4,23-11-2023 00:00,1
19,16-10-2023 12:00,2
13,11-11-2023 01:00,0
5,20-12-2023 20:00,1
8,28-12-2023 19:00,1
4,24-11-2023 20:00,1
2,05-11-2023 15:00,1
1,04-12-2023 16:00,1
21,28-10-2023 01:00,2
8,01-04-2024 00:00,1
27,01-11-2023 23:00,2
17,06-11-2023 21:00,0
26,14-10-2023 13:00,2
5,27-11-2023 13:00,1
9,17-12-2023 07:00,1
15,01-01-2024 21:00,0
14,13-12-2023 16:00,0
18,15-02-2024 13:00,0
8,23-05-2025 02:00,1
17,28-10-2023 15:00,0
2,15-01-2024 16:00,1
17,14-10-2023 14:00,0
5,04-11-2023 12:00,1
13,09-12-2023 14:00,0
21,24-10-2023 18:00,2
9,13-12-2023 20:00,1
7,21-10-2023 18:00,1
21,17-10-2023 09:00,2
1,27-12-2023 09:00,1
2,16-11-2023 20:00,1
11,24-11-2023 03:00,0
17,23-02-2024 06:00,0
4,03-12-2023 11:00,1
3,18-12-2023 05:00,1
24,01-01-2024 11:00,2
13,05-01-2024 19:00,0
17,02-01-2024 11:00,0
16,19-01-2025 18:00,0
8,09-11-2023 00:00,1
2,20-12-2023 01:00,1
10,18-11-2023 08:00,0
17,25-10-2023 19:00,0
17,05-03-2025 02:00,0
21,26-11-2023 06:00,2
2,08-11-2023 11:00,1
6,09-12-2023 20:00,1
16,26-11-2023 15:00,0
10,03-11-2023 04:00,0
8,15-11-2023 11:00,1
5,01-01-2024 14:00,1
21,12-11-2023 23:00,2
5,04-04-2024 17:00,1
18,28-12-2023 18:00,0
5,01-01-2024 23:00,1
4,18-11-2023 00:00,1
8,22-11-2023 15:00,1
15,23-10-2023 03:00,0
17,16-11-2023 08:00,0
3,21-10-2023 07:00,1
13,19-12-2023 07:00,0
2,14-12-2023 00:00,1
17,05-01-2024 12:00,0
13,06-03-2024 21:00,0
10,10-11-2023 01:00,0
1,03-12-2023 05:00,1
2,30-12-2023 01:00,1
13,27-12-2023 17:00,0
5,21-12-2023 08:00,1
4,15-04-2025 03:00,1
12,25-10-2023 17:00,0
21,08-11-2023 05:00,2
2,03-03-2025 20:00,1
18,30-12-2024 10:00,0
19,25-12-2023 22:00,2
14,09-12-2023 10:00,0
5,27-10-2023 06:00,1
23,24-10-2023 10:00,2
0,18-12-2023 11:00,1
12,28-10-2023 23:00,0
13,04-12-2023 23:00,0
17,19-12-2023 10:00,0
24,05-04-2024 10:00,2
8,06-01-2024 21:00,1
17,25-11-2023 12:00,0
0,20-10-2023 15:00,1
4,28-10-2024 04:00,1
4,13-12-2023 12:00,1
14,13-11-2023 16:00,0
18,13-11-2023 10:00,0
5,13-12-2023 01:00,1
2,01-11-2023 04:00,1
2,10-11-2023 18:00,1
25,30-10-2023 06:00,2
5,22-11-2023 11:00,1
21,01-01-2024 20:00,2
7,23-12-2023 16:00,1
18,07-12-2023 17:00,0
2,23-11-2023 15:00,1
1,24-12-2023 04:00,1
20,04-01-2024 23:00,2
14,02-12-2023 04:00,0
13,26-12-2023 15:00,0
10,30-12-2023 03:00,0
2,13-12-2023 08:00,1
14,12-01-2024 05:00,0
5,23-11-2023 17:00,1
17,07-12-2023 15:00,0
23,26-10-2023 16:00,2
14,03-11-2023 15:00,0
1,28-10-2023 09:00,1
21,29-10-2023 22:00,2
19,26-10-2023 16:00,2
24,09-01-2024 14:00,2
14,06-02-2024 11:00,0
18,23-10-2023 10:00,0
17,04-12-2023 20:00,0
2,01-11-2023 02:00,1
23,04-01-2024 15:00,2
24,26-10-2023 07:00,2
20,28-10-2023 17:00,2
5,12-01-2024 05:00,1
0,02-01-2024 15:00,1
13,12-01-2024 00:00,0
12,02-11-2023 22:00,0
17,10-12-2023 03:00,0
2,25-11-2023 11:00,1
14,24-01-2025 11:00,0
14,22-12-2023 11:00,0
4,29-12-2023 07:00,1
17,03-07-2025 05:00,0
14,27-10-2023 20:00,0
24,17-12-2023 15:00,2
17,15-12-2023 21:00,0
12,13-12-2023 22:00,0
8,28-12-2023 15:00,1
8,21-11-2023 20:00,1
12,16-03-2024 06:00,0
4,25-11-2023 01:00,1
17,03-11-2023 11:00,0
28,01-11-2023 21:00,2
1,29-12-2023 14:00,1
20,04-01-2024 18:00,2
2,06-11-2023 04:00,1
2,19-12-2023 10:00,1
14,09-01-2024 22:00,0
2,24-10-2023 20:00,1
5,05-11-2023 08:00,1
7,18-12-2023 00:00,1
8,02-12-2023 04:00,1
4,05-12-2023 22:00,1
2,27-10-2023 17:00,1
28,28-10-2023 02:00,2
4,15-11-2023 04:00,1
7,05-11-2023 10:00,1
13,11-02-2024 21:00,0
18,14-11-2023 00:00,0
24,12-01-2024 07:00,2
9,16-11-2023 14:00,1
11,30-12-2023 00:00,0
17,15-12-2023 02:00,0
20,13-11-2023 19:00,2
1,24-11-2023 06:00,1
5,18-12-2023 06:00,1
19,17-11-2023 17:00,2
18,12-07-2024 06:00,0
5,16-01-2024 09:00,1
17,16-01-2024 00:00,0
2,19-12-2023 21:00,1
7,06-12-2023 14:00,1
0,01-11-2023 20:00,1
18,29-11-2023 07:00,0
4,17-01-2024 13:00,1
25,04-11-2023 08:00,2
17,17-01-2024 10:00,0
17,07-11-2023 01:00,0
13,28-10-2023 04:00,0
17,10-07-2024 09:00,0
8,06-01-2024 16:00,1
17,17-11-2023 17:00,0
2,05-12-2024 09:00,1
22,08-09-2024 05:00,2
10,06-11-2023 16:00,0
7,01-01-2024 01:00,1
28,30-11-2023 03:00,2
22,01-11-2023 22:00,2
5,01-11-2023 00:00,1
2,20-12-2023 21:00,1
24,29-10-2024 14:00,2
4,15-01-2024 21:00,1
1,13-11-2023 15:00,1
2,03-12-2023 05:00,1
14,06-11-2023 15:00,0
2,24-12-2023 08:00,1
2,17-12-2024 14:00,1
21,22-11-2023 01:00,2
4,13-12-2023 00:00,1
18,27-11-2023 20:00,0
15,20-04-2024 18:00,0
13,01-11-2023 19:00,0
16,24-11-2023 13:00,0
2,31-12-2023 07:00,1
5,14-01-2024 04:00,1
25,07-12-2023 20:00,2
13,20-01-2024 11:00,0
17,13-11-2023 07:00,0
8,01-01-2024 16:00,1
1,08-11-2023 09:00,1
17,16-04-2025 12:00,0
2,30-10-2023 02:00,1
3,17-01-2024 21:00,1
17,11-12-2024 02:00,0
22,26-11-2023 00:00,2
17,06-12-2023 20:00,0
14,23-08-2024 05:00,0
2,19-11-2023 12:00,1
5,08-04-2024 03:00,1
1,04-12-2023 19:00,1
25,11-11-2023 21:00,2
28,15-11-2023 04:00,2
17,16-12-2023 19:00,0
8,05-12-2023 16:00,1
14,07-01-2024 05:00,0
20,17-11-2023 01:00,2
18,13-09-2025 15:00,0
17,24-11-2023 11:00,0
24,28-12-2023 09:00,2
17,14-01-2024 05:00,0
10,09-12-2023 02:00,0
5,10-02-2024 18:00,1
17,02-02-2024 09:00,0
17,08-09-2025 17:00,0
4,19-12-2023 20:00,1
0,29-11-2023 01:00,1
8,24-11-2023 21:00,1
14,10-11-2023 07:00,0
15,05-11-2023 00:00,0
24,08-12-2023 15:00,2
13,12-11-2023 14:00,0
10,05-11-2023 22:00,0
21,06-10-2024 11:00,2
18,22-11-2023 02:00,0
5,25-12-2023 19:00,1
14,02-12-2023 09:00,0
21,26-12-2023 16:00,2
14,30-12-2023 06:00,0
20,24-01-2024 13:00,2
21,30-11-2023 14:00,2
8,07-01-2024 08:00,1
12,08-11-2023 22:00,0
2,25-11-2023 18:00,1
1,14-10-2025 14:00,1
17,01-11-2023 22:00,0
21,11-11-2023 14:00,2
5,14-12-2023 22:00,1
13,04-12-2023 11:00,0
10,28-12-2023 01:00,0
22,08-12-2023 14:00,2
13,03-12-2023 06:00,0
26,14-01-2024 21:00,2
4,05-01-2024 16:00,1
1,18-12-2023 22:00,1
4,15-01-2024 05:00,1
9,24-12-2023 03:00,1
14,05-12-2024 21:00,0
8,26-11-2023 06:00,1
28,18-11-2023 23:00,2
17,19-01-2024 07:00,0
18,13-01-2024 07:00,0
5,05-01-2024 16:00,1
18,17-12-2023 06:00,0
3,14-11-2023 04:00,1
2,24-11-2023 08:00,1
2,09-11-2023 17:00,1
14,29-11-2023 05:00,0
2,19-01-2024 12:00,1
13,26-12-2023 14:00,0
4,13-11-2023 18:00,1
3,22-11-2023 12:00,1
21,11-11-2023 10:00,2
5,11-01-2024 13:00,1
11,18-12-2023 12:00,0
17,08-12-2023 20:00,0
8,06-12-2023 16:00,1
8,22-12-2023 04:00,1
8,16-11-2023 01:00,1
5,26-11-2023 23:00,1
17,29-01-2024 23:00,0
15,13-01-2024 17:00,0
4,16-11-2023 03:00,1
5,09-12-2023 03:00,1
24,14-11-2023 14:00,2
19,11-11-2023 19:00,2
5,11-12-2023 20:00,1
1,23-11-2023 21:00,1
11,25-11-2023 07:00,0
15,13-10-2024 13:00,0
20,15-01-2024 11:00,2
4,12-12-2023 02:00,1
27,27-12-2023 15:00,2
14,31-12-2023 08:00,0
21,11-11-2023 11:00,2
8,06-11-2023 01:00,1
8,30-11-2023 19:00,1
2,02-01-2024 23:00,1
13,10-01-2024 10:00,0
13,19-12-2023 07:00,0
3,26-01-2024 11:00,1
4,11-01-2024 02:00,1
19,20-12-2023 07:00,2
17,14-01-2024 11:00,0
14,29-01-2024 09:00,0
26,27-11-2023 07:00,2
17,02-03-2024 00:00,0
17,23-01-2024 00:00,0
23,27-04-2025 16:00,2
13,27-11-2023 21:00,0
5,03-02-2024 00:00,1
13,12-06-2025 00:00,0
28,30-01-2024 20:00,2
17,05-12-2023 14:00,0
12,20-02-2024 04:00,0
14,09-02-2024 16:00,0
4,22-12-2023 20:00,1
2,03-04-2024 16:00,1
14,15-11-2023 01:00,0
14,06-12-2023 13:00,0
11,24-11-2023 14:00,0
21,23-11-2023 10:00,2
21,03-03-2024 14:00,2
8,28-12-2023 10:00,1
8,18-11-2023 23:00,1
5,24-12-2023 10:00,1
17,25-01-2024 19:00,0
17,11-01-2024 07:00,0
21,16-11-2023 06:00,2
17,02-02-2024 15:00,0
5,03-12-2023 12:00,1
24,11-12-2023 14:00,2
8,27-11-2023 04:00,1
26,29-11-2023 06:00,2
5,13-12-2024 01:00,1
17,04-12-2023 19:00,0
25,17-12-2023 07:00,2
22,15-01-2024 14:00,2
12,21-01-2024 14:00,0
15,08-01-2024 09:00,0
9,17-06-2025 00:00,1
12,18-12-2023 04:00,0
6,13-02-2024 06:00,1
13,28-04-2024 09:00,0
19,22-11-2023 06:00,2
8,08-01-2024 14:00,1
15,14-12-2023 15:00,0
20,13-12-2023 06:00,2
4,30-12-2023 04:00,1
10,20-11-2023 15:00,0
20,24-01-2024 00:00,2
10,05-01-2024 21:00,0
14,21-01-2024 04:00,0
14,27-12-2023 15:00,0
17,03-02-2024 17:00,0
15,25-11-2023 19:00,0
5,03-04-2024 14:00,1
23,23-04-2024 17:00,2
2,24-12-2023 09:00,1
18,23-11-2023 02:00,0
3,31-05-2025 22:00,1
2,14-01-2024 21:00,1
6,25-01-2024 10:00,1
8,09-12-2023 00:00,1
17,03-12-2023 09:00,0
14,25-11-2023 15:00,0
10,28-12-2023 17:00,0
17,04-01-2024 15:00,0
17,12-01-2024 11:00,0
14,03-12-2023 21:00,0
5,21-01-2024 23:00,1
13,14-12-2023 13:00,0
4,25-12-2023 13:00,1
5,25-12-2023 06:00,1
17,22-01-2024 17:00,0
5,13-12-2023 17:00,1
2,25-11-2023 17:00,1
4,03-01-2024 23:00,1
6,31-05-2024 01:00,1
16,21-01-2024 19:00,0
17,05-01-2024 11:00,0
10,01-01-2024 23:00,0
0,26-11-2023 13:00,1
6,05-12-2023 11:00,1
10,19-01-2024 07:00,0
20,20-01-2024 15:00,2
14,22-06-2025 08:00,0
5,10-01-2024 21:00,1
2,20-01-2024 10:00,1
4,16-12-2023 05:00,1
13,18-11-2023 08:00,0
18,23-12-2023 04:00,0
13,01-04-2025 14:00,0
25,30-11-2023 20:00,2
16,09-12-2023 10:00,0
17,05-04-2024 05:00,0
4,27-01-2024 08:00,1
0,22-11-2023 05:00,1
21,26-11-2023 20:00,2
13,05-01-2024 18:00,0
18,17-12-2023 09:00,0
8,06-12-2023 15:00,1
8,13-04-2024 22:00,1
17,29-12-2023 11:00,0
17,04-12-2023 11:00,0
13,02-02-2024 06:00,0
18,13-11-2023 18:00,0
8,18-12-2023 20:00,1
0,03-02-2024 11:00,1
14,03-12-2023 03:00,0
17,05-02-2024 20:00,0
17,05-01-2024 04:00,0
28,25-12-2023 11:00,2
11,13-12-2023 03:00,0
5,20-01-2024 22:00,1
10,23-01-2024 18:00,0
8,09-12-2023 06:00,1
11,18-11-2023 18:00,0
23,07-09-2025 22:00,2
5,01-02-2024 22:00,1
5,18-11-2023 09:00,1
1,09-04-2024 04:00,1
18,30-11-2023 07:00,0
5,12-02-2024 15:00,1
2,15-12-2023 20:00,1
21,30-01-2024 15:00,2
13,09-03-2024 15:00,0
4,22-12-2023 11:00,1
21,23-12-2023 10:00,2
4,16-04-2024 20:00,1
5,10-12-2023 18:00,1
2,05-12-2023 05:00,1
8,11-01-2024 20:00,1
17,24-01-2024 20:00,0
5,26-04-2024 22:00,1
17,28-01-2024 13:00,0
0,15-01-2024 08:00,1
18,06-02-2024 08:00,0
8,11-02-2024 07:00,1
2,27-12-2023 11:00,1
17,25-11-2023 22:00,0
13,11-12-2023 03:00,0
5,13-01-2024 04:00,1
28,29-01-2024 04:00,2
7,14-12-2023 03:00,1
25,14-04-2024 22:00,2
5,24-11-2023 19:00,1
8,20-12-2023 11:00,1
2,29-12-2023 19:00,1
8,07-12-2023 09:00,1
5,16-01-2024 07:00,1
4,05-12-2023 06:00,1
8,10-07-2024 07:00,1
13,02-12-2023 05:00,0
10,14-01-2024 08:00,0
23,08-12-2023 11:00,2
20,27-11-2023 23:00,2
8,07-02-2024 05:00,1
5,21-11-2023 19:00,1
21,12-12-2023 14:00,2
10,07-02-2024 17:00,0
4,10-05-2024 12:00,1
24,03-12-2023 21:00,2
5,16-01-2024 02:00,1
13,22-12-2023 21:00,0
0,26-11-2023 14:00,1
13,16-07-2025 07:00,0
5,02-12-2023 14:00,1
11,10-12-2023 03:00,0
17,19-12-2023 12:00,0
12,15-02-2024 06:00,0
12,20-04-2024 03:00,0
21,14-01-2024 06:00,2
14,03-01-2024 01:00,0
2,14-12-2023 01:00,1
10,07-12-2023 05:00,0
4,09-12-2023 08:00,1
25,28-12-2023 12:00,2
12,20-12-2023 13:00,0
5,23-01-2024 01:00,1
8,26-01-2024 01:00,1
12,03-02-2024 17:00,0
2,21-01-2024 20:00,1
18,23-12-2023 16:00,0
14,06-01-2024 06:00,0
24,11-12-2023 06:00,2
4,07-01-2024 01:00,1
21,16-12-2023 11:00,2
21,04-12-2023 12:00,2
5,24-01-2024 01:00,1
2,10-02-2024 04:00,1
5,12-01-2024 13:00,1
5,30-01-2024 07:00,1
5,12-01-2024 21:00,1
8,14-12-2023 22:00,1
13,08-02-2024 19:00,0
13,04-01-2024 06:00,0
1,23-01-2024 14:00,1
21,13-02-2024 16:00,2
5,06-02-2024 15:00,1
14,04-04-2024 13:00,0
8,28-03-2025 23:00,1
19,28-12-2023 23:00,2
1,19-01-2024 03:00,1
14,21-01-2024 05:00,0
23,11-01-2024 02:00,2
6,08-02-2024 06:00,1
25,30-01-2024 04:00,2
28,10-12-2023 08:00,2
5,08-12-2023 04:00,1
17,02-02-2024 04:00,0
5,25-09-2024 03:00,1
17,01-12-2023 09:00,0
5,08-01-2025 22:00,1
0,08-12-2023 05:00,1
17,14-12-2023 10:00,0
4,27-12-2023 21:00,1
5,28-12-2023 00:00,1
4,12-12-2023 00:00,1
2,25-12-2023 20:00,1
21,18-02-2024 05:00,2
3,13-12-2023 00:00,1
2,06-02-2024 08:00,1
22,31-01-2024 09:00,2
5,10-12-2023 16:00,1
5,22-12-2023 05:00,1
1,10-02-2024 13:00,1
2,10-01-2024 09:00,1
14,11-01-2024 20:00,0
0,31-12-2023 07:00,1
13,30-11-2023 15:00,0
24,31-12-2023 18:00,2
13,12-12-2023 10:00,0
7,03-02-2024 10:00,1
27,19-10-2025 18:00,2
8,06-12-2023 16:00,1
2,22-12-2023 05:00,1
24,05-02-2024 02:00,2
9,05-12-2023 00:00,1
2,05-12-2023 17:00,1
5,25-01-2024 16:00,1
27,11-12-2023 03:00,2
14,30-12-2023 01:00,0
2,24-12-2023 20:00,1
4,03-01-2024 22:00,1
5,15-01-2024 14:00,1
7,18-01-2024 00:00,1
5,02-01-2024 16:00,1
2,17-03-2024 07:00,1
18,23-12-2023 23:00,0
5,18-02-2024 16:00,1
5,17-11-2024 21:00,1
14,20-12-2023 02:00,0
2,23-02-2024 13:00,1
3,22-02-2024 05:00,1
8,02-01-2024 17:00,1
8,15-06-2025 11:00,1
2,03-02-2024 21:00,1
5,09-01-2024 20:00,1
17,10-12-2023 13:00,0
22,18-02-2024 23:00,2
1,27-12-2023 04:00,1
17,16-01-2024 03:00,0
21,25-01-2024 20:00,2
24,29-12-2023 06:00,2
2,17-12-2023 03:00,1
3,11-01-2024 13:00,1
4,03-02-2024 03:00,1
16,17-02-2024 07:00,0
5,12-12-2023 12:00,1
21,08-11-2024 02:00,2
13,27-03-2024 07:00,0
10,04-02-2024 22:00,0
7,26-01-2024 08:00,1
2,19-12-2023 10:00,1
8,07-12-2023 09:00,1
24,29-01-2024 11:00,2
2,23-12-2023 20:00,1
17,20-01-2024 07:00,0
10,07-12-2023 23:00,0
7,26-04-2024 16:00,1
9,03-01-2024 11:00,1
2,03-12-2023 02:00,1
1,19-01-2024 17:00,1
0,17-12-2023 11:00,1
1,12-12-2023 08:00,1
17,16-02-2024 19:00,0
21,18-12-2023 22:00,2
24,19-01-2024 00:00,2
24,24-01-2024 10:00,2
5,24-02-2024 06:00,1
0,13-07-2024 13:00,1
20,10-01-2024 03:00,2
2,18-12-2023 00:00,1
2,06-02-2024 03:00,1
9,23-12-2023 17:00,1
21,16-01-2024 16:00,2
13,27-02-2024 02:00,0
1,16-02-2024 07:00,1
1,08-02-2024 19:00,1
18,16-02-2024 11:00,0
5,28-02-2024 01:00,1
2,18-02-2024 18:00,1
5,06-12-2023 07:00,1
4,16-12-2023 13:00,1
17,31-01-2024 01:00,0
4,06-02-2024 14:00,1
0,14-12-2023 12:00,1
15,24-01-2024 15:00,0
20,16-03-2024 06:00,2
5,25-12-2023 19:00,1
17,24-01-2024 16:00,0
15,28-01-2024 10:00,0
17,25-02-2024 14:00,0
22,14-12-2023 07:00,2
10,12-12-2023 21:00,0
17,04-08-2024 10:00,0
21,12-02-2024 02:00,2
14,19-12-2023 16:00,0
10,12-12-2023 09:00,0
2,18-12-2023 12:00,1
8,29-12-2023 23:00,1
19,13-12-2023 22:00,2
24,21-01-2024 21:00,2
1,03-10-2025 03:00,1
15,23-02-2024 04:00,0
13,27-02-2024 00:00,0
12,18-01-2024 08:00,0
4,19-01-2024 08:00,1
3,28-12-2023 16:00,1
5,02-03-2024 13:00,1
5,21-12-2023 03:00,1
21,07-02-2024 22:00,2
8,11-02-2024 22:00,1
18,24-02-2024 20:00,0
17,23-12-2023 02:00,0
17,24-12-2023 12:00,0
5,01-03-2024 22:00,1
2,10-01-2024 04:00,1
5,15-02-2024 03:00,1
24,10-01-2024 15:00,2
17,23-12-2023 03:00,0
28,02-03-2024 01:00,2
17,24-03-2024 19:00,0
21,29-12-2023 03:00,2
25,13-12-2023 13:00,2
17,07-01-2024 00:00,0
5,31-01-2024 05:00,1
15,16-02-2024 15:00,0
2,24-02-2024 17:00,1
13,02-03-2024 03:00,0
4,18-12-2023 14:00,1
12,21-04-2024 15:00,0
17,27-12-2023 00:00,0
8,09-01-2024 14:00,1
1,21-02-2024 02:00,1
8,16-02-2024 01:00,1
4,07-02-2024 08:00,1
6,23-02-2024 08:00,1
14,19-12-2023 12:00,0
2,09-01-2024 14:00,1
18,05-02-2024 21:00,0
5,13-11-2025 14:00,1
2,24-12-2023 01:00,1
17,23-12-2023 21:00,0
10,25-12-2023 21:00,0
14,21-02-2024 14:00,0
5,28-02-2024 05:00,1
21,07-01-2024 11:00,2
17,06-03-2024 07:00,0
14,29-01-2024 02:00,0
2,01-02-2024 15:00,1
5,18-06-2024 16:00,1
24,01-03-2024 15:00,2
4,04-01-2024 23:00,1
17,17-12-2024 03:00,0
2,26-09-2025 22:00,1
7,03-02-2024 17:00,1
15,01-03-2024 02:00,0
17,27-12-2023 23:00,0
22,27-02-2024 13:00,2
4,13-12-2023 09:00,1
14,22-03-2025 23:00,0
8,22-12-2023 13:00,1
3,01-03-2024 01:00,1
2,27-05-2024 09:00,1
7,04-01-2024 00:00,1
18,17-02-2024 14:00,0
17,07-09-2025 10:00,0
17,26-08-2024 13:00,0
8,08-02-2024 16:00,1
24,08-01-2024 05:00,2
2,02-02-2024 03:00,1
24,20-02-2024 09:00,2
17,08-05-2025 20:00,0
2,10-09-2024 05:00,1
5,22-02-2024 15:00,1
5,20-12-2023 03:00,1
17,30-12-2023 15:00,0
10,16-01-2025 15:00,0
17,07-01-2024 14:00,0
8,10-01-2024 08:00,1
8,19-02-2024 01:00,1
4,31-12-2023 03:00,1
17,06-01-2024 19:00,0
8,29-01-2024 02:00,1
13,31-12-2023 10:00,0
4,27-01-2024 10:00,1
13,23-01-2024 17:00,0
17,07-02-2024 11:00,0
16,06-03-2024 17:00,0
13,31-01-2024 04:00,0
8,11-03-2024 22:00,1
5,01-01-2024 11:00,1
14,20-10-2025 11:00,0
4,25-02-2024 07:00,1
5,28-05-2024 08:00,1
21,25-02-2024 03:00,2
17,04-01-2024 08:00,0
23,11-01-2024 12:00,2
21,10-03-2024 17:00,2
13,03-04-2024 12:00,0
12,12-01-2024 07:00,0
12,29-01-2024 22:00,0
17,09-02-2024 08:00,0
12,16-12-2023 13:00,0
4,05-01-2024 12:00,1
0,19-01-2024 14:00,1
25,01-07-2024 16:00,2
14,07-01-2025 19:00,0
11,24-01-2024 14:00,0
4,24-02-2024 14:00,1
21,06-07-2025 17:00,2
2,23-02-2024 00:00,1
17,02-01-2024 20:00,0
27,04-01-2024 14:00,2
13,10-04-2024 17:00,0
5,06-03-2024 17:00,1
3,12-02-2024 13:00,1
17,17-05-2025 08:00,0
8,15-01-2024 18:00,1
17,28-01-2024 06:00,0
5,31-01-2024 12:00,1
18,23-02-2024 04:00,0
5,14-02-2024 01:00,1
18,08-02-2024 17:00,0
13,03-05-2024 17:00,0
5,02-02-2024 12:00,1
2,19-01-2024 14:00,1
8,24-12-2023 04:00,1
8,16-03-2024 07:00,1
5,28-12-2023 11:00,1
23,30-01-2024 10:00,2
8,08-02-2024 16:00,1
25,27-12-2023 08:00,2
2,10-02-2024 14:00,1
8,14-02-2024 18:00,1
2,31-01-2025 10:00,1
14,22-12-2023 14:00,0
12,12-01-2024 09:00,0
4,03-03-2024 23:00,1
16,03-01-2024 09:00,0
8,20-01-2024 03:00,1
4,20-07-2024 17:00,1
4,11-01-2024 09:00,1
5,21-11-2024 15:00,1
21,23-03-2024 14:00,2
13,03-02-2024 07:00,0
13,25-12-2023 22:00,0
8,13-10-2024 04:00,1
17,16-03-2024 12:00,0
4,10-02-2024 14:00,1
5,28-02-2024 07:00,1
8,25-02-2024 06:00,1
0,23-12-2023 13:00,1
21,28-01-2024 14:00,2
18,29-04-2024 12:00,0
4,14-05-2024 22:00,1
23,23-03-2024 05:00,2
2,28-12-2023 21:00,1
4,29-01-2024 18:00,1
11,04-02-2024 11:00,0
3,10-09-2025 17:00,1
21,11-03-2024 22:00,2
21,11-03-2024 17:00,2
2,17-03-2024 13:00,1
8,22-11-2024 10:00,1
5,04-01-2024 03:00,1
4,22-01-2024 10:00,1
9,09-02-2024 01:00,1
14,20-02-2024 21:00,0
13,08-07-2025 22:00,0
21,28-04-2024 08:00,2
7,04-03-2024 10:00,1
14,27-01-2024 03:00,0
12,16-03-2024 13:00,0
7,11-01-2024 15:00,1
18,21-02-2024 18:00,0
17,14-01-2024 13:00,0
17,11-02-2024 10:00,0
27,11-03-2024 10:00,2
17,24-01-2024 19:00,0
18,29-12-2023 07:00,0
21,08-01-2024 14:00,2
17,09-01-2024 17:00,0
1,14-02-2024 02:00,1
14,22-01-2024 00:00,0
17,05-01-2024 17:00,0
13,26-01-2024 11:00,0
21,10-02-2024 21:00,2
24,09-01-2024 07:00,2
9,04-03-2024 22:00,1
13,29-12-2023 18:00,0
4,10-03-2024 17:00,1
13,10-02-2024 04:00,0
14,08-01-2024 15:00,0
2,28-12-2023 12:00,1
3,21-01-2024 18:00,1
17,05-01-2024 13:00,0
16,04-01-2024 16:00,0
2,23-09-2024 11:00,1
13,16-02-2024 07:00,0
15,08-03-2024 02:00,0
5,27-01-2024 18:00,1
21,06-03-2024 11:00,2
1,04-01-2024 02:00,1
21,28-01-2024 13:00,2
1,10-02-2024 16:00,1
5,21-02-2024 17:00,1
3,18-01-2024 06:00,1
14,27-01-2024 12:00,0
8,21-03-2024 11:00,1
9,15-01-2024 14:00,1
1,03-03-2024 01:00,1
5,02-06-2024 13:00,1
14,21-01-2024 22:00,0
17,05-03-2024 05:00,0
13,21-02-2024 13:00,0
4,17-01-2024 13:00,1
2,11-05-2024 07:00,1
2,03-03-2024 02:00,1
15,09-02-2024 08:00,0
20,22-01-2024 05:00,2
2,13-01-2024 08:00,1
4,01-01-2024 10:00,1
9,26-02-2024 16:00,1
17,14-01-2024 03:00,0
18,24-01-2024 23:00,0
15,01-03-2024 10:00,0
2,24-02-2024 23:00,1
14,03-02-2024 23:00,0
17,19-03-2024 10:00,0
25,08-05-2024 02:00,2
1,15-01-2024 11:00,1
8,21-01-2024 19:00,1
19,30-04-2024 03:00,2
5,26-01-2024 18:00,1
8,23-01-2024 17:00,1
21,29-01-2024 16:00,2
2,28-12-2023 20:00,1
8,27-03-2024 17:00,1
3,15-03-2024 05:00,1
14,11-11-2025 00:00,0
0,04-03-2024 02:00,1
8,26-01-2024 10:00,1
16,20-08-2025 09:00,0
13,05-03-2024 22:00,0
5,03-01-2024 13:00,1
26,22-01-2024 20:00,2
1,29-04-2024 12:00,1
8,17-01-2024 19:00,1
5,10-03-2024 17:00,1
5,24-02-2024 20:00,1
17,26-02-2024 12:00,0
28,17-03-2024 19:00,2
5,19-03-2024 11:00,1
5,28-02-2025 05:00,1
14,23-03-2024 19:00,0
5,08-01-2024 09:00,1
24,16-02-2024 04:00,2
4,08-02-2024 23:00,1
25,18-03-2024 14:00,2
5,12-01-2024 18:00,1
17,17-01-2024 13:00,0
5,17-03-2024 00:00,1
8,10-03-2024 11:00,1
5,19-02-2024 14:00,1
15,19-05-2024 07:00,0
17,02-03-2024 19:00,0
2,02-03-2024 04:00,1
12,21-02-2025 19:00,0
28,11-02-2024 05:00,2
14,20-01-2024 23:00,0
5,20-02-2024 11:00,1
27,05-03-2024 01:00,2
16,21-03-2024 05:00,0
5,14-02-2024 10:00,1
13,16-02-2024 22:00,0
24,08-02-2024 04:00,2
2,05-03-2024 19:00,1
12,12-01-2024 18:00,0
28,28-02-2024 05:00,2
13,14-12-2024 01:00,0
28,29-01-2024 22:00,2
5,07-01-2024 14:00,1
2,30-01-2024 16:00,1
15,27-03-2024 20:00,0
17,24-01-2024 07:00,0
2,08-03-2024 01:00,1
10,27-01-2024 13:00,0
5,17-03-2024 19:00,1
4,17-03-2024 13:00,1
28,22-02-2024 23:00,2
5,10-03-2024 00:00,1
1,14-03-2024 18:00,1
2,18-01-2024 06:00,1
2,12-03-2024 06:00,1
9,03-02-2024 20:00,1
17,24-02-2024 12:00,0
12,07-02-2024 19:00,0
1,05-03-2025 17:00,1
21,22-03-2024 04:00,2
21,24-01-2024 11:00,2
15,04-02-2024 13:00,0
2,30-01-2024 04:00,1
20,11-01-2024 00:00,2
21,30-01-2024 23:00,2
2,22-03-2024 10:00,1
4,16-12-2025 06:00,1
1,18-02-2024 09:00,1
17,21-03-2024 02:00,0
14,11-09-2025 14:00,0
1,27-01-2024 17:00,1
21,20-01-2024 08:00,2
24,07-03-2024 20:00,2
7,04-02-2024 02:00,1
7,02-08-2024 07:00,1
12,29-01-2024 09:00,0
13,08-03-2024 04:00,0
8,12-02-2024 01:00,1
5,22-02-2024 16:00,1
14,20-01-2024 17:00,0
13,16-03-2024 12:00,0
2,25-02-2024 16:00,1
13,14-01-2024 04:00,0
21,21-02-2024 08:00,2
17,18-03-2024 22:00,0
13,21-01-2024 19:00,0
21,16-03-2024 17:00,2
17,07-03-2024 11:00,0
3,07-02-2024 00:00,1
20,18-01-2024 13:00,2
5,10-02-2025 15:00,1
3,04-01-2024 19:00,1
17,27-03-2025 06:00,0
10,25-03-2024 00:00,0
17,05-06-2025 15:00,0
21,03-03-2024 05:00,2
2,22-03-2024 07:00,1
17,16-03-2024 10:00,0
17,18-03-2025 05:00,0
13,05-03-2024 17:00,0
10,17-03-2024 19:00,0
15,14-03-2024 11:00,0
23,21-01-2024 09:00,2
18,22-02-2024 20:00,0
17,01-03-2024 17:00,0
21,19-10-2024 18:00,2
17,13-05-2024 03:00,0
15,29-02-2024 12:00,0
2,20-03-2024 05:00,1
19,21-03-2024 00:00,2
5,29-03-2024 08:00,1
8,25-02-2024 04:00,1
5,03-03-2024 15:00,1
28,24-01-2024 15:00,2
8,12-02-2024 17:00,1
5,07-03-2025 02:00,1
4,03-02-2024 19:00,1
4,16-02-2024 11:00,1
17,26-01-2024 14:00,0
13,25-01-2024 18:00,0
0,26-03-2024 16:00,1
2,07-11-2024 12:00,1
13,25-07-2024 05:00,0
3,26-01-2024 14:00,1
1,29-01-2024 07:00,1
12,18-02-2024 12:00,0
7,28-01-2024 17:00,1
17,20-02-2024 10:00,0
4,29-01-2024 10:00,1
8,12-03-2024 19:00,1
10,19-02-2024 20:00,0
22,28-02-2024 06:00,2
13,26-02-2024 19:00,0
5,06-03-2024 03:00,1
19,12-03-2024 05:00,2
5,20-09-2024 07:00,1
24,13-02-2024 18:00,2
1,16-02-2024 02:00,1
20,14-04-2024 05:00,2
2,29-02-2024 08:00,1
17,25-03-2024 09:00,0
13,23-02-2024 21:00,0
17,28-08-2025 20:00,0
17,15-03-2024 12:00,0
17,12-01-2024 12:00,0
2,26-04-2024 16:00,1
16,27-03-2024 03:00,0
17,19-03-2024 09:00,0
10,29-02-2024 01:00,0
8,14-03-2024 03:00,1
3,05-04-2024 05:00,1
21,16-03-2024 18:00,2
8,17-01-2024 14:00,1
5,26-03-2024 10:00,1
21,29-01-2024 10:00,2
9,27-01-2024 11:00,1
0,30-03-2024 05:00,1
17,27-01-2024 05:00,0
17,05-02-2024 11:00,0
1,05-02-2024 05:00,1
17,25-01-2024 14:00,0
5,21-01-2024 19:00,1
1,06-03-2024 23:00,1
5,02-03-2024 06:00,1
12,30-01-2024 02:00,0
8,05-02-2024 08:00,1
21,28-03-2024 21:00,2
1,07-04-2024 12:00,1
17,27-01-2024 19:00,0
12,05-03-2024 19:00,0
18,09-02-2024 18:00,0
15,09-04-2024 06:00,0
21,22-01-2024 07:00,2
5,20-03-2024 12:00,1
4,01-02-2024 20:00,1
2,14-09-2024 04:00,1
8,04-02-2024 00:00,1
0,16-03-2024 06:00,1
6,15-03-2024 13:00,1
8,07-04-2024 16:00,1
13,02-03-2025 19:00,0
0,29-02-2024 06:00,1
8,25-02-2024 16:00,1
28,31-01-2024 20:00,2
5,06-02-2024 06:00,1
28,10-06-2024 02:00,2
0,19-03-2024 15:00,1
28,09-10-2025 05:00,2
21,30-01-2024 17:00,2
22,04-02-2024 20:00,2
20,13-07-2025 23:00,2
2,08-02-2024 06:00,1
13,31-01-2024 05:00,0
15,12-02-2024 21:00,0
13,16-02-2024 10:00,0
2,25-02-2024 17:00,1
2,06-02-2024 06:00,1
5,16-04-2024 23:00,1
13,03-02-2024 00:00,0
6,23-02-2024 01:00,1
5,23-02-2024 03:00,1
1,23-03-2024 23:00,1
26,09-02-2024 14:00,2
3,29-02-2024 11:00,1
13,06-02-2024 09:00,0
8,19-03-2025 04:00,1
13,14-05-2025 04:00,0
9,25-01-2024 20:00,1
10,26-02-2024 13:00,0
17,15-03-2024 17:00,0
5,11-02-2024 02:00,1
17,04-03-2024 17:00,0
17,30-01-2024 17:00,0
15,01-02-2024 07:00,0
17,30-01-2024 12:00,0
5,15-02-2024 11:00,1
5,25-03-2024 17:00,1
15,15-03-2024 19:00,0
12,21-03-2024 14:00,0
21,13-04-2024 13:00,2
14,09-04-2024 03:00,0
17,26-01-2024 04:00,0
7,27-01-2024 12:00,1
5,13-03-2024 09:00,1
17,27-02-2024 06:00,0
15,30-01-2024 18:00,0
5,27-01-2024 13:00,1
15,24-04-2025 04:00,0
1,21-02-2024 02:00,1
9,27-02-2024 13:00,1
8,28-02-2024 09:00,1
25,30-05-2024 03:00,2
9,28-01-2024 16:00,1
7,19-02-2024 14:00,1
5,07-03-2024 15:00,1
18,07-04-2024 19:00,0
22,31-01-2024 04:00,2
1,29-01-2024 02:00,1
20,18-04-2024 17:00,2
5,17-01-2026 14:00,1
5,10-03-2024 00:00,1
3,11-02-2024 00:00,1
28,09-08-2024 15:00,2
13,02-02-2024 23:00,0
24,25-02-2024 05:00,2
9,29-03-2024 20:00,1
14,27-01-2024 05:00,0
5,22-02-2025 04:00,1
4,25-05-2024 09:00,1
24,23-02-2024 19:00,2
17,30-08-2025 14:00,0
28,19-03-2024 14:00,2
23,16-08-2025 21:00,2
8,28-02-2024 07:00,1
2,14-04-2024 10:00,1
26,31-03-2024 11:00,2
17,02-03-2024 03:00,0
21,26-03-2024 20:00,2
13,08-03-2024 21:00,0
5,18-02-2024 11:00,1
2,19-09-2024 10:00,1
5,06-03-2024 00:00,1
22,11-05-2024 16:00,2
2,02-04-2024 08:00,1
17,15-02-2024 15:00,0
14,05-02-2024 06:00,0
24,02-03-2024 07:00,2
14,03-02-2024 21:00,0
4,09-04-2024 10:00,1
17,27-01-2024 02:00,0
24,07-02-2024 16:00,2
2,22-03-2024 05:00,1
17,19-03-2024 05:00,0
13,24-03-2024 16:00,0
17,15-03-2024 01:00,0
13,11-06-2024 06:00,0
10,13-04-2024 14:00,0
7,16-03-2024 16:00,1
2,19-04-2024 03:00,1
14,30-01-2024 18:00,0
2,17-03-2024 14:00,1
2,14-04-2024 12:00,1
28,16-06-2024 07:00,2
2,24-04-2024 02:00,1
13,02-02-2024 10:00,0
17,25-01-2024 09:00,0
27,30-03-2024 06:00,2
2,14-03-2024 13:00,1
4,25-05-2024 00:00,1
17,09-04-2024 01:00,0
17,03-04-2024 23:00,0
1,08-02-2024 20:00,1
21,10-03-2024 02:00,2
21,06-03-2024 08:00,2
17,02-04-2024 16:00,0
1,04-02-2024 12:00,1
2,01-02-2024 03:00,1
1,30-03-2024 17:00,1
2,20-04-2024 13:00,1
4,30-03-2024 12:00,1
5,15-03-2025 14:00,1
28,28-02-2024 19:00,2
22,17-03-2024 22:00,2
18,19-03-2024 11:00,0
10,23-01-2025 17:00,0
5,18-08-2024 09:00,1
5,04-03-2024 04:00,1
24,01-04-2024 10:00,2
14,03-04-2024 00:00,0
12,12-03-2024 17:00,0
2,12-04-2024 20:00,1
2,30-05-2024 05:00,1
5,22-02-2024 14:00,1
5,02-03-2024 02:00,1
21,04-02-2024 11:00,2
5,05-04-2024 18:00,1
1,22-04-2024 09:00,1
4,24-02-2024 17:00,1
5,12-02-2024 03:00,1
17,22-02-2024 14:00,0
17,23-02-2024 14:00,0
2,23-02-2024 05:00,1
13,31-03-2024 02:00,0
12,17-04-2024 13:00,0
17,11-03-2024 22:00,0
8,16-03-2024 15:00,1
8,17-05-2025 05:00,1
3,18-02-2024 18:00,1
10,22-04-2024 05:00,0
20,20-02-2024 03:00,2
5,06-03-2024 12:00,1
21,26-03-2024 00:00,2
14,17-11-2024 00:00,0
11,26-02-2024 15:00,0
18,24-02-2024 23:00,0
28,23-03-2024 11:00,2
17,28-02-2024 08:00,0
14,18-04-2024 11:00,0
10,28-02-2024 06:00,0
8,01-02-2024 22:00,1
1,14-03-2024 03:00,1
21,28-03-2024 01:00,2
17,09-02-2024 09:00,0
19,21-03-2024 18:00,2
8,15-02-2024 06:00,1
4,06-03-2024 08:00,1
8,29-03-2024 17:00,1
8,22-03-2024 01:00,1
5,23-02-2024 10:00,1
8,08-04-2024 11:00,1
8,24-03-2024 16:00,1
8,02-04-2024 15:00,1
24,02-03-2024 01:00,2
5,06-07-2024 03:00,1
10,17-02-2024 08:00,0
12,12-05-2025 23:00,0
10,18-03-2024 00:00,0
20,17-03-2024 01:00,2
5,12-03-2024 16:00,1
1,14-06-2025 20:00,1
4,17-03-2024 01:00,1
20,20-03-2024 16:00,2
18,09-04-2024 01:00,0
12,24-04-2024 19:00,0
17,09-03-2024 21:00,0
2,27-02-2024 04:00,1
5,15-06-2024 07:00,1
9,25-04-2024 03:00,1
17,13-02-2024 12:00,0
17,25-02-2024 10:00,0
1,06-04-2024 11:00,1
3,23-03-2024 00:00,1
13,16-02-2024 15:00,0
2,11-03-2024 19:00,1
13,04-12-2024 14:00,0
6,09-04-2024 21:00,1
12,15-04-2024 12:00,0
5,17-03-2024 02:00,1
13,14-02-2024 11:00,0
21,03-03-2024 00:00,2
3,16-03-2024 22:00,1
8,20-03-2024 02:00,1
5,25-03-2024 16:00,1
8,07-04-2024 07:00,1
13,01-03-2024 03:00,0
6,28-02-2024 18:00,1
17,17-02-2024 07:00,0
24,02-04-2024 12:00,2
16,20-02-2024 14:00,0
2,26-02-2024 20:00,1
4,27-02-2024 10:00,1
5,23-02-2024 10:00,1
8,01-04-2024 11:00,1
8,27-02-2024 17:00,1
5,15-03-2024 18:00,1
24,27-02-2024 23:00,2
10,14-02-2024 22:00,0
0,21-02-2024 17:00,1
2,08-03-2024 01:00,1
28,08-11-2024 04:00,2
1,07-04-2024 07:00,1
2,11-02-2024 17:00,1
25,25-02-2024 14:00,2
21,24-04-2024 12:00,2
20,03-03-2024 05:00,2
2,26-03-2024 01:00,1
13,26-04-2024 04:00,0
21,18-02-2024 09:00,2
21,03-05-2024 13:00,2
24,23-09-2024 03:00,2
25,06-02-2024 00:00,2
2,09-07-2024 11:00,1
14,02-05-2024 23:00,0
20,21-04-2024 15:00,2
2,24-03-2024 14:00,1
4,27-04-2024 04:00,1
2,06-02-2024 19:00,1
21,18-04-2024 17:00,2
8,03-03-2024 13:00,1
24,03-03-2024 18:00,2
5,04-05-2024 18:00,1
1,27-02-2024 17:00,1
16,20-05-2024 00:00,0
15,17-04-2024 23:00,0
17,03-05-2024 22:00,0
2,15-02-2024 14:00,1
12,09-03-2024 00:00,0
13,11-06-2024 01:00,0
5,11-04-2024 21:00,1
5,16-07-2024 09:00,1
18,24-02-2024 10:00,0
10,07-03-2024 04:00,0
4,25-04-2024 23:00,1
17,03-05-2024 22:00,0
8,19-02-2024 16:00,1
4,17-02-2024 15:00,1
5,17-06-2024 18:00,1
13,21-02-2024 14:00,0
13,13-04-2024 13:00,0
21,21-03-2024 08:00,2
13,29-04-2024 05:00,0
17,29-02-2024 07:00,0
17,01-05-2024 01:00,0
15,08-04-2024 14:00,0
1,17-03-2024 19:00,1
8,24-03-2024 04:00,1
24,03-11-2024 00:00,2
26,12-03-2024 13:00,2
21,21-04-2024 05:00,2
10,06-04-2024 14:00,0
13,22-04-2025 06:00,0
21,22-02-2024 21:00,2
17,24-04-2024 03:00,0
17,02-05-2024 18:00,0
28,24-09-2024 21:00,2
23,25-04-2024 17:00,2
5,11-03-2024 08:00,1
2,10-05-2024 06:00,1
13,15-03-2024 20:00,0
21,18-02-2024 18:00,2
16,17-03-2024 10:00,0
17,29-04-2024 10:00,0
8,19-02-2024 08:00,1
0,17-04-2024 17:00,1
1,01-09-2025 11:00,1
12,02-04-2024 00:00,0
20,15-07-2024 01:00,2
21,05-05-2024 22:00,2
5,16-04-2024 13:00,1
7,09-03-2024 11:00,1
21,07-03-2024 23:00,2
14,17-03-2024 04:00,0
17,28-03-2024 06:00,0
17,21-02-2024 15:00,0
4,16-04-2024 04:00,1
26,08-05-2024 13:00,2
10,30-03-2024 14:00,0
9,22-02-2024 14:00,1
5,20-06-2024 05:00,1
17,28-02-2024 15:00,0
8,26-03-2024 06:00,1
2,10-05-2024 07:00,1
21,22-03-2024 15:00,2
17,26-03-2024 11:00,0
4,10-03-2024 23:00,1
5,15-03-2024 00:00,1
0,12-03-2024 14:00,1
28,21-02-2024 15:00,2
24,31-03-2024 01:00,2
25,17-04-2024 08:00,2
20,09-03-2024 08:00,2
5,16-03-2024 12:00,1
2,09-04-2024 22:00,1
13,04-03-2024 23:00,0
21,25-02-2024 07:00,2
2,23-02-2024 21:00,1
2,25-03-2024 02:00,1
5,26-02-2024 00:00,1
8,18-03-2024 01:00,1
12,24-02-2024 16:00,0
18,27-03-2024 16:00,0
5,21-02-2025 08:00,1
5,22-02-2024 06:00,1
13,08-04-2024 15:00,0
3,07-03-2024 14:00,1
5,25-03-2024 11:00,1
6,10-04-2024 18:00,1
13,21-06-2024 15:00,0
21,03-04-2024 17:00,2
24,22-02-2024 12:00,2
9,21-04-2024 07:00,1
13,23-03-2024 15:00,0
3,21-03-2025 08:00,1
17,04-09-2025 15:00,0
14,05-04-2024 14:00,0
20,02-05-2024 22:00,2
18,16-04-2024 01:00,0
25,30-04-2024 10:00,2
1,12-04-2024 16:00,1
10,11-03-2024 11:00,0
13,17-03-2024 02:00,0
22,20-03-2024 18:00,2
1,24-11-2025 08:00,1
11,24-07-2024 20:00,0
14,16-04-2024 12:00,0
4,29-03-2024 08:00,1
5,06-04-2024 01:00,1
5,23-04-2024 03:00,1
5,02-03-2024 14:00,1
24,20-05-2024 23:00,2
5,26-04-2024 19:00,1
5,04-04-2024 13:00,1
5,22-04-2024 09:00,1
4,06-03-2024 05:00,1
25,04-03-2024 03:00,2
5,12-03-2024 11:00,1
10,12-03-2024 23:00,0
5,14-05-2025 09:00,1
9,02-03-2024 17:00,1
1,04-03-2024 15:00,1
1,29-02-2024 08:00,1
6,27-02-2024 02:00,1
1,01-05-2024 16:00,1
21,30-03-2024 05:00,2
12,04-05-2024 08:00,0
26,13-03-2024 08:00,2
5,01-03-2024 19:00,1
1,02-05-2024 17:00,1
10,24-02-2024 00:00,0
4,06-06-2024 19:00,1
25,05-04-2024 15:00,2
5,12-03-2024 00:00,1
13,14-05-2024 08:00,0
17,15-12-2025 23:00,0
28,30-03-2024 12:00,2
22,12-03-2024 08:00,2
8,11-03-2024 02:00,1
5,06-11-2025 03:00,1
2,26-04-2024 20:00,1
14,01-03-2024 20:00,0
10,16-03-2024 21:00,0
17,31-03-2024 16:00,0
8,29-03-2024 07:00,1
4,27-04-2024 23:00,1
8,03-04-2024 04:00,1
28,15-03-2024 13:00,2
4,28-02-2024 01:00,1
18,28-02-2024 08:00,0
7,29-04-2024 06:00,1
1,25-04-2024 14:00,1
4,01-03-2024 12:00,1
9,19-04-2024 20:00,1
4,25-03-2024 20:00,1
2,24-04-2024 01:00,1
25,03-05-2024 12:00,2
10,21-03-2024 01:00,0
1,20-05-2024 18:00,1
14,07-07-2025 05:00,0
14,17-07-2025 13:00,0
5,30-04-2024 20:00,1
17,20-05-2024 17:00,0
2,18-05-2024 04:00,1
2,05-03-2024 16:00,1
3,24-04-2024 19:00,1
17,09-03-2024 10:00,0
5,06-04-2025 17:00,1
4,21-03-2024 17:00,1
18,05-03-2024 17:00,0
2,27-03-2025 04:00,1
5,18-04-2024 04:00,1
5,17-05-2024 13:00,1
0,17-03-2024 14:00,1
5,06-03-2024 01:00,1
2,06-03-2024 05:00,1
3,07-03-2024 19:00,1
2,09-10-2025 03:00,1
20,02-04-2024 18:00,2
8,13-04-2024 22:00,1
17,24-03-2024 14:00,0
2,28-03-2024 05:00,1
4,09-04-2024 04:00,1
17,01-04-2024 01:00,0
13,19-03-2024 05:00,0
13,13-04-2024 03:00,0
14,07-03-2024 13:00,0
8,20-03-2024 09:00,1
18,23-04-2024 07:00,0
4,15-05-2024 19:00,1
5,07-05-2024 07:00,1
4,28-04-2024 18:00,1
2,17-04-2024 15:00,1
13,31-03-2024 22:00,0
14,23-07-2024 16:00,0
5,16-04-2024 04:00,1
21,29-03-2024 21:00,2
21,26-03-2024 14:00,2
22,30-05-2025 10:00,2
13,28-02-2024 21:00,0
2,21-05-2024 20:00,1
10,29-02-2024 06:00,0
4,18-02-2026 16:00,1
9,16-05-2024 23:00,1
5,11-06-2024 16:00,1
4,09-05-2024 17:00,1
0,22-03-2024 01:00,1
21,11-03-2024 11:00,2
12,25-03-2024 14:00,0
0,10-03-2024 14:00,1
13,21-05-2024 03:00,0
0,16-05-2024 01:00,1
5,22-05-2024 16:00,1
21,30-03-2024 08:00,2
10,15-04-2024 11:00,0
8,01-05-2024 10:00,1
24,23-05-2024 13:00,2
10,14-04-2024 20:00,0
2,31-03-2024 21:00,1
24,30-09-2025 16:00,2
5,26-05-2024 21:00,1
2,18-05-2024 13:00,1
5,07-03-2024 16:00,1
15,24-05-2024 12:00,0
6,13-03-2024 06:00,1
8,09-04-2024 09:00,1
21,24-01-2025 22:00,2
5,18-03-2024 04:00,1
5,07-04-2024 09:00,1
14,18-03-2024 02:00,0
12,01-05-2024 15:00,0
25,23-05-2024 02:00,2
13,25-05-2024 04:00,0
24,07-08-2024 07:00,2
21,08-04-2024 10:00,2
7,02-04-2024 12:00,1
1,15-04-2024 20:00,1
10,10-04-2024 07:00,0
4,18-03-2024 06:00,1
16,24-04-2024 12:00,0
5,03-05-2024 23:00,1
9,19-03-2024 11:00,1
5,10-06-2025 12:00,1
0,09-05-2024 20:00,1
5,11-03-2024 22:00,1
2,05-04-2024 16:00,1
16,23-03-2024 03:00,0
28,04-12-2025 05:00,2
7,13-04-2024 21:00,1
17,15-03-2024 03:00,0
21,28-05-2024 15:00,2
20,29-05-2024 23:00,2
5,26-04-2024 00:00,1
13,20-03-2024 04:00,0
2,04-04-2024 22:00,1
18,29-05-2024 19:00,0
2,06-04-2024 22:00,1
3,19-07-2024 04:00,1
5,18-05-2024 17:00,1
17,13-06-2024 20:00,0
17,25-04-2024 19:00,0
8,27-04-2024 21:00,1
12,05-04-2024 18:00,0
2,28-04-2024 01:00,1
5,19-03-2024 12:00,1
1,16-03-2024 14:00,1
8,20-03-2024 12:00,1
1,22-03-2024 15:00,1
8,19-03-2024 04:00,1
28,21-04-2024 20:00,2
2,18-05-2024 01:00,1
21,22-05-2024 20:00,2
5,13-03-2024 04:00,1
8,05-03-2024 02:00,1
25,29-04-2024 02:00,2
8,04-05-2024 22:00,1
16,02-05-2024 14:00,0
18,25-03-2024 07:00,0
21,09-05-2024 15:00,2
17,25-05-2024 20:00,0
5,02-04-2024 13:00,1
14,25-04-2024 20:00,0
9,12-04-2024 02:00,1
28,18-05-2024 07:00,2
0,15-04-2024 00:00,1
18,12-06-2024 03:00,0
18,22-03-2024 16:00,0
13,11-03-2024 16:00,0
21,18-03-2024 08:00,2
14,17-04-2024 06:00,0
20,07-05-2024 04:00,2
8,16-04-2024 10:00,1
2,12-05-2024 11:00,1
5,08-05-2024 06:00,1
20,18-03-2024 18:00,2
13,05-04-2024 01:00,0
5,15-07-2024 00:00,1
26,05-04-2024 18:00,2
26,26-04-2024 03:00,2
18,31-05-2024 23:00,0
8,30-04-2024 23:00,1
4,28-04-2024 15:00,1
2,15-07-2024 02:00,1
1,05-08-2024 21:00,1
5,26-04-2024 02:00,1
12,02-06-2024 07:00,0
6,30-05-2024 17:00,1
4,21-04-2024 21:00,1
25,23-06-2025 10:00,2
0,04-04-2024 02:00,1
12,27-03-2024 17:00,0
21,25-03-2024 08:00,2
2,26-04-2024 19:00,1
10,12-03-2024 00:00,0
4,02-04-2024 19:00,1
18,18-03-2024 19:00,0
10,22-05-2024 10:00,0
24,12-05-2024 15:00,2
3,09-05-2024 03:00,1
1,15-05-2024 22:00,1
0,06-10-2024 14:00,1
4,19-06-2024 21:00,1
28,18-03-2024 13:00,2
21,10-08-2024 14:00,2
5,06-11-2025 22:00,1
5,20-03-2024 14:00,1
21,23-03-2024 02:00,2
8,12-03-2024 03:00,1
10,22-04-2024 04:00,0
20,15-03-2024 15:00,2
9,14-03-2024 15:00,1
5,16-03-2024 13:00,1
9,10-05-2024 17:00,1
5,07-05-2024 12:00,1
14,20-08-2024 01:00,0
8,17-04-2024 03:00,1
12,15-03-2024 17:00,0
8,16-01-2026 19:00,1
5,18-03-2024 13:00,1
24,27-03-2024 19:00,2
2,05-05-2024 09:00,1
10,03-04-2024 20:00,0
17,13-03-2025 03:00,0
5,21-04-2024 04:00,1
13,11-05-2024 15:00,0
17,22-05-2024 15:00,0
8,05-05-2024 03:00,1
5,26-05-2024 16:00,1
12,31-03-2024 20:00,0
3,03-05-2024 05:00,1
8,31-03-2024 15:00,1
0,20-04-2024 18:00,1
2,09-05-2024 16:00,1
5,19-05-2024 04:00,1
5,05-04-2024 15:00,1
2,30-03-2024 06:00,1
14,25-04-2024 09:00,0
17,11-05-2024 04:00,0
4,31-03-2024 16:00,1
10,17-03-2024 23:00,0
20,16-04-2024 20:00,2
5,16-04-2024 11:00,1
5,18-03-2024 13:00,1
10,28-05-2024 11:00,0
5,05-06-2024 12:00,1
5,20-04-2024 08:00,1
2,08-04-2024 04:00,1
15,03-12-2025 18:00,0
20,04-04-2024 21:00,2
16,14-03-2024 13:00,0
17,10-04-2024 17:00,0
17,05-04-2024 20:00,0
12,08-06-2024 08:00,0
10,29-05-2024 19:00,0
10,10-04-2024 04:00,0
21,13-04-2024 08:00,2
4,08-05-2024 23:00,1
13,24-05-2024 10:00,0
17,15-05-2024 17:00,0
13,23-04-2024 04:00,0
2,04-05-2024 22:00,1
5,03-05-2024 21:00,1
13,02-05-2024 11:00,0
20,18-01-2026 18:00,2
13,21-04-2024 03:00,0
5,03-07-2024 19:00,1
9,09-06-2024 20:00,1
13,06-05-2024 12:00,0
24,15-04-2024 06:00,2
13,16-05-2024 21:00,0
27,28-05-2024 22:00,2
4,23-05-2024 00:00,1
13,27-05-2024 18:00,0
20,07-04-2024 20:00,2
17,12-04-2024 09:00,0
28,05-06-2024 02:00,2
17,23-03-2024 15:00,0
26,16-04-2024 00:00,2
24,30-04-2024 19:00,2
9,02-05-2024 00:00,1
5,02-05-2024 17:00,1
14,07-05-2024 10:00,0
12,28-04-2024 16:00,0
17,21-04-2024 01:00,0
12,03-04-2024 07:00,0
13,07-04-2024 00:00,0
5,15-04-2024 06:00,1
22,19-05-2024 12:00,2
16,08-04-2024 12:00,0
5,06-01-2025 12:00,1
5,28-04-2024 16:00,1
18,21-04-2024 11:00,0
5,04-05-2024 02:00,1
5,29-12-2025 17:00,1
0,21-03-2024 17:00,1
2,30-03-2024 01:00,1
21,25-04-2024 04:00,2
2,10-04-2024 22:00,1
5,01-05-2024 17:00,1
20,01-09-2025 14:00,2
21,02-05-2024 20:00,2
17,02-06-2024 18:00,0
5,05-05-2024 12:00,1
1,18-04-2024 16:00,1
12,26-03-2024 10:00,0
12,23-05-2024 14:00,0
8,20-10-2024 06:00,1
17,05-05-2024 07:00,0
20,02-06-2024 10:00,2
4,12-04-2024 12:00,1
1,30-03-2024 10:00,1
9,31-05-2024 08:00,1
7,20-05-2024 19:00,1
17,28-05-2024 20:00,0
24,24-07-2024 16:00,2
21,13-09-2024 13:00,2
17,12-06-2024 00:00,0
17,02-04-2024 01:00,0
8,07-08-2024 20:00,1
17,23-04-2024 11:00,0
2,19-05-2025 09:00,1
4,15-04-2024 08:00,1
17,15-01-2025 08:00,0
3,29-03-2024 15:00,1
12,22-05-2024 05:00,0
8,27-03-2024 22:00,1
2,22-06-2024 16:00,1
2,24-04-2024 05:00,1
11,01-04-2024 07:00,0
0,23-04-2024 10:00,1
2,07-06-2024 05:00,1
23,28-05-2024 06:00,2
20,26-03-2024 22:00,2
4,01-05-2024 17:00,1
5,13-05-2024 02:00,1
21,07-04-2024 13:00,2
2,27-03-2024 01:00,1
5,07-05-2024 06:00,1
13,27-07-2025 10:00,0
4,28-04-2024 07:00,1
13,15-06-2024 23:00,0
21,10-05-2024 04:00,2
12,08-06-2024 05:00,0
10,03-06-2024 14:00,0
13,29-05-2024 23:00,0
17,07-10-2024 00:00,0
20,15-06-2024 09:00,2
8,11-07-2024 00:00,1
17,31-05-2024 06:00,0
1,11-06-2024 09:00,1
5,07-04-2024 22:00,1
21,14-06-2024 10:00,2
5,01-12-2024 12:00,1
17,25-04-2024 07:00,0
14,16-05-2024 08:00,0
8,27-07-2024 16:00,1
5,14-06-2024 00:00,1
21,29-05-2024 02:00,2
5,31-05-2025 16:00,1
2,01-04-2024 12:00,1
5,21-05-2024 11:00,1
24,28-03-2024 01:00,2
8,04-04-2024 17:00,1
28,25-05-2024 22:00,2
5,11-06-2024 07:00,1
28,16-04-2024 23:00,2
2,08-04-2024 01:00,1
4,18-06-2024 00:00,1
5,13-05-2024 16:00,1
13,31-07-2024 11:00,0
24,16-05-2024 12:00,2
5,11-06-2024 10:00,1
21,22-04-2024 20:00,2
1,29-03-2024 18:00,1
13,13-04-2024 19:00,0
11,24-04-2024 04:00,0
20,10-05-2024 06:00,2
13,29-03-2024 19:00,0
2,19-04-2024 06:00,1
17,07-09-2024 14:00,0
17,01-04-2024 21:00,0
19,09-04-2024 00:00,2
21,15-04-2024 22:00,2
10,26-05-2024 17:00,0
2,12-06-2024 20:00,1
2,20-06-2024 21:00,1
5,21-06-2024 11:00,1
13,10-06-2024 01:00,0
18,21-06-2024 11:00,0
2,28-04-2024 17:00,1
8,07-06-2024 21:00,1
8,26-05-2024 10:00,1
26,17-04-2024 20:00,2
17,28-04-2024 09:00,0
21,04-05-2024 10:00,2
8,11-04-2024 16:00,1
8,18-05-2024 22:00,1
21,21-05-2024 03:00,2
21,18-06-2024 01:00,2
21,24-06-2024 10:00,2
11,13-06-2024 22:00,0
17,22-04-2024 09:00,0
2,20-04-2024 02:00,1
21,14-04-2024 11:00,2
7,06-04-2024 00:00,1
19,24-04-2024 16:00,2
16,02-05-2024 02:00,0
21,17-12-2025 03:00,2
5,16-02-2026 01:00,1
5,16-11-2025 21:00,1
21,14-05-2024 05:00,2
21,10-04-2024 06:00,2
5,07-08-2024 08:00,1
13,25-06-2024 12:00,0
22,22-09-2024 03:00,2
17,08-04-2024 23:00,0
13,16-04-2024 09:00,0
7,21-10-2024 01:00,1
10,05-05-2024 00:00,0
3,09-04-2024 18:00,1
14,12-06-2024 14:00,0
5,20-05-2024 15:00,1
21,04-05-2024 17:00,2
2,29-05-2024 09:00,1
8,17-05-2024 03:00,1
5,02-08-2024 06:00,1
8,30-05-2024 12:00,1
4,30-03-2024 23:00,1
13,19-06-2024 10:00,0
17,07-06-2024 05:00,0
5,22-04-2024 22:00,1
22,15-05-2024 18:00,2
24,31-03-2024 23:00,2
2,10-04-2024 23:00,1
11,21-04-2024 20:00,0
2,09-04-2024 17:00,1
5,06-04-2024 23:00,1
15,20-06-2024 21:00,0
13,08-01-2026 16:00,0
5,16-06-2024 16:00,1
4,20-06-2024 15:00,1
16,21-04-2024 23:00,0
21,06-05-2024 00:00,2
8,01-02-2025 08:00,1
5,11-05-2024 11:00,1
25,10-04-2024 10:00,2
11,10-05-2024 10:00,0
4,30-05-2024 01:00,1
12,17-08-2024 23:00,0
23,15-06-2024 10:00,2
20,22-06-2024 07:00,2
13,16-05-2024 05:00,0
8,13-01-2025 03:00,1
25,26-05-2024 12:00,2
8,17-04-2024 23:00,1
8,21-04-2024 18:00,1
13,27-06-2024 22:00,0
18,30-05-2024 14:00,0
9,08-05-2024 02:00,1
2,15-05-2024 00:00,1
9,19-04-2024 14:00,1
2,22-04-2024 23:00,1
14,29-06-2024 08:00,0
8,30-05-2024 03:00,1
4,17-04-2024 11:00,1
13,01-07-2024 06:00,0
2,10-07-2024 23:00,1
0,29-04-2024 19:00,1
13,21-04-2025 07:00,0
8,09-04-2024 14:00,1
27,10-05-2024 18:00,2
16,22-06-2024 14:00,0
9,19-06-2024 16:00,1
17,23-01-2025 08:00,0
20,19-06-2024 07:00,2
12,30-04-2024 13:00,0
6,23-05-2024 13:00,1
4,08-05-2024 22:00,1
4,28-09-2025 04:00,1
3,18-05-2024 05:00,1
24,05-05-2024 02:00,2
8,24-05-2024 02:00,1
17,02-07-2024 00:00,0
13,13-04-2024 07:00,0
11,26-05-2024 17:00,0
10,31-05-2024 05:00,0
17,03-07-2024 06:00,0
4,21-04-2024 10:00,1
21,21-04-2024 22:00,2
4,02-06-2024 21:00,1
0,10-05-2024 03:00,1
8,30-05-2024 12:00,1
24,20-05-2024 17:00,2
1,20-09-2025 06:00,1
19,19-04-2025 21:00,2
2,14-04-2024 18:00,1
25,19-05-2024 15:00,2
24,05-05-2024 01:00,2
13,28-04-2024 19:00,0
17,16-04-2024 02:00,0
7,04-05-2024 21:00,1
5,04-03-2026 03:00,1
10,23-06-2024 04:00,0
13,23-06-2024 20:00,0
5,19-04-2024 06:00,1
14,15-06-2024 10:00,0
13,04-07-2024 14:00,0
5,07-05-2024 20:00,1
2,04-06-2024 06:00,1
5,26-06-2025 10:00,1
17,15-05-2024 05:00,0
14,17-04-2024 18:00,0
21,17-05-2024 18:00,2
8,16-05-2024 07:00,1
24,10-06-2024 04:00,2
6,30-06-2024 18:00,1
12,18-05-2024 11:00,0
2,15-06-2024 05:00,1
13,03-06-2024 03:00,0
1,14-06-2024 14:00,1
10,19-05-2024 04:00,0
8,25-05-2024 11:00,1
14,10-05-2024 21:00,0
10,24-06-2024 14:00,0
1,17-04-2024 04:00,1
7,16-04-2024 12:00,1
17,19-06-2024 19:00,0
19,18-06-2024 19:00,2
26,26-08-2024 07:00,2
17,23-04-2024 04:00,0
21,22-06-2024 13:00,2
15,15-02-2025 09:00,0
5,22-05-2024 16:00,1
10,04-07-2024 18:00,0
25,02-06-2024 06:00,2
2,21-05-2024 18:00,1
10,08-04-2025 10:00,0
21,23-06-2024 23:00,2
5,11-06-2024 00:00,1
11,29-04-2024 15:00,0
21,07-05-2024 03:00,2
7,10-04-2024 04:00,1
0,14-06-2024 15:00,1
6,22-04-2024 13:00,1
13,08-10-2024 17:00,0
5,15-05-2024 07:00,1
2,20-04-2024 18:00,1
5,21-03-2026 08:00,1
4,16-06-2024 05:00,1
2,20-06-2024 22:00,1
20,07-06-2024 02:00,2
2,25-04-2024 07:00,1
28,21-05-2024 17:00,2
17,28-08-2024 23:00,0
22,27-04-2024 02:00,2
13,06-05-2024 16:00,0
17,29-06-2024 12:00,0
2,23-04-2024 02:00,1
21,14-05-2024 19:00,2
2,06-07-2024 00:00,1
4,25-04-2024 06:00,1
19,04-04-2025 01:00,2
4,13-04-2024 23:00,1
17,15-06-2024 08:00,0
17,07-06-2024 14:00,0
21,03-05-2024 07:00,2
10,13-12-2024 01:00,0
24,02-05-2024 16:00,2
11,17-04-2024 13:00,0
12,04-06-2024 07:00,0
16,04-05-2024 08:00,0
15,16-06-2024 02:00,0
8,02-07-2024 01:00,1
5,01-06-2024 13:00,1
24,30-04-2024 03:00,2
2,26-04-2024 17:00,1
17,08-05-2024 11:00,0
1,26-05-2024 01:00,1
24,25-05-2024 03:00,2
17,01-05-2024 23:00,0
1,19-04-2024 20:00,1
21,15-09-2024 21:00,2
28,16-03-2026 09:00,2
25,10-05-2024 12:00,2
2,06-06-2024 12:00,1
17,09-05-2024 21:00,0
4,16-06-2024 04:00,1
5,14-07-2024 02:00,1
10,09-07-2024 08:00,0
5,29-04-2024 07:00,1
1,26-08-2024 05:00,1
21,28-05-2024 15:00,2
17,04-05-2024 18:00,0
17,09-05-2024 02:00,0
8,28-06-2024 05:00,1
17,20-06-2024 09:00,0
1,14-06-2024 04:00,1
13,02-07-2024 12:00,0
10,01-06-2024 12:00,0
13,02-06-2024 05:00,0
25,28-06-2024 05:00,2
2,13-04-2025 09:00,1
13,10-07-2024 21:00,0
5,28-09-2024 08:00,1
4,05-05-2024 23:00,1
13,16-09-2025 06:00,0
18,28-04-2024 13:00,0
20,27-05-2024 12:00,2
21,17-06-2024 12:00,2
2,22-06-2024 16:00,1
2,02-06-2024 01:00,1
13,18-05-2024 14:00,0
10,16-05-2024 17:00,0
5,11-05-2024 23:00,1
11,04-07-2024 14:00,0
13,01-07-2024 13:00,0
20,26-04-2024 02:00,2
18,03-08-2025 21:00,0
5,18-05-2024 07:00,1
23,09-05-2024 20:00,2
15,13-06-2024 04:00,0
6,27-05-2024 20:00,1
21,12-06-2024 20:00,2
5,21-05-2024 21:00,1
13,02-05-2024 13:00,0
14,12-10-2024 20:00,0
13,08-07-2024 14:00,0
5,26-03-2025 02:00,1
21,10-06-2024 19:00,2
8,07-05-2024 06:00,1
5,14-05-2024 23:00,1
15,23-05-2024 11:00,0
5,05-05-2024 12:00,1
0,11-06-2024 07:00,1
17,02-06-2024 23:00,0
9,27-05-2024 16:00,1
12,19-05-2024 15:00,0
10,16-07-2024 04:00,0
20,15-07-2024 19:00,2
1,14-06-2024 15:00,1
5,26-06-2024 06:00,1
10,23-06-2024 02:00,0
10,17-06-2024 23:00,0
8,09-05-2024 19:00,1
18,08-10-2024 06:00,0
4,11-01-2025 13:00,1
18,11-07-2024 17:00,0
1,02-06-2024 17:00,1
5,24-09-2024 21:00,1
8,22-04-2024 23:00,1
13,24-05-2024 19:00,0
11,30-06-2024 08:00,0
17,02-06-2024 13:00,0
3,07-07-2024 02:00,1
2,28-06-2024 05:00,1
27,15-07-2024 19:00,2
13,06-06-2024 20:00,0
15,03-11-2025 01:00,0
12,28-05-2024 23:00,0
14,24-06-2024 10:00,0
5,25-06-2024 11:00,1
1,04-05-2024 18:00,1
13,12-05-2024 03:00,0
15,14-06-2024 23:00,0
18,14-05-2024 07:00,0
17,30-04-2024 19:00,0
7,31-05-2024 01:00,1
13,20-05-2024 19:00,0
10,30-06-2024 06:00,0
8,09-06-2024 05:00,1
24,02-05-2024 13:00,2
4,22-06-2024 21:00,1
21,01-05-2024 21:00,2
9,03-07-2024 02:00,1
3,14-07-2024 21:00,1
10,03-05-2024 02:00,0
26,04-05-2024 18:00,2
14,28-05-2024 05:00,0
21,06-05-2024 05:00,2
5,30-05-2024 02:00,1
9,21-06-2024 15:00,1
14,26-05-2024 13:00,0
13,27-06-2024 20:00,0
17,03-06-2024 05:00,0
8,19-02-2026 06:00,1
2,05-05-2024 23:00,1
5,14-07-2024 16:00,1
8,14-07-2024 12:00,1
28,17-05-2024 07:00,2
4,13-05-2024 15:00,1
15,21-05-2024 22:00,0
10,06-05-2024 12:00,0
2,13-06-2024 10:00,1
13,11-05-2024 11:00,0
6,11-07-2024 02:00,1
14,22-07-2024 07:00,0
17,02-05-2024 22:00,0
27,05-07-2024 18:00,2
8,12-06-2024 13:00,1
17,23-11-2025 14:00,0
28,28-05-2024 11:00,2
5,09-05-2024 20:00,1
3,07-05-2024 22:00,1
15,11-05-2024 04:00,0
5,31-05-2024 17:00,1
4,08-05-2024 23:00,1
10,29-04-2024 19:00,0
4,02-08-2024 16:00,1
17,28-04-2024 01:00,0
13,13-05-2024 13:00,0
13,14-07-2024 04:00,0
3,20-07-2024 13:00,1
8,14-06-2024 19:00,1
16,15-05-2024 03:00,0
4,02-03-2026 23:00,1
21,23-09-2024 12:00,2
1,04-07-2024 13:00,1
19,20-06-2024 21:00,2
1,08-06-2024 17:00,1
5,30-05-2024 19:00,1
17,13-04-2025 13:00,0
4,23-05-2024 00:00,1
8,24-07-2024 09:00,1
5,06-07-2024 06:00,1
4,24-07-2024 00:00,1
8,13-06-2024 08:00,1
12,24-07-2024 04:00,0
12,08-06-2024 15:00,0
4,15-06-2025 01:00,1
5,10-07-2024 03:00,1
5,21-07-2024 00:00,1
8,28-05-2024 12:00,1
25,10-06-2024 17:00,2
1,23-05-2024 13:00,1
4,23-04-2026 09:00,1
8,13-05-2024 09:00,1
12,15-05-2024 14:00,0
13,12-06-2024 21:00,0
8,28-05-2024 04:00,1
15,10-07-2024 00:00,0
20,07-05-2024 15:00,2
10,07-05-2024 06:00,0
0,28-07-2024 16:00,1
7,17-05-2024 00:00,1
5,26-01-2026 23:00,1
1,29-09-2024 22:00,1
13,14-07-2024 10:00,0
1,13-06-2024 22:00,1
2,17-07-2024 23:00,1
13,23-04-2026 15:00,0
1,14-06-2024 21:00,1
2,08-09-2024 06:00,1
6,09-06-2024 13:00,1
2,04-06-2024 23:00,1
8,18-06-2024 13:00,1
17,20-07-2024 08:00,0
14,14-05-2024 02:00,0
20,28-07-2024 10:00,2
0,08-06-2024 20:00,1
5,22-06-2024 14:00,1
13,01-07-2024 13:00,0
8,14-07-2024 15:00,1
2,01-06-2024 08:00,1
21,23-05-2024 17:00,2
21,01-06-2024 00:00,2
2,25-05-2024 14:00,1
8,13-06-2024 01:00,1
2,25-09-2024 01:00,1
4,20-07-2024 01:00,1
5,26-05-2024 14:00,1
7,19-05-2024 21:00,1
21,31-05-2024 21:00,2
10,08-05-2024 01:00,0
21,06-07-2024 10:00,2
5,09-07-2024 15:00,1
12,27-06-2024 18:00,0
14,22-05-2024 11:00,0
1,17-06-2024 05:00,1
1,24-05-2024 18:00,1
17,28-05-2024 16:00,0
5,23-02-2025 00:00,1
20,23-06-2024 18:00,2
9,28-07-2024 14:00,1
12,03-06-2024 21:00,0
5,21-06-2024 00:00,1
8,11-04-2026 22:00,1
21,25-05-2024 05:00,2
5,17-05-2024 02:00,1
3,11-07-2024 01:00,1
13,26-10-2024 13:00,0
8,20-05-2024 03:00,1
12,07-05-2024 15:00,0
8,14-05-2024 04:00,1
5,02-06-2024 14:00,1
14,16-07-2024 18:00,0
2,14-06-2024 07:00,1
5,14-02-2025 16:00,1
12,25-05-2024 03:00,0
28,21-05-2024 17:00,2
22,01-06-2024 16:00,2
5,13-07-2024 19:00,1
10,17-09-2024 08:00,0
1,18-09-2025 10:00,1
28,12-05-2024 02:00,2
17,22-05-2024 10:00,0
5,23-06-2024 01:00,1
5,25-05-2024 18:00,1
5,15-05-2024 01:00,1
3,04-06-2024 15:00,1
5,16-05-2024 16:00,1
14,28-06-2024 05:00,0
2,09-07-2024 18:00,1
8,06-07-2024 09:00,1
4,06-10-2024 19:00,1
5,18-10-2024 12:00,1
24,17-07-2024 04:00,2
17,08-05-2024 23:00,0
5,02-10-2024 23:00,1
2,22-01-2025 19:00,1
9,01-08-2024 06:00,1
23,22-10-2025 15:00,2
4,16-07-2024 18:00,1
22,16-07-2024 10:00,2
4,05-08-2025 10:00,1
17,17-05-2024 23:00,0
17,12-07-2024 03:00,0
17,20-07-2024 04:00,0
2,28-07-2024 10:00,1
24,19-07-2024 06:00,2
14,27-05-2024 06:00,0
5,19-06-2024 13:00,1
4,20-05-2024 13:00,1
2,30-05-2024 03:00,1
23,25-07-2024 15:00,2
9,25-07-2024 17:00,1
4,15-10-2024 22:00,1
5,25-07-2024 09:00,1
5,14-05-2024 18:00,1
13,27-05-2024 19:00,0
13,20-06-2024 23:00,0
12,23-07-2024 12:00,0
8,28-05-2024 08:00,1
16,03-06-2024 05:00,0
28,21-07-2024 17:00,2
25,17-01-2025 21:00,2
17,15-05-2024 07:00,0
3,01-07-2024 16:00,1
4,12-08-2025 18:00,1
4,04-07-2024 01:00,1
17,25-06-2024 16:00,0
1,16-06-2024 18:00,1
5,20-06-2024 07:00,1
16,25-05-2024 16:00,0
24,12-09-2024 03:00,2
14,31-01-2026 05:00,0
21,03-07-2024 13:00,2
20,23-05-2024 23:00,2
26,23-05-2024 10:00,2
25,29-05-2024 16:00,2
10,23-05-2024 19:00,0
26,07-06-2024 00:00,2
8,11-07-2024 14:00,1
17,21-05-2024 17:00,0
1,10-07-2024 05:00,1
5,17-11-2024 09:00,1
5,24-06-2024 01:00,1
0,20-05-2024 04:00,1
10,22-05-2024 05:00,0
3,06-07-2024 07:00,1
5,24-07-2024 02:00,1
4,29-07-2024 02:00,1
21,19-05-2024 02:00,2
4,30-10-2024 19:00,1
5,20-07-2024 10:00,1
0,23-07-2024 16:00,1
6,01-01-2025 18:00,1
17,22-06-2024 10:00,0
2,03-06-2025 16:00,1
1,24-05-2024 00:00,1
3,21-05-2024 17:00,1
9,28-04-2025 02:00,1
2,24-05-2024 17:00,1
19,04-08-2024 05:00,2
14,22-06-2024 17:00,0
5,12-12-2024 14:00,1
28,22-05-2024 23:00,2
13,22-06-2024 08:00,0
4,04-07-2024 08:00,1
14,08-10-2024 18:00,0
21,23-06-2024 20:00,2
23,23-10-2024 21:00,2
21,31-07-2024 01:00,2
15,01-01-2025 20:00,0
16,28-05-2024 06:00,0
5,01-08-2024 16:00,1
22,19-03-2025 05:00,2
20,18-06-2024 20:00,2
28,05-06-2024 09:00,2
18,27-06-2024 16:00,0
2,22-07-2024 05:00,1
15,17-04-2025 13:00,0
14,16-07-2025 04:00,0
12,17-07-2024 05:00,0
28,20-12-2025 09:00,2
8,29-07-2024 12:00,1
28,01-07-2024 14:00,2
21,31-07-2024 11:00,2
8,01-07-2024 20:00,1
17,04-06-2024 11:00,0
3,22-06-2024 13:00,1
28,04-07-2024 06:00,2
0,19-06-2024 02:00,1
5,05-06-2024 13:00,1
17,10-07-2024 15:00,0
4,30-05-2024 13:00,1
17,24-06-2024 05:00,0
13,20-07-2024 10:00,0
10,23-07-2024 18:00,0
4,23-07-2025 17:00,1
5,01-07-2024 14:00,1
27,27-05-2024 18:00,2
28,25-07-2024 06:00,2
17,12-06-2024 05:00,0
16,23-07-2024 20:00,0
8,09-12-2025 23:00,1
5,29-07-2024 11:00,1
13,25-06-2024 10:00,0
21,18-07-2024 06:00,2
5,13-07-2024 07:00,1
28,15-06-2024 11:00,2
2,29-06-2024 09:00,1
17,11-07-2024 02:00,0
4,03-08-2024 20:00,1
28,07-07-2024 20:00,2
1,27-06-2024 10:00,1
22,16-07-2024 09:00,2
13,10-06-2024 22:00,0
8,25-05-2024 19:00,1
12,29-06-2024 00:00,0
9,29-06-2024 12:00,1
0,18-07-2024 14:00,1
21,19-06-2024 16:00,2
17,26-05-2024 06:00,0
16,09-08-2024 21:00,0
27,16-04-2025 04:00,2
24,04-07-2024 18:00,2
21,11-06-2024 19:00,2
20,12-06-2024 21:00,2
3,11-01-2025 01:00,1
2,12-08-2024 20:00,1
10,26-06-2024 10:00,0
5,16-07-2024 12:00,1
7,11-06-2024 17:00,1
16,30-09-2024 06:00,0
16,03-07-2024 05:00,0
20,23-05-2024 06:00,2
18,11-06-2024 16:00,0
13,08-08-2024 18:00,0
10,19-07-2024 16:00,0
2,17-06-2024 11:00,1
17,17-08-2024 18:00,0
17,29-06-2024 13:00,0
12,08-02-2025 21:00,0
8,26-07-2024 11:00,1
12,28-07-2024 18:00,0
1,05-07-2024 22:00,1
8,12-08-2024 14:00,1
17,09-08-2024 22:00,0
8,11-06-2024 09:00,1
26,31-07-2024 01:00,2
5,11-06-2024 04:00,1
2,14-07-2024 15:00,1
21,30-06-2024 09:00,2
5,23-07-2024 15:00,1
5,13-07-2024 11:00,1
2,28-10-2024 19:00,1
17,11-06-2024 18:00,0
28,11-06-2024 20:00,2
21,04-11-2024 05:00,2
17,08-07-2024 18:00,0
5,04-06-2024 21:00,1
5,02-08-2024 20:00,1
18,18-08-2024 23:00,0
26,14-06-2024 17:00,2
2,05-07-2024 11:00,1
10,09-08-2024 13:00,0
7,22-07-2024 00:00,1
5,18-07-2024 03:00,1
15,14-07-2024 08:00,0
5,29-06-2024 12:00,1
13,17-08-2024 21:00,0
12,15-06-2024 22:00,0
25,09-03-2025 09:00,2
17,28-11-2025 03:00,0
20,16-06-2024 11:00,2
14,22-06-2024 01:00,0
4,02-08-2024 03:00,1
16,30-07-2024 08:00,0
25,21-07-2024 22:00,2
2,18-06-2024 19:00,1
5,19-06-2024 17:00,1
13,12-07-2024 19:00,0
16,21-06-2024 17:00,0
4,21-07-2024 03:00,1
14,19-06-2024 17:00,0
16,05-11-2024 15:00,0
10,18-08-2024 21:00,0
25,05-07-2024 18:00,2
1,26-07-2024 22:00,1
17,01-07-2024 06:00,0
2,09-02-2026 19:00,1
4,23-01-2025 08:00,1
1,20-08-2024 14:00,1
17,11-06-2024 15:00,0
21,05-03-2025 01:00,2
2,02-06-2024 12:00,1
8,12-06-2024 09:00,1
13,17-06-2024 00:00,0
4,10-06-2024 16:00,1
26,21-10-2025 20:00,2
13,18-07-2024 12:00,0
24,06-08-2024 21:00,2
8,25-07-2024 23:00,1
17,19-06-2024 03:00,0
5,03-06-2024 10:00,1
17,17-06-2024 02:00,0
1,06-12-2025 15:00,1
17,23-07-2024 12:00,0
17,31-07-2024 23:00,0
5,07-06-2024 05:00,1
17,10-07-2024 05:00,0
17,24-08-2024 07:00,0
17,03-06-2024 08:00,0
2,18-08-2024 22:00,1
0,02-07-2024 10:00,1
4,10-06-2024 20:00,1
2,09-06-2024 04:00,1
4,12-06-2024 11:00,1
8,16-06-2024 08:00,1
20,25-07-2024 13:00,2
8,19-08-2024 11:00,1
4,11-07-2024 09:00,1
11,01-08-2024 10:00,0
4,20-08-2024 19:00,1
21,17-08-2025 13:00,2
10,12-10-2025 07:00,0
24,10-06-2024 04:00,2
14,29-06-2024 23:00,0
5,05-08-2024 19:00,1
21,19-08-2024 19:00,2
5,30-06-2024 22:00,1
8,04-06-2024 16:00,1
13,03-07-2025 09:00,0
25,30-11-2025 10:00,2
5,11-06-2024 09:00,1
21,07-07-2024 00:00,2
5,27-08-2024 02:00,1
22,26-07-2024 13:00,2
21,13-05-2025 05:00,2
5,10-10-2024 18:00,1
5,05-09-2025 02:00,1
2,17-06-2024 07:00,1
24,15-06-2024 07:00,2
5,27-08-2024 14:00,1
13,25-06-2024 15:00,0
5,08-06-2024 13:00,1
3,26-08-2024 06:00,1
8,07-08-2024 16:00,1
8,21-08-2024 05:00,1
4,16-08-2024 22:00,1
5,23-08-2024 12:00,1
5,27-08-2024 02:00,1
14,27-06-2024 22:00,0
6,30-08-2024 00:00,1
25,22-08-2024 01:00,2
5,15-06-2024 15:00,1
1,10-06-2024 08:00,1
13,20-08-2024 00:00,0
25,13-06-2024 10:00,2
20,20-08-2024 12:00,2
21,26-07-2024 12:00,2
28,06-07-2024 13:00,2
21,20-06-2024 19:00,2
24,27-06-2024 08:00,2
12,14-06-2024 11:00,0
14,14-07-2024 14:00,0
13,06-08-2024 07:00,0
10,20-09-2024 16:00,0
2,16-07-2024 21:00,1
2,21-08-2024 07:00,1
5,31-08-2024 15:00,1
2,10-06-2024 02:00,1
19,05-07-2024 21:00,2
13,09-08-2024 07:00,0
15,30-08-2024 16:00,0
13,26-10-2024 20:00,0
21,24-08-2024 16:00,2
20,02-07-2024 15:00,2
0,30-08-2024 11:00,1
15,07-02-2026 14:00,0
8,04-03-2026 16:00,1
8,31-07-2024 19:00,1
5,25-08-2024 18:00,1
18,27-08-2024 15:00,0
20,17-11-2024 22:00,2
8,14-08-2024 03:00,1
24,22-08-2024 10:00,2
5,10-08-2024 07:00,1
5,21-01-2026 10:00,1
3,16-07-2024 03:00,1
28,28-06-2024 01:00,2
5,07-08-2024 13:00,1
14,09-08-2024 17:00,0
24,12-08-2024 06:00,2
4,10-07-2024 07:00,1
21,09-07-2024 18:00,2
3,17-07-2024 22:00,1
17,26-07-2024 21:00,0
5,26-03-2025 23:00,1
19,30-06-2024 21:00,2
22,05-07-2024 10:00,2
19,25-07-2024 18:00,2
5,18-06-2024 04:00,1
5,16-07-2024 10:00,1
17,05-07-2024 20:00,0
13,02-05-2025 08:00,0
8,17-07-2024 17:00,1
13,08-03-2025 11:00,0
5,29-06-2024 11:00,1
13,20-06-2024 20:00,0
24,04-09-2024 09:00,2
5,28-07-2024 00:00,1
27,28-06-2024 00:00,2
8,23-06-2024 17:00,1
17,28-07-2024 18:00,0
17,13-07-2024 19:00,0
5,24-06-2024 08:00,1
5,03-09-2024 08:00,1
21,10-03-2025 00:00,2
4,29-06-2024 05:00,1
0,03-08-2024 09:00,1
2,26-06-2024 06:00,1
25,18-07-2024 11:00,2
0,30-06-2024 22:00,1
18,01-08-2024 14:00,0
14,28-08-2024 01:00,0
5,26-06-2024 11:00,1
12,03-07-2024 13:00,0
13,13-01-2025 18:00,0
13,16-06-2024 14:00,0
5,06-01-2026 11:00,1
15,18-08-2024 22:00,0
13,04-12-2024 22:00,0
21,05-08-2024 10:00,2
13,10-07-2024 16:00,0
3,31-08-2024 12:00,1
13,31-10-2024 23:00,0
15,24-07-2024 21:00,0
17,09-07-2024 05:00,0
17,22-08-2024 23:00,0
5,03-07-2024 05:00,1
24,31-07-2024 05:00,2
5,11-08-2024 20:00,1
17,03-07-2024 16:00,0
5,01-09-2024 22:00,1
13,11-07-2024 06:00,0
10,09-09-2024 13:00,0
12,15-07-2024 17:00,0
13,24-06-2024 20:00,0
23,03-07-2024 20:00,2
2,22-10-2025 02:00,1
25,29-06-2024 04:00,2
17,17-06-2024 23:00,0
5,14-07-2024 07:00,1
10,02-07-2024 12:00,0
1,18-08-2024 02:00,1
13,22-06-2024 00:00,0
2,10-07-2024 12:00,1
18,03-09-2024 16:00,0
10,17-08-2024 12:00,0
28,23-07-2024 18:00,2
5,03-02-2025 02:00,1
1,01-07-2024 16:00,1
13,20-07-2024 09:00,0
18,19-06-2024 01:00,0
5,22-09-2024 19:00,1
24,20-06-2024 15:00,2
4,15-07-2024 01:00,1
21,05-09-2024 19:00,2
13,31-07-2024 14:00,0
10,09-03-2025 08:00,0
5,30-06-2024 13:00,1
26,02-07-2024 19:00,2
14,25-08-2024 02:00,0
17,23-08-2024 09:00,0
17,30-07-2024 10:00,0
11,21-08-2024 19:00,0
21,16-08-2024 15:00,2
4,21-07-2024 20:00,1
0,05-08-2024 19:00,1
13,25-08-2024 21:00,0
1,19-07-2024 14:00,1
8,27-06-2024 20:00,1
10,20-08-2024 07:00,0
21,06-08-2024 12:00,2
8,15-10-2024 18:00,1
28,09-08-2024 11:00,2
5,04-07-2024 23:00,1
27,09-07-2024 19:00,2
5,17-09-2024 01:00,1
21,30-07-2024 16:00,2
13,22-04-2025 11:00,0
6,18-07-2024 13:00,1
5,31-05-2025 07:00,1
26,02-08-2024 20:00,2
7,05-09-2024 19:00,1
16,19-08-2024 08:00,0
10,12-07-2024 17:00,0
17,30-08-2024 20:00,0
1,01-07-2024 21:00,1
17,10-09-2024 19:00,0
26,13-09-2024 11:00,2
10,26-08-2024 09:00,0
1,06-08-2024 15:00,1
21,24-03-2025 11:00,2
1,05-11-2024 05:00,1
17,16-07-2024 05:00,0
8,08-07-2024 04:00,1
18,27-06-2024 06:00,0
18,16-08-2024 09:00,0
1,24-08-2024 01:00,1
6,04-07-2024 19:00,1
10,30-07-2024 10:00,0
3,10-07-2024 19:00,1
1,19-08-2024 04:00,1
10,24-08-2024 06:00,0
2,09-08-2024 11:00,1
9,28-08-2024 14:00,1
10,22-10-2024 23:00,0
5,05-11-2024 22:00,1
12,01-09-2024 02:00,0
22,26-06-2024 12:00,2
2,19-08-2024 05:00,1
17,06-07-2024 10:00,0
20,24-09-2024 14:00,2
4,11-08-2024 22:00,1
1,10-01-2025 07:00,1
7,13-09-2024 01:00,1
21,18-07-2024 02:00,2
5,05-09-2024 11:00,1
21,26-07-2024 20:00,2
12,26-06-2024 11:00,0
5,05-09-2024 12:00,1
25,13-10-2024 11:00,2
0,03-08-2024 11:00,1
17,04-09-2024 06:00,0
1,11-07-2024 10:00,1
17,28-06-2024 19:00,0
13,21-07-2024 15:00,0
8,12-08-2024 18:00,1
5,10-08-2024 00:00,1
17,28-08-2024 06:00,0
22,25-07-2024 19:00,2
17,04-07-2024 15:00,0
1,05-08-2024 12:00,1
5,11-07-2024 07:00,1
4,09-01-2026 18:00,1
17,31-07-2024 11:00,0
13,30-10-2025 04:00,0
2,20-07-2024 18:00,1
5,28-08-2024 17:00,1
21,16-07-2024 20:00,2
2,06-07-2024 09:00,1
2,14-07-2024 09:00,1
14,18-07-2024 07:00,0
9,07-06-2025 16:00,1
5,17-09-2024 23:00,1
13,09-07-2024 09:00,0
5,27-03-2025 09:00,1
21,15-09-2024 07:00,2
1,09-09-2024 08:00,1
5,01-08-2024 10:00,1
5,28-06-2024 04:00,1
8,21-08-2024 03:00,1
5,22-08-2024 16:00,1
4,19-07-2024 05:00,1
15,10-08-2024 05:00,0
1,18-07-2024 04:00,1
10,24-09-2025 21:00,0
13,08-09-2024 17:00,0
17,09-09-2025 15:00,0
3,22-07-2024 10:00,1
14,20-07-2024 03:00,0
5,15-08-2024 10:00,1
27,19-08-2024 02:00,2
25,24-08-2024 19:00,2
4,05-12-2024 16:00,1
28,08-12-2024 02:00,2
2,28-07-2024 03:00,1
25,07-08-2024 18:00,2
17,16-07-2024 14:00,0
8,15-07-2024 18:00,1
2,04-09-2024 05:00,1
2,27-08-2024 21:00,1
9,22-08-2024 07:00,1
2,29-07-2024 21:00,1
21,15-07-2024 16:00,2
13,11-08-2024 13:00,0
8,17-07-2024 19:00,1
21,08-09-2024 21:00,2
20,22-07-2024 08:00,2
10,17-08-2024 09:00,0
0,01-09-2024 21:00,1
16,17-07-2024 13:00,0
28,10-10-2025 13:00,2
21,02-09-2024 23:00,2
24,29-08-2025 18:00,2
2,31-07-2025 10:00,1
14,22-07-2024 00:00,0
1,07-08-2024 13:00,1
13,17-08-2025 15:00,0
8,03-07-2024 13:00,1
10,27-07-2024 14:00,0
21,21-08-2024 16:00,2
17,01-09-2024 14:00,0
17,31-08-2024 16:00,0
15,21-09-2024 20:00,0
21,04-08-2024 11:00,2
17,06-08-2024 23:00,0
5,31-08-2024 16:00,1
8,29-08-2024 19:00,1
5,03-09-2024 22:00,1
4,17-09-2024 07:00,1
17,20-07-2024 00:00,0
17,24-09-2024 07:00,0
2,19-07-2024 23:00,1
27,27-07-2024 22:00,2
21,19-08-2024 15:00,2
1,22-07-2024 21:00,1
12,07-01-2025 14:00,0
14,11-06-2025 07:00,0
28,16-08-2024 02:00,2
0,09-09-2024 06:00,1
5,13-11-2024 19:00,1
21,28-07-2024 18:00,2
15,27-07-2024 11:00,0
23,14-07-2024 14:00,2
13,04-08-2024 23:00,0
8,16-12-2024 10:00,1
8,11-12-2024 03:00,1
24,19-09-2024 05:00,2
13,05-07-2024 11:00,0
17,16-12-2025 06:00,0
12,15-09-2024 23:00,0
8,11-07-2024 05:00,1
5,11-08-2024 22:00,1
24,29-06-2024 20:00,2
22,30-08-2024 12:00,2
4,29-04-2025 02:00,1
2,21-09-2024 23:00,1
8,18-08-2024 15:00,1
0,11-08-2024 18:00,1
17,03-08-2024 01:00,0
1,16-10-2024 23:00,1
18,29-08-2024 21:00,0
15,02-08-2024 19:00,0
1,20-07-2024 11:00,1
4,21-08-2024 18:00,1
4,17-08-2024 11:00,1
9,15-08-2024 16:00,1
4,26-08-2024 04:00,1
2,19-07-2024 00:00,1
17,29-09-2024 15:00,0
2,21-09-2024 23:00,1
2,21-10-2024 16:00,1
5,21-07-2024 16:00,1
16,30-07-2024 22:00,0
18,30-08-2025 02:00,0
10,27-07-2024 00:00,0
28,23-06-2025 03:00,2
10,05-09-2024 20:00,0
10,08-07-2024 06:00,0
1,01-10-2024 18:00,1
4,02-09-2024 03:00,1
8,05-09-2024 13:00,1
5,27-09-2024 12:00,1
2,01-08-2024 07:00,1
13,30-09-2024 01:00,0
20,31-07-2024 05:00,2
13,21-08-2024 10:00,0
15,07-08-2024 19:00,0
13,28-09-2024 20:00,0
8,24-08-2024 06:00,1
11,09-03-2026 19:00,0
15,29-07-2024 03:00,0
5,18-08-2024 09:00,1
17,05-07-2024 06:00,0
17,29-09-2024 07:00,0
14,21-09-2024 13:00,0
25,16-08-2024 06:00,2
5,23-07-2024 12:00,1
13,06-07-2024 17:00,0
0,23-08-2024 16:00,1
9,08-08-2024 18:00,1
24,18-09-2024 05:00,2
3,09-08-2024 19:00,1
27,06-08-2024 22:00,2
2,03-09-2024 09:00,1
18,26-08-2025 06:00,0
17,22-07-2024 02:00,0
1,21-07-2024 16:00,1
4,04-10-2024 01:00,1
4,30-06-2026 21:00,1
15,14-07-2024 08:00,0
4,15-05-2026 14:00,1
5,20-03-2025 06:00,1
12,14-07-2024 00:00,0
17,04-11-2024 00:00,0
13,26-07-2024 20:00,0
25,25-12-2024 06:00,2
5,18-09-2024 09:00,1
20,22-08-2024 20:00,2
8,13-07-2024 17:00,1
24,24-09-2024 20:00,2
21,15-06-2025 06:00,2
5,31-07-2024 00:00,1
17,06-09-2024 15:00,0
5,09-08-2024 05:00,1
4,20-09-2024 17:00,1
17,15-07-2024 05:00,0
12,06-09-2024 19:00,0
5,31-07-2024 15:00,1
17,16-10-2024 21:00,0
4,13-09-2024 07:00,1
5,20-02-2025 04:00,1
5,05-09-2024 06:00,1
5,29-09-2024 17:00,1
20,30-10-2024 11:00,2
5,12-03-2025 00:00,1
6,01-03-2025 17:00,1
5,19-10-2025 22:00,1
13,31-08-2024 17:00,0
24,26-08-2024 02:00,2
11,16-11-2024 19:00,0
5,07-08-2024 00:00,1
2,13-09-2024 05:00,1
17,30-09-2024 06:00,0
5,22-07-2024 08:00,1
8,03-08-2024 15:00,1
2,27-07-2024 03:00,1
4,17-09-2024 04:00,1
4,08-09-2024 20:00,1
5,15-08-2024 18:00,1
9,15-08-2024 11:00,1
21,05-08-2024 12:00,2
5,18-07-2024 01:00,1
18,05-10-2024 15:00,0
17,07-08-2024 19:00,0
21,22-07-2024 10:00,2
24,01-01-2026 20:00,2
21,17-11-2025 13:00,2
21,19-08-2024 00:00,2
17,28-07-2024 21:00,0
4,08-05-2025 03:00,1
2,06-08-2024 03:00,1
2,29-09-2024 09:00,1
5,18-01-2026 14:00,1
24,10-08-2024 14:00,2
17,20-08-2024 05:00,0
13,28-08-2025 07:00,0
4,13-07-2024 04:00,1
17,10-09-2024 10:00,0
2,24-11-2024 20:00,1
18,02-08-2024 18:00,0
3,01-08-2024 19:00,1
17,21-08-2024 09:00,0
2,30-07-2024 17:00,1
6,28-09-2024 16:00,1
5,29-09-2024 03:00,1
13,03-10-2024 22:00,0
18,07-09-2024 22:00,0
5,22-08-2024 10:00,1
17,23-05-2026 05:00,0
2,30-07-2024 00:00,1
12,27-07-2024 20:00,0
0,09-09-2024 06:00,1
14,26-08-2024 13:00,0
13,24-07-2024 16:00,0
23,27-08-2024 04:00,2
5,03-09-2024 02:00,1
17,13-08-2024 04:00,0
9,17-09-2024 21:00,1
14,04-10-2024 00:00,0
13,18-08-2024 23:00,0
8,01-03-2025 04:00,1
5,02-08-2024 06:00,1
4,22-04-2026 22:00,1
2,08-09-2024 15:00,1
5,12-08-2024 20:00,1
17,13-12-2024 05:00,0
18,26-08-2024 12:00,0
24,28-09-2024 10:00,2
10,29-09-2024 11:00,0
5,25-07-2024 03:00,1
8,19-08-2024 22:00,1
4,07-10-2024 21:00,1
15,24-03-2026 05:00,0
4,18-07-2024 03:00,1
24,31-07-2024 20:00,2
5,16-09-2024 10:00,1
13,28-07-2024 01:00,0
5,10-10-2024 07:00,1
13,05-09-2024 15:00,0
2,17-08-2024 12:00,1
24,06-09-2024 22:00,2
7,23-07-2024 14:00,1
1,18-09-2024 19:00,1
9,30-08-2024 06:00,1
5,03-08-2024 12:00,1
17,02-08-2024 08:00,0
4,25-07-2024 03:00,1
1,04-08-2024 00:00,1
21,24-07-2024 04:00,2
20,03-09-2024 23:00,2
3,03-08-2024 18:00,1
7,07-08-2024 23:00,1
12,26-09-2025 22:00,0
21,28-07-2024 21:00,2
2,10-10-2024 21:00,1
28,12-08-2024 04:00,2
15,17-09-2024 19:00,0
4,03-10-2024 14:00,1
12,16-08-2024 00:00,0
5,09-08-2024 16:00,1
2,04-08-2024 15:00,1
2,25-09-2024 08:00,1
10,23-08-2024 01:00,0
7,04-02-2025 17:00,1
2,26-07-2024 21:00,1
5,27-09-2024 02:00,1
21,08-08-2024 06:00,2
13,01-08-2024 16:00,0
0,17-10-2024 07:00,1
4,06-08-2024 19:00,1
1,18-09-2024 04:00,1
21,08-10-2024 13:00,2
13,19-08-2024 13:00,0
8,15-08-2024 13:00,1
5,13-11-2024 13:00,1
15,03-10-2024 09:00,0
0,28-08-2024 10:00,1
13,15-12-2024 13:00,0
17,26-08-2024 02:00,0
17,17-08-2024 15:00,0
5,21-07-2024 18:00,1
0,09-09-2024 13:00,1
2,12-08-2024 01:00,1
15,22-09-2024 20:00,0
1,20-04-2025 06:00,1
2,01-11-2025 15:00,1
8,31-12-2024 23:00,1
13,12-08-2024 18:00,0
14,14-02-2025 00:00,0
0,06-09-2024 03:00,1
13,27-09-2024 15:00,0
20,18-08-2024 13:00,2
8,27-07-2024 14:00,1
25,09-08-2024 08:00,2
5,10-09-2024 03:00,1
26,14-09-2024 18:00,2
10,08-08-2024 00:00,0
2,07-10-2024 20:00,1
17,11-07-2025 12:00,0
11,16-08-2024 17:00,0
4,07-09-2024 15:00,1
2,20-09-2024 17:00,1
19,19-09-2024 10:00,2
17,14-08-2024 11:00,0
21,08-10-2024 23:00,2
22,21-08-2024 10:00,2
24,17-08-2024 05:00,2
5,27-08-2024 01:00,1
14,16-09-2024 15:00,0
8,13-09-2024 11:00,1
23,26-08-2024 19:00,2
24,06-09-2024 07:00,2
5,20-08-2024 19:00,1
28,24-12-2024 10:00,2
10,31-07-2024 23:00,0
12,13-09-2024 09:00,0
4,06-09-2024 01:00,1
8,17-10-2024 05:00,1
25,02-08-2024 14:00,2
7,12-01-2025 10:00,1
12,14-09-2024 04:00,0
25,04-08-2024 18:00,2
28,17-09-2024 17:00,2
2,04-08-2024 20:00,1
2,28-08-2024 02:00,1
13,30-09-2024 21:00,0
2,11-10-2024 08:00,1
8,19-08-2024 03:00,1
17,03-10-2024 18:00,0
2,22-10-2024 21:00,1
8,27-01-2026 10:00,1
5,15-09-2024 22:00,1
5,08-09-2024 21:00,1
4,26-09-2024 11:00,1
27,11-12-2024 11:00,2
4,22-10-2024 17:00,1
17,24-08-2024 17:00,0
13,17-10-2024 16:00,0
27,07-08-2024 12:00,2
7,14-08-2024 18:00,1
5,22-08-2024 05:00,1
20,01-10-2024 17:00,2
2,04-10-2024 01:00,1
28,12-09-2024 12:00,2
21,07-09-2024 14:00,2
10,11-09-2024 10:00,0
25,07-04-2025 20:00,2
13,12-08-2024 01:00,0
5,09-10-2024 04:00,1
5,20-09-2024 08:00,1
9,07-09-2024 08:00,1
14,25-10-2024 18:00,0
12,25-09-2024 19:00,0
7,22-10-2024 09:00,1
8,26-08-2024 12:00,1
13,17-09-2024 18:00,0
13,21-05-2025 17:00,0
17,04-08-2024 10:00,0
1,08-10-2024 08:00,1
5,21-10-2024 17:00,1
17,21-07-2026 16:00,0
2,20-08-2024 10:00,1
5,17-10-2024 08:00,1
21,06-09-2024 08:00,2
17,20-09-2024 19:00,0
11,11-09-2024 00:00,0
10,26-01-2025 05:00,0
8,10-10-2024 08:00,1
18,12-12-2024 14:00,0
0,08-08-2024 21:00,1
0,20-10-2024 14:00,1
2,02-10-2024 14:00,1
14,07-10-2024 05:00,0
13,20-10-2024 16:00,0
0,20-10-2024 00:00,1
25,25-10-2024 12:00,2
4,12-10-2024 01:00,1
13,23-11-2024 00:00,0
5,02-09-2024 02:00,1
5,31-08-2024 16:00,1
17,26-08-2024 23:00,0
5,24-01-2025 08:00,1
17,20-08-2024 05:00,0
12,07-06-2025 08:00,0
20,05-09-2024 04:00,2
2,03-09-2024 04:00,1
14,27-08-2024 22:00,0
5,29-11-2024 09:00,1
17,16-08-2024 19:00,0
13,22-08-2024 17:00,0
5,28-09-2024 17:00,1
